id,lat,lng,fast,overhead,sv,combined,has_sv,reason
R00000,37.104423,-122.104624,3,-1,5,5,True,"A wood distribution pole with crossarm is visible on the right, with conductors running along the road and across it. Tall redwoods and dense tree crowns on the right stand at or above conductor height and appear to be touching/overhanging the lines, well within the 4 ft envelope, plus significant fall-in risk."
R00001,37.104650,-122.102403,0,-1,0,0,True,"No overhead distribution conductors are visible in this image. The scene shows a residential driveway with dense vegetation, trees, and landscaping, but no wooden poles, crossarms, or uninsulated conductors are present. This appears to be a private property area rather than a utility corridor."
R00002,37.104763,-122.141453,3,-1,4,4,True,"Overhead distribution conductors are visible running along the right side of the road, supported by a wood pole. Tall conifer trees on both sides reach at or above conductor height, with crowns directly beside and above the line within the recommended clearance envelope. Nearest vegetation is AT/ABOVE conductor height, within roughly 5-10 ft."
R00003,37.104867,-122.115623,0,-1,0,0,True,"No overhead electric distribution conductors are visible in this image. The view shows a narrow forest road lined with tall redwood and other trees, with dense understory vegetation, but no utility poles, crossarms, or power lines of any kind are present."
R00004,37.104876,-122.105197,2,-1,2,2,True,"Overhead distribution conductors are visible on wooden poles along both sides of the road. The nearest vegetation (tall conifer and deciduous trees) is BELOW to AT conductor height and located approximately 15-25 feet away from the line corridor. Trees are present in the landscape but outside the immediate clearance envelope, with no vegetation touching or overhanging the conductors and no tree crowns directly adjacent at conductor height that would present immediate violation-level risk."
R00005,37.104889,-122.115059,0,-1,0,0,True,"No overhead distribution conductors are visible in this image. The scene shows a paved path through a dense forest with tall trees, undergrowth, and vegetation, but no electrical lines, poles, or crossarms are present in the view."
R00006,37.104889,-122.114497,0,-1,0,0,True,"No overhead distribution conductors are visible in this image. The scene shows a winding road through a dense redwood forest with tall trees on both sides, but no utility poles, crossarms, or overhead lines are present in the frame."
R00007,37.104894,-122.113930,0,-1,0,0,True,"No overhead electric distribution conductors are visible in this image. The scene shows a residential driveway in a forested area with tall redwood/conifer trees, wooden structures, and dense understory vegetation, but no utility poles, crossarms, or uninsulated conductors are present."
R00008,37.104910,-122.116232,0,-1,0,0,True,"No overhead distribution conductors are visible in this image. The scene shows a residential driveway/road in a heavily forested area with dense vegetation on both sides, but no wooden poles, crossarms, or uninsulated conductors are evident. The overhead lines visible appear to be service drops or telecom lines only, not distribution infrastructure requiring CPUC clearance compliance."
R00009,37.104973,-122.116801,4,-1,5,5,True,"Distribution conductors are visible on the wood pole with crossarm center-right. The corridor is surrounded by tall redwoods and dense evergreens far exceeding conductor height, with tree crowns and branches at and above the line and vegetation immediately beside/overhanging the conductors within a few feet."
R00010,37.105013,-122.101501,0,-1,0,0,True,"No overhead distribution conductors are visible in this image. The view shows a heavily vegetated roadside with dense tree canopy and undergrowth, but no power lines, poles, or conductors can be identified."
R00011,37.105026,-122.113360,0,-1,0,0,True,"No overhead distribution conductors are visible in this image. The scene shows a rural road in a forested area with a wooden shelter structure on the left, tall trees on both sides, and dense vegetation, but no power lines or utility poles with distribution conductors are present."
R00012,37.105029,-122.110872,4,-1,4,4,True,"Multiple overhead conductors crossing the frame diagonally. Tall trees (redwoods/deciduous) directly beside and above the lines, with crowns at or above conductor height within a few feet, and dense vegetation growing up toward the corridor. Nearest tree canopy is AT/ABOVE conductor height, roughly within the 12 ft recommended envelope."
R00013,37.105175,-122.141949,3,-1,4,4,True,"Overhead distribution conductors are visible crossing the frame from upper left toward the right side. On the right, tall trees and tree crowns appear at or above conductor height directly beside the line, entering the recommended clearance envelope. Fog obscures exact distances but vegetation on the right is AT conductor height and close."
R00014,37.105244,-122.110296,3,-1,5,5,True,"Overhead conductors are faintly visible running diagonally across the upper portion of the image. Dense tree foliage is directly overhanging and touching the line, well within the 4 ft violation threshold. Vegetation is AT and ABOVE conductor height immediately adjacent."
R00015,37.105251,-122.112866,4,-1,5,5,True,"Overhead distribution conductors are visible running from the pole (center-left with crossarm) across the corridor. The area is densely forested with tall redwoods and other trees whose crowns are AT or ABOVE conductor height, and vegetation appears immediately adjacent to and overhanging the lines within a few feet, indicating violation-level encroachment."
R00016,37.105295,-122.106274,5,-1,4,4,True,"Overhead conductors are visible crossing the top of the image. Dense tall trees, including redwoods and deciduous crowns, extend well ABOVE the conductor height directly beside and around the line, with foliage within the recommended 12 ft envelope. Tall trees pose fall-in risk."
R00017,37.105304,-122.105398,4,-1,5,5,True,"An overhead conductor is visible running diagonally across the frame from upper left toward the pole. Dense redwood and mixed forest crowd both sides of the corridor with tall trees well above conductor height, and vegetation appears to be touching/overhanging the line on the left side, indicating violation-level clearance."
R00018,37.105363,-122.111499,0,-1,0,0,True,"No overhead distribution conductors are visible in this image. The view shows a narrow, heavily vegetated road corridor with dense tree canopy and vegetation on both sides, but no utility poles, crossarms, or uninsulated conductors are discernible."
R00019,37.105485,-122.112360,4,-1,5,5,True,"Overhead distribution conductors are visible crossing the upper portion of the image. Dense tree crowns and redwoods are at and above conductor height directly beside and overhanging the lines, with vegetation appearing to touch or come within a few feet of the conductors - violation-level clearance."
R00020,37.105562,-122.109484,0,-1,0,0,True,"No overhead distribution conductors are visible in this image. The scene shows a rural road lined with trees and dense vegetation, but no power poles, crossarms, or uninsulated conductors can be identified."
R00021,37.105618,-122.108859,0,-1,0,0,True,"No overhead distribution conductors are visible in this image. The image shows a tree-lined road in a forested area with tall redwood or conifer trees, but no utility poles, crossarms, or uninsulated conductors are apparent."
R00022,37.105620,-122.142413,4,-1,5,5,True,"Multiple overhead distribution conductors cross the foggy scene from upper left toward the right side. Trees on the left are at or above conductor height and their crowns/branches appear to intermingle with or touch the lines, indicating vegetation within violation-level clearance."
R00023,37.105639,-122.106838,2,-1,2,2,True,"Overhead distribution conductors are visible on the wood pole on the left side of the image. Dense ivy and climbing vegetation covers the lower portion of the pole and extends along the roadside, but the nearest vegetation (ivy and low understory) is BELOW conductor height. Taller tree canopies are visible in the background above the line but are set back from the immediate corridor. The dense ivy coverage presents long-term maintenance concerns, but current vegetation near the active conductor is below line height and outside the critical clearance zone."
R00024,37.105753,-122.105723,4,-1,5,5,True,"Overhead distribution conductors are visible running along the left side of the road (upper left diagonal spans and along the corridor). Dense tall trees and heavy foliage on both sides are AT or ABOVE conductor height and appear to be touching/overhanging the lines, well within the 4 ft envelope."
R00025,37.105889,-122.111098,3,-1,5,5,True,"Overhead conductors are visible crossing the upper portion of the image from left to right. Tall trees and dense vegetation on the right side reach at or above the conductor height, with foliage appearing to overhang and directly contact the line — a violation-level condition. Nearest vegetation is AT/ABOVE conductor height and touching."
R00026,37.106047,-122.108599,0,-1,0,0,True,"No overhead distribution conductors are visible in this image. The scene shows a narrow forest road lined with tall trees, vegetation, and rocky outcrops on the right side, but no utility poles, crossarms, or distribution lines are present."
R00027,37.106093,-122.103715,5,-1,5,5,True,"A distribution conductor runs diagonally across the upper portion of the image with a pole visible mid-frame. Dense tall trees and redwood crowns are immediately adjacent and above conductor height, with foliage appearing to touch/overhang the line — violation-level clearance."
R00028,37.106096,-122.104693,4,-1,5,5,True,"Overhead distribution conductors are visible on the left side of the image spanning across the road. Dense tall trees and foliage are directly at and above conductor height immediately adjacent to and overhanging the lines, well within the 4 ft clearance envelope - violation level."
R00029,37.106219,-122.110419,2,-1,2,2,True,"Overhead distribution conductors are visible running through the center of the image on wooden poles. The nearest vegetation consists of tall redwood and conifer trees flanking both sides of the corridor. Tree crowns are ABOVE conductor height, but the trees are positioned outside the immediate corridor and appear to be below the conductor elevation at their closest approach to the line. The vegetation is well-spaced from the conductors, roughly 15-20+ feet away, and does not encroach into the 4-12 ft clearance envelope. While tall trees present a potential fall-in risk if they were to fail, they are currently outside the violation and recommended clearance zones."
R00030,37.106245,-122.142665,4,-1,4,4,True,"Overhead distribution conductors are visible running from the wood pole on the right along the road corridor. Dense trees and vegetation flank both sides, with tree crowns at or above conductor height directly beside the line within the recommended 12 ft envelope."
R00031,37.106263,-122.107267,4,-1,4,4,True,"A single overhead conductor spans horizontally across the upper portion of the image. Tall redwoods and other trees on both sides rise well ABOVE conductor height directly beside the line, and dense foliage/branches appear within the recommended clearance envelope near the wire, though nothing clearly touches it."
R00032,37.106339,-122.108201,0,-1,0,0,True,"No overhead distribution conductors are visible in this image. The view shows a tree-lined rural road with dense vegetation on both sides, but no utility poles, crossarms, or conductors are present in the frame."
R00033,37.106357,-122.106095,3,-1,4,4,True,"Overhead conductors are visible crossing the scene diagonally from upper left toward the right. Tall redwoods and dense tree crowns are at or above conductor height directly adjacent to the line span, with foliage very close to the wires. Nearest vegetation appears AT/ABOVE conductor height within the recommended clearance envelope."
R00034,37.106371,-122.109914,0,-1,0,0,True,"No overhead electric distribution conductors are visible in this image. The scene shows a residential driveway lined with tall redwood and other trees, but no utility poles, crossarms, or uninsulated conductors are apparent. While dense vegetation is present, there are no distribution lines to assess for clearance violations."
R00035,37.106624,-122.109046,4,-1,4,4,True,"A wood pole with distribution conductors is visible left-center running toward the tree line. Tall redwoods and conifers stand directly behind/beside the line at heights well ABOVE conductor level, within falling distance and close to the corridor, placing crowns at/above conductor height beside the line."
R00036,37.106663,-122.106753,4,-1,5,5,True,"Distribution conductors are visible spanning the road from the pole on the left, with wires running through and past dense redwood/tree foliage. Tall trees are well ABOVE conductor height and directly adjacent, with crowns overhanging the line span, indicating touching/overhanging vegetation and severe fall-in risk."
R00037,37.106681,-122.105539,0,-1,0,0,True,"No overhead distribution conductors are visible in this image. The view shows a tree-lined road in the Santa Cruz Mountains with dense vegetation on both sides, but no utility poles, crossarms, or uninsulated conductors are apparent."
R00038,37.106765,-122.142894,3,-1,4,4,True,"Overhead distribution conductors are clearly visible running across the upper-left of the frame and along the road corridor to a pole in the distance. Tall trees (conifers and mixed hardwoods) on both sides reach at/above conductor height. The large conifer on the left and dense tree crowns on the right are at or above line height and close to the corridor, within the recommended 12 ft envelope and posing fall-in risk."
R00039,37.106808,-122.104941,0,-1,0,0,True,"No overhead distribution conductors are visible in this image. The view shows tall redwood and conifer trees in a residential/forest setting with structures and vegetation, but no power lines or utility infrastructure are apparent in the frame."
R00040,37.106865,-122.109616,0,-1,0,0,True,"No overhead distribution conductors are visible in this image. The view shows a fenced recreational area with dense forest/tree coverage in the background, but no utility poles, crossarms, or uninsulated conductors are present in the frame."
R00041,37.107022,-122.107109,3,-1,4,4,True,"A single overhead conductor is visible running diagonally across the upper-left of the image. Tall redwood trees and dense tree crowns are directly adjacent to and above the conductor line, well above conductor height and within the recommended clearance envelope, indicating significant fall-in and encroachment risk."
R00042,37.107046,-122.108533,2,-1,2,2,True,"Distribution conductors are visible on the wood pole on the left side of the image. Vegetation (trees and shrubs) is present near the line corridor, but the nearest trees are below conductor height and appear to be 15-20+ feet away from the line. No immediate violation-level clearance issues visible, but tall trees exist in the general area that could pose fall-in risk if not maintained."
R00043,37.107140,-122.143119,3,-1,3,3,True,"Overhead distribution conductors are clearly visible crossing the sky from upper right toward a pole down the road. Tall trees (including a conifer near the pole and roadside trees) are at or above conductor height within falling distance, though nearest vegetation in the immediate span appears somewhat below and to the side. Trees taller than the line pose fall-in risk."
R00044,37.107370,-122.108950,0,-1,0,0,True,"No overhead distribution conductors are visible in this image. The photo shows a residential property at night with landscape lighting strung between posts on the property itself, but no utility poles, crossarms, or distribution lines are present in the frame."
R00045,37.107427,-122.107878,3,-1,4,4,True,"Overhead distribution conductors are visible spanning left-to-right from the wood pole with crossarm on the left. Tall redwoods and dense tree crowns rise well ABOVE conductor height directly beside and behind the line; foliage appears within the recommended 12 ft envelope, with the tallest trees posing fall-in risk."
R00046,37.107507,-122.143641,4,-1,4,4,True,"A wood pole with crossarm and multiple uninsulated distribution conductors is visible crossing the foggy scene. Tall trees on the left side reach to or above conductor height, with crowns directly beside the line spans within the recommended 12 ft envelope, and taller trees pose fall-in risk."
R00047,37.107594,-122.112152,0,-1,0,0,True,"No overhead electric distribution conductors are visible in this image. The view shows a forested road corridor with tall trees lining both sides, but no wood poles, crossarms, or uninsulated conductors are present in the scene."
R00048,37.107651,-122.110418,3,-1,5,5,True,"Overhead distribution conductors are visible spanning across the image with a pole on the right. Tall redwoods and conifers are directly adjacent to and overhanging the conductor lines, with tree crowns well ABOVE conductor height and foliage touching or within a few feet of the lines - violation-level clearance and severe fall-in risk."
R00049,37.107718,-122.109534,4,-1,4,4,True,"A utility pole is visible mid-frame on the right side of the road with possible distribution conductors running along the corridor. Dense tall trees (redwoods and hardwoods) surround the pole, with tree crowns at and above conductor height directly adjacent to the line, placing vegetation within the recommended envelope and at fall-in risk."
R00050,37.107731,-122.112817,4,-1,5,5,True,"Overhead conductors are visible running along the left side and crossing the road (dark cables at upper left). Dense tall redwood and mixed forest crowns are immediately adjacent and above the line, with foliage effectively touching/overhanging the conductors—well within the 4 ft envelope."
R00051,37.107764,-122.111499,4,-1,4,4,True,"Overhead distribution conductors are visible spanning from the wood pole on the left across the road. Tall conifer trees stand directly beside and along the conductor line, with crowns at or above conductor height within close proximity (well inside the 12 ft envelope), posing overhang and fall-in risk."
R00052,37.107783,-122.108234,3,-1,4,4,True,"Overhead distribution conductors are visible crossing and running along the road, supported by poles near the roadside. Tall redwoods flank both sides of the corridor with crowns well ABOVE conductor height, and dense vegetation is directly adjacent to the lines within the recommended 12 ft envelope. Nearest tree canopy appears at/above conductor height within a few feet on both sides."
R00053,37.107822,-122.108788,2,-1,2,2,True,"Overhead distribution conductors are visible on the wooden pole on the left side of the image. Nearby vegetation (trees and shrubs) is predominantly BELOW conductor height. The tree crowns on both sides of the road are at or near the conductor level but are positioned outside the immediate corridor envelope, approximately 15-20+ feet away horizontally. While there is dense tree coverage in the area, the nearest vegetation does not appear to encroach within the 12 ft recommended clearance zone or violate the 4 ft minimum HFTD standard at this view."
R00054,37.107877,-122.107430,4,-1,5,5,True,"Overhead distribution conductors span across the image from left to right. Tall redwood and conifer trees crowd the corridor on both sides, with foliage at conductor height directly beside and appearing to overhang the lines, especially on the left and center. Vegetation is AT conductor height and within touching distance, indicating a violation-level clearance issue."
R00055,37.107902,-122.144275,4,-1,4,4,True,"Overhead distribution conductors are visible crossing the upper portion of the image. Tall trees (foggy conifers) stand directly beside and at/above conductor height along the roadside, well within the 12 ft recommended envelope and posing fall-in risk. Nearest tree crowns appear AT or ABOVE conductor height, only a few feet from the line."
R00056,37.107924,-122.105667,3,-1,5,5,True,"A wood distribution pole with equipment is visible center-frame, with conductors running through a dense stand of tall redwoods. Tree crowns and foliage are at and well above conductor height, with vegetation directly touching/overhanging the lines. Numerous trees taller than the line pose severe fall-in risk. Violation-level clearance."
R00057,37.107968,-122.113562,0,-1,0,0,True,"No overhead distribution conductors are visible in this image. The road curves through a dense forest with tall trees on both sides, but no utility poles, crossarms, or uninsulated conductors are present in the viewable corridor."
R00058,37.108094,-122.109786,2,-1,2,2,True,"Overhead distribution conductors are visible along the upper left portion of the image. The nearest tall vegetation (conifer trees) is positioned below and slightly away from conductor height, approximately 15-20 ft distant from the line. Trees are in the vicinity of the corridor but their crowns are below the conductor level, and they are outside the immediate 4-12 ft clearance envelope. No vegetation is touching or overhanging the line."
R00059,37.108236,-122.144925,0,-1,0,0,True,"No overhead distribution conductors are visible in this image. Heavy fog and mist obscure most details, and while tall trees line both sides of the road, no power lines or poles can be clearly identified. The image shows only a fog-shrouded mountain road with vegetation on the hillside."
R00060,37.108240,-122.106098,0,-1,0,0,True,"No overhead distribution conductors are visible in this image. The scene shows a residential driveway lined with tall redwood trees, understory vegetation, and ornamental fencing, but no power lines, wood poles, or distribution infrastructure are present in the viewable area."
R00061,37.108299,-122.107014,3,-1,5,5,True,"A single overhead conductor crosses the upper portion of the image, running diagonally into the dense tree canopy on the right. Tall trees and crowns are AT and ABOVE conductor height directly adjacent to and overhanging the line, well within the 4 ft violation threshold."
R00062,37.108308,-122.108096,3,-1,5,5,True,"Distribution conductors are visible spanning the scene from the pole at right across the road. Large trees and dense tree crowns (redwoods/conifers) are at and above conductor height directly beside and overhanging the lines, with foliage appearing to contact/overhang the conductors on the right side and center."
R00063,37.108382,-122.114163,5,-1,5,5,True,"Overhead distribution conductors are visible crossing the scene, strung along the road corridor and running toward the right into tall redwoods. The conductors pass directly beside and through the crowns of very tall redwood trees that far exceed conductor height, with foliage at/above the line and within touching distance on the right side. Nearest vegetation is ABOVE conductor height and immediately adjacent, indicating violation-level encroachment and severe fall-in risk."
R00064,37.108581,-122.109862,4,-1,5,5,True,"Distribution conductors are visible on the wood pole with crossarms at left. Tall redwoods and dense trees on both sides tower well ABOVE conductor height; foliage on the left appears to be touching or within a few feet of the lines running down the corridor, indicating violation-level intrusion."
R00065,37.108818,-122.114578,4,-1,5,5,True,"A wood distribution pole is visible on the left with conductors spanning across the road. Dense trees and foliage on the left are at/above conductor height and directly touching or overhanging the lines, within violation-level clearance."
R00066,37.108853,-122.106945,0,-1,0,0,True,"No overhead distribution conductors are visible in this image. The scene shows a wooded area with tall redwood trees, a small house, and dense understory vegetation, but no electric utility poles, crossarms, or uninsulated conductors are present."
R00067,37.109013,-122.107648,4,-1,5,5,True,"Overhead distribution conductors are clearly visible spanning horizontally across the upper portion of the image. A tall central tree crown reaches up to and appears to touch/overhang the conductors, and tall redwoods flank the corridor at/above line height. Nearest vegetation is AT or ABOVE conductor height and within ~0-4 ft, indicating a violation-level clearance issue plus significant fall-in risk."
R00068,37.109038,-122.109936,3,-1,4,4,True,"Overhead conductors are visible as diagonal lines crossing the upper-left sky. Tall redwoods and dense evergreen vegetation on the left are at or above conductor height and directly beside the line span, within the recommended clearance envelope."
R00069,37.109438,-122.114799,3,-1,5,5,True,"An overhead distribution conductor is visible running from the upper right across the road corridor. Tall redwoods and dense vegetation on the right are at or above conductor height and appear to overhang/contact the line, indicating violation-level clearance."
R00070,37.109486,-122.110014,3,-1,5,5,True,"Overhead distribution conductors are visible crossing the upper-left of the frame and running along the left side of the road on wood poles. Tall trees and dense vegetation are AT and ABOVE conductor height directly adjacent to and overhanging the lines, appearing to touch or be well within ~4 ft, a violation-level condition."
R00071,37.109883,-122.114649,3,-1,5,5,True,"Overhead distribution conductors are visible crossing and running along the right side of the road, with a pole near center-right. Dense tree foliage on the right is at conductor height and vegetation appears to be touching/overhanging the lines (within ~4 ft), indicating a violation-level condition. Tall redwoods also exceed line height within falling distance."
R00072,37.109931,-122.110072,4,-1,5,5,True,"A distribution pole with crossarm is visible center-left, with conductors running left across the frame. Tall redwoods and dense tree crowns are at/above conductor height directly adjacent to and overhanging the line span, well within the 4 ft clearance envelope."
R00073,37.110038,-122.102388,0,-1,0,0,True,"No overhead distribution conductors are visible in this image. The image shows a utility pole with a light fixture in a forested area with scattered dead and live trees, but no electrical conductors are discernible."
R00074,37.110318,-122.114505,4,-1,5,5,True,"Overhead distribution conductors are visible spanning from a pole on the left side of the road. Dense tall trees and vegetation on the left are at and above conductor height, with foliage directly touching/overhanging the lines near the pole, indicating violation-level clearance."
R00075,37.110747,-122.114354,4,-1,5,5,True,"Overhead distribution conductors are visible crossing the road diagonally on the right side. Tall redwoods and dense tree crowns are directly adjacent and above the conductor height, with foliage touching/overhanging the lines within a few feet, indicating a violation-level clearance issue."
R00076,37.111219,-122.114332,4,-1,5,5,True,"Distribution conductors are visible on the wood pole at left with crossarm and transformer, running along the road. Dense tall trees and foliage are immediately adjacent and overhanging the conductors, with tree crowns well above conductor height and vegetation touching/within a few feet of the lines."
R00077,37.111720,-122.114401,4,-1,5,5,True,"Overhead distribution conductors are visible spanning the road on wood poles. Tall redwoods and dense tree crowns are directly adjacent and above conductor height, with foliage appearing to touch/overhang the lines on both sides of the corridor."
R00078,37.112134,-122.114642,3,-1,5,5,True,"Overhead distribution conductors are visible running along the road from the wood pole with crossarm on the left. Tall redwoods and dense tree crowns flank the corridor well ABOVE conductor height, with foliage directly overhanging and touching the lines. Nearest vegetation is at/above line height and within touching distance, indicating a violation-level condition."
R00079,37.112588,-122.114434,0,-1,0,0,True,"No overhead distribution conductors are visible in this image. What is visible are service lines and/or utility equipment near the residence, but no primary distribution lines with uninsulated conductors on crossarms are present in the frame."
R00080,37.112631,-122.115106,0,-1,0,0,True,"No overhead distribution conductors are visible in this image. The road is lined with tall redwood and conifer trees in a heavily forested mountain setting, but no utility poles, crossarms, or uninsulated conductors are evident in the view."
R00081,37.112816,-122.113498,3,-1,4,4,True,"Overhead distribution conductors are visible running across the scene from a pole at center-left. Tall redwoods and dense conifers surround the corridor, with tree crowns at and above conductor height directly beside and behind the line, well within the 12 ft envelope and posing fall-in risk."
R00082,37.112876,-122.112432,0,-1,0,0,True,"No overhead distribution conductors are visible in this image. The scene shows a residential driveway with a white house, surrounding tall trees, and forest vegetation, but no poles, crossarms, or uninsulated conductors characteristic of distribution lines are present."
R00083,37.112878,-122.115581,4,-1,5,5,True,"Overhead distribution conductors are visible running along the road on wood poles with crossarms (right side). Tall redwoods and dense tree crowns are directly beside and overhanging the conductors, with vegetation at/above conductor height within a few feet, indicating violation-level encroachment."
R00084,37.112952,-122.116158,3,-1,4,4,True,"Faint overhead conductors and a pole are visible in the mid-distance along the road corridor near the center of the image. The corridor is flanked by tall redwoods and mixed conifers whose crowns are well above conductor height and directly beside/over the line. Nearest dense vegetation appears AT/ABOVE conductor height within the recommended envelope, though the exact clearance is hard to judge due to distance and lighting."
R00085,37.113070,-122.116714,0,-1,0,0,True,"No overhead electric distribution lines are visible in this image. The image shows a narrow mountain road with dense vegetation on the left side (ivy-covered hillside) and tall conifer trees in the background, but no visible wood poles, crossarms, or uninsulated conductors characteristic of distribution infrastructure."
R00086,37.113096,-122.117281,0,-1,0,0,True,"No overhead distribution lines are visible in this image. The image shows a mountain road with dense forest on both sides, construction equipment and trucks, but no utility poles or conductors are apparent in the view."
R00087,37.113180,-122.117827,3,-1,5,5,True,"Overhead distribution conductors are visible running along the left side of the road on a wood pole. Tall redwoods and conifers grow immediately adjacent to and above the conductors, with foliage overhanging and within a few feet of the lines, indicating violation-level encroachment."
R00088,37.113421,-122.112317,3,-1,5,5,True,"Overhead distribution conductors are visible crossing the scene, supported by a pole mid-image. Dense tall trees (redwoods and deciduous) surround the corridor with crowns at and above conductor height, and vegetation on the left appears to be touching or overhanging the lines within a few feet."
R00089,37.113591,-122.118407,2,-1,2,2,True,"Distribution conductors are visible on a wood pole on the left side of the road. The nearest vegetation consists of tall trees with crowns well above conductor height and dense understory/mid-story vegetation below conductor height. The trees are within falling distance of the line but their crowns are significantly above the conductor level. Low to mid-story vegetation is 15-20+ feet away from the pole horizontally, outside the immediate clearance envelope. The main concern is the presence of tall trees whose crowns exceed the line height, but they are not immediately overhanging and vegetation below conductor height maintains reasonable distance."
R00090,37.113632,-122.112833,0,-1,0,0,True,"No overhead distribution conductors are visible in this image. The road is lined with dense vegetation and tall trees on both sides, but no electric utility poles, crossarms, or conductors can be identified. Only service infrastructure (if any) or natural tree canopy are present along this forested road corridor."
R00091,37.114005,-122.118439,4,-1,5,5,True,"A wood distribution pole with crossarm and multiple conductors is visible center-right. Tall trees and dense vegetation surround the corridor, with tree crowns clearly above conductor height directly beside the line and foliage appearing to touch/overhang the conductors on both sides. Nearest vegetation is ABOVE conductor height and within a few feet, indicating violation-level encroachment."
R00092,37.114007,-122.099254,0,-1,0,0,True,"No overhead distribution conductors are visible in this image. The scene shows a driveway lined with tall redwood and conifer trees, a metal rail fence, and understory vegetation, but no utility poles, crossarms, or uninsulated conductors are present in the frame."
R00093,37.114022,-122.099810,0,-1,0,0,True,"No overhead distribution conductors are visible in this image. The scene shows a rural driveway with trees lining both sides, fencing, and forest in the background, but no power lines or distribution infrastructure are present."
R00094,37.114051,-122.113394,2,-1,2,2,True,"Overhead distribution conductors and wood poles are visible on the left side of the road. Vegetation near the corridor includes trees and shrubs, mostly below or at conductor height. No vegetation is touching or significantly overhanging the lines. Trees are present in the general area but are outside the immediate 4-12 ft clearance envelope, and the nearest vegetation appears to be at least 8-15 ft away from the conductors."
R00095,37.114054,-122.100376,0,-1,0,0,True,"No overhead distribution conductors are visible in this image. The scene shows a rural unpaved road with dense vegetation including large trees on both sides, but no power lines, poles, or distribution infrastructure are evident."
R00096,37.114275,-122.103255,4,-1,5,5,True,"Overhead distribution conductors are visible crossing the frame diagonally against the sky. Large tree crowns on both left and right are AT or ABOVE conductor height and appear to be directly overhanging/touching the line, with foliage within a few feet, indicating a violation-level condition."
R00097,37.114456,-122.118523,3,-1,4,4,True,"Overhead conductors are faintly visible spanning across the upper left of the image between poles. The corridor is heavily forested with tall redwoods and dense tree crowns directly beside and above the line, well within the 12 ft envelope and at/above conductor height."
R00098,37.114503,-122.113917,3,-1,5,5,True,"Distribution conductors are visible on the wood pole at left with transformer and crossarm, running along the road. Trees and dense vegetation on the left extend up to and above conductor height, with foliage appearing to touch/overhang the lines. Nearest vegetation is AT/ABOVE conductor height and within a few feet."
R00099,37.114504,-122.100529,0,-1,0,0,True,"No overhead distribution conductors are visible in this image. The view shows a rural road lined with trees on both sides, but no wooden poles, crossarms, or uninsulated conductors are present. While there is vegetation (trees) along the roadside, without visible distribution infrastructure, this scores 0."
R00100,37.114593,-122.116011,4,-1,4,4,True,"Overhead distribution conductors are visible spanning across the image with a pole visible mid-frame. Tall redwoods and conifers on both sides reach at/above conductor height, with dense tree crowns directly beside the line within the recommended 12 ft envelope and posing fall-in risk."
R00101,37.114600,-122.102501,3,-1,4,4,True,"Distribution conductors are visible on the wood pole with crossarm, running left to right. Large oak tree crowns on the right and trees along the corridor are AT or ABOVE conductor height and appear within the recommended 12 ft envelope, with foliage close to the wires."
R00102,37.114709,-122.119208,0,-1,0,0,True,"No overhead distribution conductors are visible in this image. The scene shows a residential driveway with a wooden fence, tall redwood/conifer trees in the background, and low vegetation along the roadside, but no power lines or distribution infrastructure are present."
R00103,37.114775,-122.103057,2,-1,2,2,True,"Overhead distribution conductors are visible running across the top of the image. The nearest vegetation (deciduous and coniferous trees) is positioned below conductor height and outside the ~4 ft radial clearance envelope, at an estimated distance of 20+ feet from the line. Trees are distributed along the corridor but do not pose immediate clearance violations or fall-in risk to the conductors."
R00104,37.114809,-122.101927,0,-1,0,0,True,"No overhead distribution conductors are visible in this image. The scene shows a rural road lined with trees and low vegetation, but there are no visible wood poles, crossarms, or uninsulated conductors characteristic of electric distribution lines. Without conductors present, there is nothing to assess for vegetation clearance violations."
R00105,37.114916,-122.118559,0,-1,0,0,True,"No overhead distribution conductors are visible in this image. The image shows a residential driveway lined with tall redwood and fir trees in a forested setting, but no electrical distribution lines are present in the view."
R00106,37.114937,-122.100909,0,-1,0,0,True,"No overhead distribution conductors are visible in this image. The view shows a rural dirt/gravel road lined with trees and vegetation in the Santa Cruz Mountains, but no utility poles, crossarms, or electrical distribution lines are present in the frame."
R00107,37.115008,-122.114255,4,-1,4,4,True,"Overhead distribution conductors are visible spanning across the scene from the pole on the right. Tall trees, including a large conifer in the center and dense forest on both sides, reach at or above conductor height directly beside the line, with crowns within the recommended clearance envelope."
R00108,37.115093,-122.101446,0,-1,0,0,True,"No overhead distribution conductors are visible in this image. The scene shows a rural mountain road lined with dense vegetation including oak trees and other shrubs, but no wood poles, crossarms, or electrical lines are present."
R00109,37.115124,-122.119826,4,-1,4,4,True,"A distribution line is visible on the right side spanning across the road near the pole, at roughly conductor height. Tall trees and dense forest canopy on both sides reach at or above conductor height directly adjacent to the corridor, placing vegetation within the recommended clearance envelope and posing fall-in risk. Nearest vegetation is AT/ABOVE conductor height within a few feet."
R00110,37.115229,-122.115999,4,-1,4,4,True,"Overhead conductors are visible crossing the upper portion of the image. Dense shrubs/tree crowns on the left rise to approximately conductor height directly beside the line, and tall conifers on the right exceed conductor height within falling distance. Nearest vegetation is AT or near conductor height within a few feet, placing it within the recommended clearance envelope."
R00111,37.115332,-122.102741,4,-1,4,4,True,"Overhead distribution conductors are visible spanning across the road from upper left toward the right. On the right side, large redwood/cedar tree crowns are at or above conductor height and directly beside the line, well within the recommended 12 ft envelope. Tall trees also flank the corridor on the left."
R00112,37.115348,-122.115098,4,-1,5,5,True,"Overhead distribution conductors are visible running from the pole on the right across the frame. A tall tree crown in the center-left is at/above conductor height and its foliage appears to be touching/overhanging the lines, indicating a violation-level condition."
R00113,37.115363,-122.118540,4,-1,5,5,True,"Overhead distribution conductors are visible running from the wood pole with equipment box across the road. Dense trees and vegetation on both sides have crowns AT or ABOVE conductor height, with foliage appearing to touch/overhang the lines within a few feet, indicating violation-level clearance."
R00114,37.115677,-122.114609,4,-1,5,5,True,"Overhead conductors are visible crossing the frame (upper diagonal lines around the mid-upper portion). A large oak tree grows directly through and around the conductor path, with branches and foliage at and above conductor height touching/overhanging the lines. This is violation-level contact."
R00115,37.115746,-122.120286,4,-1,4,4,True,"Overhead distribution conductors are visible spanning across the upper-left portion of the image, supported by poles along the road. Tall redwoods and trees flank the corridor with crowns at or above conductor height directly beside the line, and vegetation appears within the recommended 12 ft envelope on the treeline side."
R00116,37.115784,-122.102813,4,-1,4,4,True,"Overhead distribution conductors are visible spanning from the pole on the right across the road. Tall trees on both sides reach at or above conductor height directly beside the line, with crowns near the wires (within ~12 ft envelope) posing fall-in and encroachment risk."
R00117,37.115839,-122.118490,3,-1,5,5,True,"A single overhead conductor is visible running diagonally across the upper left of the image. Large trees with foliage are directly at and above the conductor height, with branches overhanging and touching the line, indicating a violation-level clearance issue."
R00118,37.116214,-122.120153,0,-1,0,0,True,"No overhead distribution conductors or poles are visible in this image. The scene shows a residential driveway lined with dense vegetation and parked vehicles, but no electrical infrastructure that would indicate distribution lines."
R00119,37.116225,-122.114748,4,-1,5,5,True,"Overhead distribution conductors are visible crossing the scene, with a pole visible mid-image. Dense tall trees (redwoods, oaks) on both sides have crowns at and above conductor height, with foliage directly touching/overhanging the lines on the right side, indicating violation-level contact."
R00120,37.116231,-122.102903,4,-1,4,4,True,"Overhead distribution conductors are visible running diagonally across the upper portion of the image, supported by a pole on the right around mid-frame. Tall trees, including a prominent conifer near the pole and dense oak/mixed canopy on both sides, are at or above conductor height and directly beside the line, well within the 12 ft recommended envelope."
R00121,37.116250,-122.119590,4,-1,0,0,True,"No overhead distribution conductors, wood poles, or crossarms are clearly visible in this image. The scene shows a residential road lined with tall redwoods and mixed trees, but no distribution line corridor can be identified. Dense vegetation is present but nothing associated with visible conductors."
R00122,37.116283,-122.119020,0,-1,0,0,True,"No overhead electric distribution lines are visible in this image. The scene shows residential properties with tall redwood trees, but no utility poles, crossarms, or conductors that would constitute distribution infrastructure are present in the viewable area."
R00123,37.116637,-122.118734,0,-1,0,0,True,"No overhead distribution conductors are visible in this image. The view shows a residential property surrounded by tall redwood and other forest trees, with dense understory vegetation, but no power lines or utility poles with distribution conductors are present in the frame."
R00124,37.116654,-122.120423,3,-1,5,5,True,"Overhead distribution conductors are visible running along the right side of the road with a pole on the right, and a span crossing the upper-left of the image. Tall redwoods and dense tree canopy on the left are at/above conductor height and appear to directly intersect the overhead line running across the upper left, indicating vegetation touching/overhanging conductors."
R00125,37.116669,-122.103044,3,-1,4,4,True,"A wood distribution pole with crossarm and conductors is visible on the left, running along the road. Large oak tree crowns on the right side reach at or above conductor height, and redwood/tree foliage on the left is close to the lines, well within the 12 ft recommended envelope."
R00126,37.116750,-122.114553,3,-1,5,5,True,"Overhead distribution conductors are visible spanning across the top of the image. Dense tree crowns on the right are at/above conductor height and directly overhanging the line, with foliage appearing to touch or be within a few feet of the conductors."
R00127,37.117096,-122.119138,0,-1,0,0,True,"No overhead electric distribution conductors are visible in this image. The view shows a residential road lined with tall trees, wooden fences, and houses, but no utility poles, crossarms, or uninsulated conductors can be identified."
R00128,37.117128,-122.103140,0,-1,0,0,True,"No overhead electric distribution conductors are visible in this image. The scene shows a tree-lined mountain road with dense vegetation on both sides, but no utility poles, crossarms, or distribution lines are present in the view."
R00129,37.117153,-122.120489,2,-1,2,2,True,"Distribution conductors are visible on the wood pole in the center of the image. Multiple vegetation elements (trees and shrubs) are present near the corridor, but the nearest significant vegetation appears to be BELOW conductor height and positioned 15-25 feet away from the line. Trees in the background are taller than the line but positioned well beyond immediate falling distance. No vegetation is within the 4 ft radial clearance envelope or touching conductors. Compliance with clearance standards appears adequate for this section."
R00130,37.117255,-122.114846,4,-1,5,5,True,"Overhead distribution conductors run along the right side of the road and across the top of the frame. Dense tall trees and vegetation on the right are at and above conductor height, with foliage directly touching/overhanging the lines - violation-level clearance."
R00131,37.117456,-122.121671,3,-1,4,4,True,"Overhead distribution conductors are faintly visible crossing the upper right and running along the left side of the road. Tall trees and dense foliage on the right are at or above conductor height and directly beside/within the line corridor, well inside the 12 ft envelope."
R00132,37.117556,-122.120669,4,-1,4,4,True,"Overhead distribution conductors are visible crossing the image, supported by a wood pole with crossarm on the right. Large trees on the left have crowns at or above conductor height directly beside the line, within the recommended 12 ft envelope. Nearest tree crowns appear AT conductor height within a few feet horizontally."
R00133,37.117573,-122.119643,5,-1,5,5,True,"A distribution conductor is faintly visible crossing the upper-left portion of the image around tree-canopy height. Dense tree crowns and foliage are at and above the conductor level, with vegetation directly overhanging/touching the line, indicating a violation-level clearance issue."
R00134,37.117578,-122.103089,0,-1,0,0,True,"No overhead electric distribution conductors are visible in this image. The image shows a tree-lined road in the Santa Cruz Mountains with tall conifers and deciduous trees on both sides, but no utility poles, crossarms, or conductors are present in the visible frame."
R00135,37.117591,-122.115158,4,-1,4,4,True,"Distribution conductors are visible running along the road from a wood pole with crossarm on the left. Dense tall trees (redwoods/mixed) flank both sides of the corridor with crowns at or above conductor height directly beside the line, and vegetation on the left appears within the recommended clearance envelope."
R00136,37.117743,-122.106462,4,-1,5,5,True,"A wood distribution pole with conductors running left across the frame is visible. Tall trees on both sides reach at/above conductor height, with tree crowns and branches overhanging and touching the lines near the pole. Nearest vegetation is AT/ABOVE conductor height and within a few feet, indicating violation-level clearance."
R00137,37.118022,-122.120606,3,-1,4,4,True,"Overhead distribution conductors are visible running along the road, supported by a wood pole on the left. Tall trees and a large deciduous tree crown appear at or above conductor height directly beside the line, with vegetation within the recommended clearance envelope."
R00138,37.118023,-122.119390,0,-1,0,0,True,"No overhead distribution conductors are visible in this image. The image shows a tree-lined road with dense vegetation on both sides, including tall trees and low shrubs, but no electrical lines, poles, or crossarms are present in the frame."
R00139,37.118034,-122.103025,0,-1,0,0,True,"No overhead distribution conductors are visible in this image. The image shows a residential driveway lined with tall trees on both sides and a mailbox, but no poles, crossarms, or uninsulated conductors that would indicate distribution lines are present in this view."
R00140,37.118101,-122.115634,0,-1,0,0,True,"No overhead distribution conductors are visible in this image. The image shows a road with dense vegetation on both sides (shrubs, small trees, and ground cover), but no utility poles, crossarms, or uninsulated conductors can be identified."
R00141,37.118103,-122.121846,2,-1,2,2,True,"Wood utility pole with distribution lines visible. Nearest vegetation consists of shrubs and understory plants that are clearly BELOW conductor height, located roughly 8-15 feet away from the pole. Trees in the vicinity are taller than the line but are not positioned directly adjacent to the corridor and appear to be outside the immediate fall-in distance. No vegetation currently touching, overhanging, or within the 4 ft violation envelope."
R00142,37.118113,-122.115001,0,-1,0,0,True,"No overhead distribution conductors are visible in this image. The view shows a tree-lined road with dense forest vegetation on both sides, but no wooden utility poles, crossarms, or uninsulated conductors are present in the frame."
R00143,37.118202,-122.113924,3,-1,5,5,True,"A wood distribution pole is visible mid-right with conductors running overhead toward the upper right of the frame. Dense tree crowns on both sides are at and above conductor height, with foliage overhanging and effectively touching the conductor span — violation-level encroachment within well under 4 ft."
R00144,37.118303,-122.106414,4,-1,5,5,True,"Overhead distribution conductors are visible spanning across the image diagonally from upper left. Dense redwood/conifer foliage on the left is at conductor height and appears to be touching or within a few feet of the line as it passes through the tree crowns, indicating violation-level contact."
R00145,37.118403,-122.113273,0,-1,0,0,True,"No overhead distribution conductors are visible in this image. The scene shows a residential property in a wooded area with tall conifer and deciduous trees, but no power lines, poles, or electrical infrastructure are apparent."
R00146,37.118411,-122.103313,3,-1,5,5,True,"Distribution conductors are visible running from the pole on the right along the road. Tall redwoods and pines line the right side at and above conductor height, with foliage directly adjacent to and touching the lines - violation-level clearance."
R00147,37.118449,-122.121424,0,-1,0,0,True,"No overhead distribution conductors are visible in this image. The scene shows a residential driveway with large trees (including a prominent tall conifer on the left and deciduous trees), but no electrical distribution lines or poles can be detected. There is therefore no vegetation clearance issue to assess."
R00148,37.118544,-122.120757,2,-1,2,2,True,"Overhead distribution conductors are visible on wooden poles with crossarms running along the road. The nearest vegetation (trees and shrubs) on the left side are BELOW conductor height and located approximately 15-20+ feet away from the line corridor, outside the critical clearance envelope. No vegetation is touching, overhanging, or within the 4 ft radial clearance zone. Trees are present in the area but remain well-separated from the conductor height and safe distance margins."
R00149,37.118561,-122.116179,3,-1,5,5,True,"Overhead distribution conductors are visible on the left side running from the pole across the upper-left of the image. Tree foliage and branches are directly touching/overhanging the conductors, with vegetation AT conductor height and effectively within a few feet or less. This is violation-level contact."
R00150,37.118584,-122.120175,4,-1,4,4,True,"Faint overhead conductors are visible on the right side crossing toward the trees. Dense vegetation and tall tree crowns are directly beside and at/above conductor height within a few feet, placing vegetation well within the recommended envelope."
R00151,37.118591,-122.119497,4,-1,5,5,True,"A wood distribution pole with crossarm and multiple overhead conductors is visible on the left, spanning across the frame. Tall redwood and conifer trees rise well ABOVE conductor height directly adjacent to and behind the line, with foliage in the upper left appearing to touch/overhang the conductors. Nearest vegetation is at/above conductor height and within a few feet, indicating a violation-level condition plus significant fall-in risk."
R00152,37.118611,-122.121912,2,-1,2,2,True,"Overhead distribution conductors are visible on the wood pole to the right of the house. The nearest vegetation consists of low to mid-height shrubs and small trees that are BELOW conductor height and appear to be 15+ feet away from the line. No tall trees are directly within the fall-in zone of the conductors, and no vegetation is approaching the 4-12 ft clearance envelope. The corridor is clear of violation-level risk."
R00153,37.118676,-122.112399,0,-1,0,0,True,"No overhead distribution conductors or poles are visible in this image. The view shows a rural road with vegetation on both sides, but no utility infrastructure is present in the frame."
R00154,37.118827,-122.115269,4,-1,5,5,True,"Overhead distribution conductors are visible running along the right side of the road, supported by a pole. Dense tree crowns are directly beside and appear to overhang/touch the conductors, which are at or below surrounding tree canopy height, indicating vegetation within violation-level clearance."
R00155,37.118835,-122.103544,2,-1,2,2,True,"Overhead distribution conductors are visible running across the image (visible lines on the right side of the road). The nearest vegetation consists of tall trees with crowns ABOVE conductor height, located on the left side of the road approximately 20-30 feet away, outside the immediate corridor. Trees are near the line corridor but positioned below and outside the critical clearance zone. No vegetation is currently touching or immediately threatening the conductors."
R00156,37.118865,-122.114174,4,-1,5,5,True,"Overhead conductors are visible crossing diagonally across the upper portion of the image. Dense tall trees (redwoods/conifers) flank both sides at or above conductor height, with crowns overhanging and directly touching the span, indicating violation-level intrusion."
R00157,37.118887,-122.105900,3,-1,4,4,True,"A wood/utility pole with overhead conductors is visible on the right, with lines running across the road to the trees on the left. Dense oak canopy on the left is at conductor height directly beside/beneath where the line spans, well within the 12 ft envelope. Tall conifers on the right are also near the corridor."
R00158,37.118923,-122.113399,2,-1,2,2,True,"Distribution pole and conductor visible on the left side of the image. Nearest vegetation (shrubs and trees) is below conductor height, approximately 15-20+ feet away from the line. Trees in the corridor are present but situated outside the immediate clearance envelope, and the crowns visible are below or at conductor level. No violation-level encroachment detected."
R00159,37.119008,-122.120734,4,-1,5,5,True,"Overhead distribution conductors are visible spanning the road from a wood pole on the left and running along the right side. On the right, tall redwood trees and dense foliage are AT or ABOVE conductor height and directly overhanging/touching the lines within a few feet. On the left, the yellowing tree crown is also very close to the spanning conductor.  Violation-level clearance."
R00160,37.119014,-122.116722,2,-1,2,2,True,"Distribution conductors are visible on a wood pole on the left side of the road. Trees are present near the corridor on both sides, with vegetation on the right clearly BELOW conductor height and approximately 15-20 ft away. The tall redwood/conifer trees on the left are well-established and not actively encroaching, positioned back from the immediate line corridor. No vegetation is touching or within the critical 4 ft clearance envelope, though some trees are within the broader utility corridor area and below the conductor height."
R00161,37.119115,-122.111892,0,-1,0,0,True,"No overhead distribution conductors are visible in this image. The image shows a heavily vegetated road corridor with dense tree canopy and foliage, but no utility poles, crossarms, or uninsulated conductors are discernible."
R00162,37.119301,-122.105652,4,-1,5,5,True,"A distribution pole with crossarm is visible left of center, with conductors spanning across the road to the right. Tall redwood and conifer trees surround the pole with dense foliage at and above conductor height, touching/overhanging the lines (well within 4 ft), indicating a violation-level condition."
R00163,37.119304,-122.114569,0,-1,0,0,True,"No overhead distribution conductors are visible in this image. The view shows a tree-lined road in the Santa Cruz Mountains with dense vegetation on both sides, but no power lines, poles, or conductors are present in the scene."
R00164,37.119363,-122.103818,4,-1,5,5,True,"Overhead distribution conductors span the road diagonally across the frame. Tall trees on both sides, especially the redwoods on the right and dense conifers on the left, reach well above conductor height and have crowns directly adjacent to and overhanging the lines, indicating vegetation touching or within a few feet of the conductors."
R00165,37.119410,-122.112870,3,-1,5,5,True,"A conductor spans diagonally across the upper portion of the image from left toward the right side. Tall redwoods and dense tree crowns are well above conductor height and directly adjacent, with foliage effectively touching/overhanging the line - violation-level clearance."
R00166,37.119418,-122.113831,0,-1,0,0,True,"No overhead distribution conductors are visible in this image. While there is a power line visible at the top of the frame, it appears to be a service drop or transmission line associated with the residential property, not a distribution line corridor. The vegetation visible (trees and shrubs around the property) cannot be assessed for clearance violations without distribution conductors present."
R00167,37.119426,-122.122035,3,-1,5,5,True,"Overhead distribution conductors span across the scene from left to right. Tall redwoods and trees on both sides are AT and ABOVE conductor height, with crowns directly adjacent to and appearing to overhang/touch the lines within a few feet, indicating violation-level clearance."
R00168,37.119432,-122.106682,0,-1,0,0,True,"No overhead distribution conductors are visible in this image. The view shows a tree-lined rural road with dense vegetation on both sides, but no wood poles, crossarms, or uninsulated conductors are apparent. Therefore, vegetation clearance cannot be assessed."
R00169,37.119443,-122.115225,4,-1,5,5,True,"A wood distribution pole with conductors running left across the frame is visible. Tall trees on both sides reach at or above conductor height, and foliage on the left appears to overhang and touch the conductors within well under 4 ft. Nearest vegetation is AT/ABOVE conductor height and effectively touching."
R00170,37.119481,-122.121269,4,-1,5,5,True,"Overhead distribution conductors are visible spanning across the top of the image from a pole near center. Large redwood trees rise well ABOVE conductor height directly adjacent to and overhanging the lines, with foliage appearing to touch/overhang the conductors — violation-level contact."
R00171,37.119541,-122.116857,3,-1,5,5,True,"Overhead distribution conductors are visible running along the left side and crossing overhead. A wood pole with tall redwood trees is directly adjacent. The redwood crowns are far ABOVE conductor height and immediately beside/overhanging the line, with foliage effectively touching or within the minimum clearance envelope, plus severe fall-in risk from towering trees."
R00172,37.119546,-122.111386,4,-1,5,5,True,"Overhead distribution conductors are visible spanning from a wood pole with insulator/transformer at upper left across the image. Dense trees and tall vegetation crowns are at or above conductor height and directly intermingling with the lines, with foliage appearing to touch/overhang the conductors - violation-level clearance."
R00173,37.119563,-122.120122,0,-1,0,0,True,"No overhead distribution conductors are visible in this image. The scene shows a wooded road with tall redwood and conifer trees, an RV parked on the right side, and dense vegetation on both sides of the road, but no utility poles, crossarms, or overhead power lines are present or identifiable in the frame."
R00174,37.119581,-122.119550,0,-1,0,0,True,"No overhead distribution lines or conductors are visible in this image. The scene shows a residential driveway lined with tall coniferous trees, structures, and a trailer, but no utility poles, crossarms, or uninsulated conductors are present."
R00175,37.119630,-122.109916,0,-1,0,0,True,"No overhead distribution conductors are visible in this image. The view shows a rural road with trees, a gravel embankment, and a residence on an upper slope, but no electric distribution lines, poles, or crossarms are present."
R00176,37.119678,-122.105058,4,-1,5,5,True,"Overhead distribution conductors are visible spanning the upper right of the image toward the right-side treeline. Dense tree crowns on the right are AT or ABOVE conductor height and directly adjacent to/overhanging the line (within a few feet), indicating violation-level clearance."
R00177,37.119787,-122.112375,3,-1,4,4,True,"Overhead distribution conductors are visible spanning the road diagonally across the center of the image. Tall redwoods and other trees flank the corridor, with crowns well ABOVE conductor height directly beside and overhanging the line, within the 12 ft envelope and posing fall-in risk."
R00178,37.119868,-122.120842,4,-1,5,5,True,"Overhead distribution conductors are visible running along the left side and crossing the road on wood poles. Large trees with heavy foliage on both sides have crowns AT and ABOVE conductor height, with branches directly overhanging and appearing to touch/intermingle with the lines - violation-level clearance."
R00179,37.119877,-122.110360,0,-1,0,0,True,"No overhead distribution conductors are visible in this image. The scene shows a rural road in the Santa Cruz Mountains with trees, vegetation, and a gravel driveway, but no power lines or distribution infrastructure are present."
R00180,37.119879,-122.122089,3,-1,4,4,True,"Distribution conductors are visible on the wood pole with crossarm at left, spanning across the road. Tall trees (redwoods/conifers) beside and behind the line rise well ABOVE conductor height, with crowns adjacent to the span, placing vegetation within the recommended envelope and posing fall-in risk."
R00181,37.119882,-122.104308,0,-1,0,0,True,"No overhead distribution conductors are visible in this image. The view shows a residential driveway with a house, parked car, and surrounding vegetation (trees and shrubs), but no electric utility lines or poles are present in the frame."
R00182,37.119882,-122.106581,2,-1,2,2,True,"Overhead distribution conductors are visible on the wood pole in the middle distance. The nearest vegetation (trees and shrubs on both sides of the road) is below conductor height and appears to be approximately 15-20 feet away from the line. Dense tree canopy is present in the corridor but at or below the conductor level currently, with no branches directly touching or immediately threatening the line."
R00183,37.119939,-122.117149,0,-1,0,0,True,"No overhead distribution conductors are visible in this image. The road is lined with tall redwood and conifer trees with dense undergrowth vegetation, but no electrical lines, poles, or crossarms are present in the view."
R00184,37.119956,-122.111309,4,-1,5,5,True,"A wood distribution pole with crossarm and multiple overhead conductors is visible. Dense tall trees on the left crowd directly into the conductor span, with foliage at and above conductor height touching or within a few feet of the lines. Vegetation is ABOVE conductor height and immediately adjacent, indicating a violation-level condition."
R00185,37.120269,-122.109969,3,-1,5,5,True,"Overhead distribution conductors are visible spanning across the top of the image and down the corridor toward a pole at center. Tall trees (redwoods/conifers) crowd both sides of the corridor, with crowns well ABOVE conductor height and foliage appearing to touch or immediately overhang the lines within a few feet, indicating violation-level clearance."
R00186,37.120271,-122.108762,4,-1,4,4,True,"Overhead distribution conductors are visible crossing the sky diagonally. Tall trees on both sides of the corridor reach at or above conductor height, with the large oak on the left and dense growth on the right within the recommended 12 ft envelope of the line."
R00187,37.120285,-122.105187,0,-1,0,0,True,"No overhead distribution conductors are visible in this image. The scene shows a tree-lined rural road with dense vegetation on both sides, but no utility poles, crossarms, or conductors can be identified."
R00188,37.120315,-122.117532,2,-1,2,2,True,"Distribution conductors visible on wood poles in the corridor. Vegetation consists primarily of large trees (redwoods and conifers) with crowns mostly ABOVE conductor height. The nearest vegetation is BELOW conductor height and approximately 15-20+ feet away. Trees are tall and near the corridor but do not present immediate clearance violations; however, some taller trees are within potential fall-in distance. No vegetation is currently touching or within the ~12 ft recommended envelope around the conductors."
R00189,37.120322,-122.120899,4,-1,4,4,True,"A pole with what appears to be distribution conductors is visible on the right side near the buildings. Tall redwoods and conifers are directly beside and above the line height, well within falling distance and the 12 ft envelope, with crowns at/above conductor height only a few feet from the corridor."
R00190,37.120324,-122.122141,3,-1,4,4,True,"Distribution conductors are visible on a wood pole with crossarm at left-center, running across the road. Tall redwoods and dense tree crowns on the right side reach at or above conductor height directly adjacent to the line corridor, well within falling distance and the 12 ft envelope."
R00191,37.120339,-122.104148,2,-1,2,2,True,"Distribution conductors are visible as thin lines crossing overhead in the upper portion of the image. Tall trees line both sides of the road with canopies at or above conductor height, but they are positioned slightly outside the immediate line corridor and do not appear to be directly touching or within ~4 ft of the conductors. The nearest vegetation is at approximately conductor height and roughly 15–20 ft away laterally from the line. Trees are tall enough to pose a fall-in risk, but current clearance appears marginal to acceptable—score reflects trees near the corridor below/at height outside the primary clearance envelope."
R00192,37.120522,-122.108142,2,-1,2,2,True,"Distribution conductors visible on wooden pole in middle distance. Vegetation (trees and shrubs) is present on both sides of the road corridor at low to moderate density. The nearest significant vegetation is BELOW conductor height and appears to be 20–30+ feet away laterally from the line. No trees are overhanging or directly encroaching on the conductors, and no vegetation is within the critical 4–12 ft clearance envelope. Trees in the general area are moderate-sized and not taller than the line or in immediate fall-in proximity."
R00193,37.120523,-122.109504,3,-1,5,5,True,"Overhead distribution conductors are visible running across the upper-left of the frame from a pole. Tall trees and vegetation on the left side reach AT or ABOVE conductor height and are immediately adjacent to/overhanging the lines, indicating violation-level encroachment within ~4 ft."
R00194,37.120577,-122.120239,4,-1,5,5,True,"Overhead distribution conductors are visible running from upper left across to the pole at center-right. Tall redwoods and dense tree crowns are AT and ABOVE conductor height directly adjacent to the line, with foliage effectively touching/overhanging the conductors near the pole - violation-level clearance."
R00195,37.120651,-122.106559,3,-1,4,4,True,"A wood distribution pole with crossarm and multiple uninsulated conductors is clearly visible running across the frame. Dense trees on the right and along the corridor reach at or above conductor height, with crowns directly beside the line within the ~12 ft recommended envelope; the tall conifers also pose fall-in risk."
R00196,37.120706,-122.107638,2,-1,2,2,True,"Overhead distribution conductors are visible on the wooden pole on the left side of the road. The nearest vegetation (trees on the right side of the road) is well BELOW conductor height and appears to be roughly 30-40 feet away from the line, outside the recommended 12 ft clearance envelope. Some low vegetation is present near the roadside but does not encroach on the conductor corridor."
R00197,37.120708,-122.106004,2,-1,2,2,True,"Distribution conductors are visible on the wood pole on the right side of the road. The nearest tall vegetation (tree canopy) is BELOW to AT conductor height and located approximately 15-20 feet away from the line, outside the critical clearance envelope. While there are tall trees in the area, they are set back from the immediate corridor and do not pose an immediate vegetation contact or critical clearance violation, though some trees appear tall enough to present potential fall-in risk if they were closer."
R00198,37.120726,-122.105430,3,-1,4,4,True,"Overhead conductors are visible crossing the sky diagonally. Tall redwood and other trees flank the corridor with crowns at or above conductor height directly beside the line, within the recommended clearance envelope and posing fall-in risk."
R00199,37.120732,-122.120951,0,-1,0,0,True,"No overhead distribution conductors are visible in this image. The road scene shows utility poles on the left side of the road, but no electrical lines or conductors are discernible. The image captures a mountain road with tall trees (firs) in the background, but without visible distribution infrastructure, there is nothing to assess for vegetation clearance violations."
R00200,37.120746,-122.117916,4,-1,5,5,True,"A wood distribution pole with crossarm is visible on the right, with conductors running overhead across the road. Tall redwoods and dense mixed forest crowns are at or above conductor height directly adjacent to and overhanging the line, with vegetation appearing to touch or be within a few feet of the conductors near the pole."
R00201,37.120766,-122.122201,3,-1,4,4,True,"Overhead distribution conductors are faintly visible running across the upper portion of the image from the pole on the right side. Tall conifers and trees flank the corridor at or above conductor height directly beside the line, placing crowns within the recommended envelope and creating fall-in risk."
R00202,37.120782,-122.110671,4,-1,5,5,True,"Overhead distribution conductors are visible running from a pole at center-right with transformer equipment. Dense tree crowns on both sides are at and above conductor height, with foliage overhanging and touching the lines - violation-level clearance."
R00203,37.120782,-122.104311,0,-1,0,0,True,"No overhead distribution conductors are visible in this image. The scene shows a rural residential street lined with mature oak and other trees, with parked vehicles, but no visible power poles, crossarms, or uninsulated distribution lines. Only service drops or other infrastructure not relevant to distribution line clearance assessment can be seen."
R00204,37.120814,-122.107101,4,-1,4,4,True,"Overhead distribution conductors are visible spanning across the image against the sky. Tall trees (redwoods/conifers) on both sides reach at or above conductor height, and dense tree crowns on the right are directly adjacent to the line within roughly the 12 ft envelope. Nearest vegetation is AT/ABOVE conductor height."
R00205,37.121186,-122.121008,0,-1,0,0,True,"No overhead electric distribution conductors are visible in this image. The view shows a residential road with trees lining both sides, but no utility poles, crossarms, or uninsulated conductors can be identified. Only vegetation and a roadway are present."
R00206,37.121232,-122.122254,0,-1,0,0,True,"No overhead distribution conductors are visible in this image. While there are utility poles visible on the left side of the road, no uninsulated distribution conductors can be clearly identified. The image shows a residential road lined with trees and vegetation, but without visible distribution lines, there is no clearance concern to evaluate."
R00207,37.121264,-122.110591,3,-1,5,5,True,"A conductor is visible running diagonally across the upper-left sky. Tall redwoods and dense tree crowns are at and above conductor height directly adjacent to the line, with foliage appearing to overhang and touch the span, indicating violation-level encroachment."
R00208,37.121348,-122.118300,3,-1,5,5,True,"Overhead conductors are visible spanning the upper right of the image against the sky. Tall redwoods and dense conifer crowns are directly at and above conductor height immediately beside and overhanging the line, well within the 4 ft envelope — violation-level proximity."
R00209,37.121555,-122.124978,0,-1,0,0,True,"No overhead distribution conductors visible in this image. The scene shows a residential driveway lined with dense tall trees on both sides, but no utility poles, crossarms, or distribution lines are evident. The image does not contain infrastructure relevant to the evaluation criteria."
R00210,37.121597,-122.121104,0,-1,0,0,True,"No overhead distribution conductors are visible in this image. The view shows a residential/commercial street with vehicles, buildings, and trees, but no utility poles or power lines carrying distribution conductors are present in the frame."
R00211,37.121598,-122.122497,3,-1,5,5,True,"Overhead distribution conductors are visible crossing the upper portion of the image. Bare tree crowns reach up to and intertwine with the conductor height directly beside/among the lines, indicating vegetation at or touching conductors (violation-level)."
R00212,37.121616,-122.123470,4,-1,4,4,True,"An overhead conductor is faintly visible running from upper left across the frame near the pole. Dense tall trees and vegetation crowd the corridor, with tree crowns at or above conductor height directly beside the line, well within the 12 ft envelope."
R00213,37.121624,-122.124166,0,-1,0,0,True,"No overhead distribution conductors are visible in this image. The image shows a parking area with parked vehicles, trees, and poles in the background, but no clear distribution lines with uninsulated conductors on wood poles are identifiable."
R00214,37.121643,-122.118859,4,-1,5,5,True,"Overhead distribution conductors are visible crossing the upper portion of the image. Dense tree foliage on the right side is at conductor height and appears to be touching/overhanging the lines, well within the 4 ft clearance zone. Tall trees on both sides also exceed line height within falling distance."
R00215,37.121698,-122.110357,0,-1,0,0,True,"No overhead distribution conductors are visible in this image. The view shows a rural road lined with tall redwood and evergreen trees on both sides, but no power lines, poles, crossarms, or uninsulated conductors are apparent. The road has dense forest vegetation but without visible distribution infrastructure, no clearance assessment is possible."
R00216,37.121723,-122.121971,4,-1,5,5,True,"Overhead distribution conductors are visible crossing the frame horizontally. Dense tree crowns on the right are at/above conductor height and appear to be touching or directly overhanging the lines, well within the 4 ft violation threshold."
R00217,37.121810,-122.119386,3,-1,5,5,True,Overhead conductors are visible spanning across the road and running along the right side of the corridor. The lines pass directly through dense redwood foliage; tall trees tower well ABOVE conductor height on both sides with branches touching/overhanging the conductors (within inches). This is a violation-level condition with massive fall-in risk from the surrounding redwoods.
R00218,37.122017,-122.121230,0,-1,0,0,True,"No overhead distribution conductors are visible in this image. The road is lined with tall trees on both sides, but no wooden utility poles, crossarms, or power lines can be identified. The view shows only the roadway and tree canopy."
R00219,37.122052,-122.123783,0,-1,0,0,True,"No overhead electric distribution conductors are visible in this image. The scene shows a residential street in the Santa Cruz Mountains with mature trees, parked vehicles, and a road, but no power lines or distribution infrastructure are apparent."
R00220,37.122126,-122.110561,0,-1,0,0,True,"No overhead distribution lines or conductors are visible in this image. The view shows a forested mountain road with tall coniferous trees on both sides, but no utility poles, crossarms, or power lines are present in the scene."
R00221,37.122141,-122.122903,0,-1,0,0,True,"No overhead electric distribution conductors are visible in this image. While there are tall trees present (conifers and deciduous trees above conductor height if lines were present), no wood poles, crossarms, or uninsulated conductors are discernible in the view of this residential road in the Santa Cruz Mountains."
R00222,37.122173,-122.122058,3,-1,4,4,True,"Overhead distribution conductors are visible running along the right side of the road and crossing overhead (multiple spans against the sky). Tall redwoods and dense tree crowns on both sides are at or above conductor height, with foliage on the right directly beside the line within the ~12 ft recommended envelope. No clear touching contact seen, so scored 4."
R00223,37.122290,-122.119731,5,-1,5,5,True,"Overhead distribution conductors are visible in the upper left running diagonally across the frame near a wooden pole. Dense tree foliage on both sides is at conductor height and appears to be touching/overhanging the lines, well within 4 ft, indicating a violation-level clearance issue."
R00224,37.122495,-122.123922,0,-1,0,0,True,"No overhead distribution conductors are visible in this image. The view shows a residential parking area surrounded by tall trees, but no utility poles, crossarms, or uninsulated conductors are present in the scene."
R00225,37.122531,-122.123047,3,-1,5,5,True,"Overhead distribution conductors are visible on the left side running from a pole through the tall redwood/conifer stand. Dense tree foliage is directly touching and overhanging the lines, with tree crowns well above conductor height immediately adjacent - violation-level contact."
R00226,37.122544,-122.110788,2,-1,2,2,True,"Overhead distribution conductors are visible running along the corridor on the right side of the road. The nearest vegetation (trees and shrubs) on both sides of the line is below conductor height. The trees are present within the general corridor area but are not directly threatening the conductors at this moment, and there is adequate clearance visible above the vegetation to the line height."
R00227,37.122557,-122.121398,0,-1,0,0,True,"No overhead distribution conductors are visible in this image. The scene shows a residential street with parked vehicles, large trees on the left side, and what appears to be a construction site on the right. While there is substantial vegetation including tall trees in the area, no electric utility distribution lines or poles are apparent."
R00228,37.122581,-122.125787,4,-1,5,5,True,"A wood distribution pole is visible on the right with overhead conductors spanning across the road (visible against the sky in the upper portion). Dense trees and foliage are at and above conductor height on both sides, with tree crowns directly overhanging the wires within a few feet, indicating violation-level encroachment."
R00229,37.122638,-122.122214,3,-1,4,4,True,"Overhead conductors are visible spanning diagonally across the left/upper portion of the image. On the right side, large trees (oak and redwoods) have crowns at or above conductor height directly beside the line corridor, placing vegetation within the recommended clearance envelope and posing fall-in risk. Nearest tree crowns appear AT/ABOVE conductor height within a few feet."
R00230,37.122917,-122.113902,4,-1,4,4,True,"Overhead conductors are visible spanning the sky across the corridor. Dense tree crowns (oaks, redwoods) are at or above conductor height on both sides, directly beside the line within a few feet. This places vegetation within the recommended 12 ft envelope with tall trees at conductor level."
R00231,37.122959,-122.126421,4,-1,5,5,True,"Overhead distribution conductors are visible running across the image from upper left to a pole in the mid-distance. Dense vegetation and tall trees line both sides of the narrow road. Tall conifers and dense brush are at or above conductor height directly beside and beneath the line, with foliage appearing to touch/overhang the conductors near the pole - a violation-level clearance concern."
R00232,37.122963,-122.120013,4,-1,5,5,True,"Overhead conductors are visible spanning across the top of the image. Dense tree crowns and foliage are at and above conductor height on both sides, with vegetation appearing to touch or overhang the lines, indicating violation-level clearance."
R00233,37.122980,-122.123515,4,-1,5,5,True,"Overhead distribution conductors are visible running across the upper portion of the image and along the corridor on the right toward the poles. On the left, deciduous tree crowns are directly overhanging and appear to touch/intertwine with the conductors, and on the right the tall redwood/conifer foliage is immediately adjacent at conductor height. Nearest vegetation is AT conductor height and within touching distance (<4 ft)."
R00234,37.122982,-122.124078,4,-1,4,4,True,"Overhead distribution conductors are visible running across the image from the pole on the right. Multiple tree crowns (deciduous with fall color and evergreen) reach up to and above conductor height directly beside and beneath the lines, within the 12 ft recommended envelope but not clearly touching."
R00235,37.122998,-122.121538,0,-1,0,0,True,"No overhead distribution conductors are visible in this image. The view shows a mountain road with parked vehicles, trees lining both sides, and utility poles in the distance, but no clear distribution lines with uninsulated conductors are discernible."
R00236,37.123086,-122.123007,3,-1,4,4,True,"Overhead distribution conductors are visible spanning the image, running toward the treeline on the right. Tall conifers and trees on both sides reach at or above conductor height. On the right, the line disappears into tree crowns that appear at/above the conductor level within a few feet, indicating vegetation within the recommended clearance envelope."
R00237,37.123114,-122.114418,0,-1,0,0,True,"No overhead distribution conductors are visible in this image. The view shows a rural road with dense vegetation on both sides, trees in the background, and a parked vehicle, but no wooden poles, crossarms, or uninsulated conductors typical of distribution lines are present."
R00238,37.123135,-122.110682,4,-1,5,5,True,"Overhead distribution conductors are visible crossing the frame from upper-left to the pole on the right. Tall redwoods and dense conifer foliage surround the corridor, with tree crowns AT and ABOVE conductor height directly adjacent, and foliage appears to be within a few feet of/overhanging the spans, indicating violation-level encroachment."
R00239,37.123168,-122.113270,4,-1,4,4,True,"Overhead distribution conductors are visible running along the right side of the road, supported by a wood pole. Dense tree crowns on both sides are at/above conductor height and directly beside the line, with foliage within the recommended 12 ft envelope."
R00240,37.123222,-122.114996,0,-1,0,0,True,"No overhead distribution conductors are visible in this image. The view shows a winding mountain road through dense forest with tall trees on both sides, but no utility poles, crossarms, or power lines are present in the frame."
R00241,37.123358,-122.112763,0,-1,0,0,True,"No overhead distribution conductors are visible in this image. The view shows a rural road heavily canopied by dense tree foliage on both sides, but no utility poles, crossarms, or uninsulated conductors can be identified. While there are tall trees present, without visible distribution infrastructure there is no clearance violation to assess."
R00242,37.123404,-122.119990,3,-1,5,5,True,"Overhead conductors are visible spanning across the road from upper left toward the trees. Dense tree canopy, including a tall redwood and surrounding foliage, is at or above conductor height and appears to be directly overhanging/touching the lines, indicating violation-level vegetation encroachment."
R00243,37.123417,-122.123319,4,-1,4,4,True,"Distribution poles with conductors are visible on the right side of the road in the mid-distance. Tall conifers and dense trees stand directly beside and above conductor height along the corridor, placing crowns at/above the line within the recommended envelope and posing fall-in risk. Nearest tall vegetation is ABOVE conductor height, immediately adjacent."
R00244,37.123428,-122.124225,4,-1,5,5,True,"Overhead distribution conductors are visible running along the left side from the pole, with crossarm-mounted lines. Dense tall trees and foliage on the left crowd directly against and above the conductors, with vegetation appearing to touch/overhang the lines - violation-level clearance."
R00245,37.123429,-122.121304,1,-1,1,1,True,"Distribution conductors are visible on a wood pole in the center-right of the image. The nearest vegetation is low shrubs and small branches well BELOW conductor height, located approximately 15+ feet away from the line. No tall trees are positioned directly adjacent to or overhanging the conductors. Clearance appears adequate with no immediate violation-level risk."
R00246,37.123429,-122.122450,4,-1,4,4,True,"A distribution pole with crossarm is visible at left-center around the mid-distance, with conductors running down the road corridor. Tall trees and dense vegetation flank both sides of the corridor, with tree crowns at or above conductor height directly beside the line, and overhanging foliage on the right within the recommended clearance envelope."
R00247,37.123457,-122.126646,4,-1,5,5,True,"Overhead distribution conductors are visible running from the pole in the center of the image across the scene. Dense redwood and other tree foliage is immediately adjacent to and overhanging the conductors, with tree crowns well ABOVE conductor height and vegetation touching/within a few feet of the lines - violation-level clearance."
R00248,37.123518,-122.127432,4,-1,4,4,True,"Overhead conductors are visible crossing the sky in the upper portion of the image. Tall trees, including a large redwood and deciduous crowns, are at or above conductor height directly beside the line, well within falling distance and appearing to approach the recommended clearance envelope."
R00249,37.123538,-122.115418,3,-1,5,5,True,"Overhead distribution conductors are visible running diagonally across the frame from upper left toward the pole on the right. Dense tall trees on both sides reach at/above conductor height, with foliage on the right side appearing to touch or overhang the lines within well under 4 ft. Vegetation is ABOVE conductor height and immediately adjacent, indicating a violation-level condition."
R00250,37.123565,-122.110707,5,-1,5,5,True,"Overhead distribution conductors are visible spanning the road, with a pole visible on the left. Dense redwood and mixed forest vegetation surrounds the corridor, with tree crowns well above conductor height and branches directly overhanging/touching the lines - violation-level clearance."
R00251,37.123671,-122.111613,0,-1,0,0,True,"No overhead distribution conductors are visible in this image. The view shows a tree-lined rural road with mature trees on both sides, but no electric poles, crossarms, or uninsulated conductors are present in the scene."
R00252,37.123744,-122.112146,5,-1,5,5,True,"Overhead conductors are visible crossing the upper portion of the image diagonally. Dense tree crowns and vegetation are AT and ABOVE conductor height, with branches appearing to touch or overhang the line directly in the corridor, indicating violation-level encroachment."
R00253,37.123771,-122.119710,4,-1,5,5,True,"Distribution conductors are visible running from a wood pole with crossarm on the right side, extending across the frame. Dense redwood and mixed tree canopy surrounds the line, with tree crowns clearly at and above conductor height and vegetation overhanging/immediately adjacent to the conductors on the right side, well within the 4 ft envelope."
R00254,37.123851,-122.124366,4,-1,4,4,True,"Distribution conductors are visible running along the road from a wood pole in the mid-ground. Bare deciduous tree crowns on the left are at/above conductor height directly beside the line, and a tall redwood on the right stands well above the conductors within falling distance. Nearest vegetation appears AT conductor height within ~10 ft on the left side."
R00255,37.123894,-122.122426,2,-1,2,2,True,"Overhead distribution conductors are visible crossing above the residential structure. Tall coniferous trees (likely 60+ ft) are present on both sides of the corridor, particularly a dense stand on the right/rear. These trees are clearly taller than the conductor height and are within potential falling distance of the line. However, the nearest vegetation to the conductors themselves is currently BELOW conductor height and outside the immediate 4-12 ft envelope, with adequate clearance at this moment. The primary concern is the tall tree crowns in the vicinity that could pose a fall-in risk during high winds or storms."
R00256,37.123895,-122.121818,0,-1,0,0,True,"No overhead distribution conductors are visible in this image. The view shows a commercial/residential area with buildings, trees in the background, and clear sky. While there are trees visible in the surrounding area, no power lines or utility poles carrying distribution conductors are present in the frame."
R00257,37.123928,-122.115656,4,-1,4,4,True,"Overhead conductors are visible spanning diagonally across the image from upper right to center-left, with a pole partially obscured by trees mid-frame. Dense tree crowns on both sides are at or above conductor height, with foliage on the right within the ~12 ft recommended envelope and directly beside the line."
R00258,37.123937,-122.120867,0,-1,0,0,True,"No overhead distribution conductors are visible in this image. The view shows a residential road lined with dense vegetation, trees, and vines on both sides, but no utility poles, crossarms, or uninsulated conductors can be identified."
R00259,37.123945,-122.123485,4,-1,5,5,True,"Distribution conductors are visible running from a wood pole on the left side of the road across the scene. Tall redwoods and dense vegetation on the left are at and above conductor height, with foliage directly touching/overhanging the lines near the pole (within ~4 ft), indicating a violation-level condition."
R00260,37.124133,-122.119217,0,-1,0,0,True,"No overhead distribution conductors are visible in this image. The view shows a tree-lined residential road with tall trees on both sides, but no visible power lines, poles, crossarms, or conductors that would indicate an overhead distribution line."
R00261,37.124136,-122.121378,4,-1,4,4,True,"A wood distribution pole with crossarm and conductors is visible center-frame, with conductors running to the right toward the treeline. Tall trees on the right side reach at or above conductor height directly beside the line, placing crowns within the recommended envelope and creating fall-in risk."
R00262,37.124259,-122.124500,4,-1,4,4,True,"Overhead distribution conductors are visible running across the sky with a pole and crossarm mid-right. Tall conifers and dense shrubs flank the corridor; several tree crowns reach AT or ABOVE conductor height directly beside the line within roughly 10-15 ft, placing vegetation in the recommended clearance envelope and posing fall-in risk."
R00263,37.124316,-122.122747,3,-1,4,4,True,"Overhead distribution conductors are visible crossing the scene, supported by poles along the right side of the road. Tall trees and deciduous crowns on the right side reach at or above conductor height directly beside the line, with foliage within the recommended 12 ft envelope."
R00264,37.124342,-122.128045,3,-1,4,4,True,"Overhead conductors are visible crossing the sky in the upper portion of the image. Tall redwoods and conifers along both sides of the corridor reach at or above conductor height, with crowns directly beside/near the line span, presenting fall-in risk and encroachment within the recommended envelope."
R00265,37.124361,-122.120748,4,-1,5,5,True,"Distribution conductors are visible spanning from the pole on the left across the road. Dense tree foliage on the left is at/above conductor height and appears to touch or overhang the wires near the pole, indicating violation-level clearance issues."
R00266,37.124383,-122.128608,3,-1,5,5,True,"Distribution conductors on wood pole with crossarm are clearly visible spanning the scene. Tall redwoods and dense tree crowns are at and above conductor height immediately adjacent to the line on both sides, with foliage appearing to touch/overhang the conductors within ~4 ft — violation-level clearance."
R00267,37.124387,-122.123624,4,-1,4,4,True,"Overhead distribution conductors are visible on the right, running from the pole on the right edge across the scene. Tall trees and a large oak canopy are at or above conductor height directly beside and overhanging the corridor, within the recommended clearance envelope."
R00268,37.124420,-122.127438,4,-1,5,5,True,"A wood distribution pole with crossarm and conductors is visible left of center running along the road. Dense tree crowns are at and above conductor height directly beside and overhanging the line, with vegetation appearing to touch/encroach within a few feet, indicating a violation-level clearance issue."
R00269,37.124455,-122.129159,3,-1,5,5,True,"Overhead distribution conductors are visible spanning from the pole on the left across the road toward the right. Tall redwood trees and dense vegetation crowns are AT or ABOVE conductor height directly beside and beneath the span, with foliage appearing to touch or overhang the lines, indicating a violation-level clearance issue."
R00270,37.124540,-122.118918,0,-1,0,0,True,"No overhead electric distribution lines are visible in this image. The scene shows a tree-lined road in the Santa Cruz Mountains with dense vegetation on both sides, but no poles, crossarms, or uninsulated conductors are apparent."
R00271,37.124760,-122.120470,3,-1,4,4,True,"Overhead conductors are visible crossing the sky in the upper portion of the image. Large tree crowns on both sides (particularly the right conifer and the deciduous tree in center) reach at or above conductor height directly adjacent to the line, placing vegetation within the recommended clearance envelope with fall-in risk."
R00272,37.124801,-122.122110,0,-1,0,0,True,"No overhead distribution conductors are visible in this image. The scene shows a row of commercial buildings with trees growing above and behind them, but no power lines, poles, or electrical distribution infrastructure are present in the view."
R00273,37.124805,-122.128391,0,-1,0,0,True,"No overhead distribution conductors are visible in this image. There is a small utility line visible at the top right edge of the frame, but it is obscured and appears to be a service line or telecom line, not a main distribution line with the characteristic wood poles and crossarms that would be the focus of this inspection. The image shows dense vegetation and trees along a residential road, but without visible distribution infrastructure, scoring is 0."
R00274,37.124819,-122.124676,4,-1,5,5,True,"A wood distribution pole with crossarms, transformers, and multiple uninsulated conductors is clearly visible on the left. A large tree crown to the right rises above conductor height, and lower vegetation on the left is directly adjacent to and appears to be touching/overhanging the conductors leaving the pole. Nearest vegetation is AT/ABOVE conductor height and within a few feet, indicating a violation-level condition."
R00275,37.124842,-122.121011,3,-1,4,4,True,"Overhead distribution conductors are visible running along the corridor from the pole on the left across the scene. Large trees, including tall redwoods and a large conifer on the right, have crowns AT or ABOVE conductor height directly beside the line, within the recommended 12 ft envelope, posing fall-in and clearance risk."
R00276,37.124849,-122.122901,2,-1,2,2,True,"Distribution conductors are visible on the right side of the image, running horizontally above the buildings and tree line. The nearest vegetation (tree crowns on the right side) is BELOW conductor height and appears to be approximately 15–20 feet away, outside the critical 12 ft recommended envelope. No vegetation is overhanging or directly threatening the line. The trees present are below the conductor level and at a safe lateral distance."
R00277,37.124888,-122.125200,4,-1,4,4,True,"Overhead distribution conductors are visible running along the road, supported by a pole on the right and continuing to a pole down the road. A large tree on the left has crowns at/above conductor height directly adjacent to the line, and roadside vegetation on the right is close to the corridor. The nearest tall vegetation is AT or ABOVE conductor height within roughly 10-15 ft, placing it in the recommended clearance envelope."
R00278,37.124894,-122.125799,3,-1,5,5,True,"Overhead distribution conductors are visible spanning the road on the right side, connecting to poles. Large redwood trees and palm crowns are immediately adjacent, with foliage AT and ABOVE conductor height within a few feet, effectively touching/overhanging the lines."
R00279,37.124904,-122.126342,4,-1,4,4,True,"A wood distribution pole with crossarm and conductors is visible on the left, with lines running along the road. Tall redwoods and dense tree crowns are immediately adjacent, at or above conductor height, within the 12 ft recommended envelope."
R00280,37.124988,-122.124111,0,-1,0,0,True,"No overhead distribution conductors are visible in this image. The scene shows a residential road with trees, a palm tree, buildings, and utility poles in the distance, but no clear overhead distribution lines with uninsulated conductors that would be typical of CPUC-regulated distribution infrastructure are discernible in the frame."
R00281,37.125000,-122.126873,3,-1,5,5,True,"Overhead distribution conductors are visible spanning across the road from a utility pole (a utility bucket truck is actively working the pole). Tall redwoods and dense trees along the left are AT or ABOVE conductor height and immediately adjacent, with foliage effectively touching/overhanging the lines - violation-level clearance and heavy fall-in risk."
R00282,37.125026,-122.121614,0,-1,0,0,True,"This is a park or picnic area view with large redwood trees, benches, and woodland understory vegetation. No overhead electric distribution lines, poles, crossarms, or uninsulated conductors are visible in this image."
R00283,37.125120,-122.123456,0,-1,0,0,True,"No overhead distribution conductors are visible in this image. The pole on the right appears to be a utility pole with a light fixture, but no electrical distribution lines or conductors can be identified. Only residential structures, trees, and ground-level features are present."
R00284,37.125123,-122.128785,2,-1,2,2,True,"Wood poles with overhead distribution conductors are visible along the road. Tall trees (redwoods and conifers) are present in the area, some reaching above conductor height, but they are positioned outside the immediate corridor—set back from the line on both sides. The nearest vegetation to the conductors appears to be below conductor height. No vegetation is touching or overhanging the lines, and clearance appears adequate beyond the ~12 ft recommended envelope, though tall trees within potential fall-in distance are present in the general vicinity."
R00285,37.125201,-122.127524,4,-1,5,5,True,"Overhead distribution conductors are visible spanning the road and running along the right side to a pole. Tall redwoods and mixed trees flank both sides at or well above conductor height, with foliage overhanging and directly adjacent to the lines (within a few feet), indicating violation-level encroachment and significant fall-in risk."
R00286,37.125223,-122.118625,0,-1,0,0,True,"No overhead distribution conductors are visible in this image. The scene shows a tree-lined road with tall trees on both sides, but no power lines, poles, crossarms, or uninsulated conductors are present. Only forest vegetation and road surface are visible."
R00287,37.125238,-122.121154,4,-1,4,4,True,"Distribution conductors are visible running from the wood pole with crossarm at center, spanning across the scene. Tall conifers and trees along the corridor reach at or above conductor height, with tree crowns directly beside the line within the recommended envelope."
R00288,37.125261,-122.120154,4,-1,5,5,True,"Overhead distribution conductors are visible running from the pole near center and across to the right. Tall redwoods and conifers directly beside the pole and line reach well ABOVE conductor height, with foliage appearing to touch/overhang the conductors near the pole (within ~4 ft), indicating a violation-level condition."
R00289,37.125301,-122.129243,4,-1,5,5,True,"Overhead distribution conductors are visible running along the right side of the road and diagonally across from a pole. Tall redwoods and dense tree crowns are AT and ABOVE conductor height directly beside and overhanging the line, with foliage touching/within a few feet of the conductors."
R00290,37.125350,-122.122423,0,-1,0,0,True,"No overhead distribution conductors visible in this image. The photo shows a roadside commercial building (Johnnie's restaurant) with surrounding trees and mountains, but no electrical distribution lines are present or discernible."
R00291,37.125383,-122.126339,0,-1,0,0,True,"No overhead distribution conductors are visible in this image. The photo shows a scenic creek or stream corridor surrounded by dense vegetation, trees, and foliage in what appears to be a wooded area. There are no wooden poles, crossarms, or uninsulated conductors visible overhead."
R00292,37.125428,-122.128189,4,-1,5,5,True,"Overhead distribution conductors are visible spanning the road with a wood pole visible mid-frame. Dense tree crowns are directly overhanging and touching the conductor span, with vegetation at and above conductor height immediately adjacent, indicating violation-level contact."
R00293,37.125557,-122.129856,3,-1,5,5,True,"Overhead distribution conductors are visible spanning from the pole on the left across the road. Tall redwoods and dense trees line both sides, with crowns well ABOVE conductor height and foliage/branches immediately adjacent to and overhanging the lines within a few feet, indicating violation-level clearance and severe fall-in risk."
R00294,37.125561,-122.119766,4,-1,5,5,True,"A wood distribution pole with crossarm is visible on the left, with conductors running right across the frame toward tall redwoods. Tall trees (redwoods and conifers) are AT and ABOVE conductor height directly adjacent to and overhanging the line, appearing to touch/encroach within a few feet. Fall-in and direct contact risk present."
R00295,37.125600,-122.123904,0,-1,0,0,True,"No overhead distribution conductors or poles are visible in this image. The scene shows a residential property with dense vegetation, redwood trees, and a structure, but no electric distribution lines are present in the frame."
R00296,37.125620,-122.128704,4,-1,4,4,True,"Overhead distribution conductors are visible crossing the upper right of the frame and running along the right side of the road. Dense tall trees on the right edge have crowns at or above conductor height directly beside the line, within the 12 ft envelope."
R00297,37.125655,-122.120393,3,-1,4,4,True,"Overhead distribution conductors are visible running from upper left across to a pole mid-image. Tall trees (redwoods/conifers) near the pole reach AT or ABOVE conductor height directly beside the line, and dense tree crowns are within the recommended clearance envelope, within a few feet."
R00298,37.125670,-122.118677,0,-1,0,0,True,"No overhead electric distribution conductors are visible in this image. The photo shows a tree-lined rural road in the Santa Cruz Mountains with dense canopy coverage overhead, but no power poles, crossarms, or uninsulated conductors are present in the view."
R00299,37.125686,-122.122997,0,-1,0,0,True,"No overhead distribution conductors are visible in this image. The scene shows a residential property with a large tree on the left, landscaping, and trees in the background, but no electrical distribution lines or poles are present in the view."
R00300,37.125756,-122.130314,3,-1,5,5,True,"A distribution pole is visible mid-image right of the road, with conductors running through a densely wooded corridor. Tall trees and crowns are at/above conductor height and directly adjacent, with foliage appearing to overhang the lines within a few feet."
R00301,37.125760,-122.121313,4,-1,4,4,True,"A faint distribution line and possible pole are visible in the upper-center/right area amid the trees. Bare tree crowns and dense foliage are at or above conductor height directly beside the line, well within the 12 ft envelope."
R00302,37.125913,-122.129414,3,-1,5,5,True,"Overhead distribution conductors are visible running along the left side, supported by a wood pole. Dense tall trees and vegetation on both sides are AT or ABOVE conductor height and directly touching/overhanging the line span on the left, indicating violation-level contact."
R00303,37.125921,-122.132342,0,-1,0,0,True,"No overhead distribution conductors are visible in this image. The scene shows a dense forest with tall redwood and conifer trees, understory vegetation, and dappled sunlight, but no power lines, poles, crossarms, or uninsulated conductors are present."
R00304,37.126055,-122.130931,4,-1,5,5,True,"Overhead conductors are visible crossing the upper portion of the image (diagonal lines top-left to right). Tall trees and dense foliage are at and above conductor height, with tree crowns and branches directly touching or overhanging the lines within a few feet — violation-level clearance."
R00305,37.126081,-122.133651,0,-1,0,0,True,"No overhead distribution conductors are visible in this image. The view shows a residential driveway with a house, vehicles, and surrounding forest vegetation, but no utility poles or power lines are present in the scene."
R00306,37.126103,-122.122266,0,-1,0,0,True,"No overhead electric distribution lines are visible in this Street View image. The scene shows a commercial/retail area with parking lot, buildings, and trees in the background, but no wood poles, crossarms, or uninsulated conductors are present."
R00307,37.126115,-122.129864,0,-1,0,0,True,"No overhead electric distribution lines are visible in this image. The scene shows a tree-lined road in the Santa Cruz Mountains with tall redwoods and other trees on both sides, but no wooden poles, crossarms, or uninsulated conductors are present. Only mature forest canopy is visible along the roadway."
R00308,37.126122,-122.126875,4,-1,5,5,True,"Overhead distribution conductors are visible spanning the road with a pole on the right. Tree crowns and foliage on the left are at conductor height and appear to touch/overhang the lines, with dense tall trees on the right also at/above the conductors within falling distance. Nearest vegetation is AT conductor height and essentially in contact (0-4 ft)."
R00309,37.126133,-122.120535,3,-1,4,4,True,"A wood distribution pole with crossarm is visible left of center, with conductors running horizontally across the scene. Tall redwoods and conifers on both sides reach at/above conductor height, with tree crowns directly beside the line within the recommended envelope and posing fall-in risk. Nearest vegetation is ABOVE conductor height within roughly a few feet to a dozen feet."
R00310,37.126195,-122.121332,0,-1,0,0,True,"No overhead distribution conductors are visible in this image. While there are utility poles and lines present (appearing as thin wires in the distance on the right side), no clear distribution conductors with associated wood poles and crossarms are identifiable in the frame. The vegetation in the foreground consists of ivy-covered trees and shrubs below conductor height, but no distribution lines are present to assess clearance against."
R00311,37.126245,-122.122957,3,-1,4,4,True,"Overhead conductors are visible running diagonally across the left/upper portion of the image toward a pole/mast on the building. Tall trees and dense foliage are at or above conductor height directly beside and behind the line, well within the recommended clearance envelope, with vegetation crowns adjacent to the wires."
R00312,37.126245,-122.127424,4,-1,5,5,True,"Overhead distribution conductors are visible running along the road from the pole on the right. Trees on both sides have crowns at and above conductor height, with foliage directly overhanging and touching the lines, well within the 4 ft violation threshold."
R00313,37.126270,-122.126356,0,-1,0,0,True,"No overhead distribution conductors are visible in this image. The view shows a tree-lined residential road in the Santa Cruz Mountains with dense vegetation on both sides, but no utility poles, crossarms, or uninsulated conductors are present."
R00314,37.126270,-122.132843,0,-1,0,0,True,"No overhead distribution conductors are visible in this image. The scene shows a residential driveway lined with tall redwood and other trees, but no power lines, poles, or conductors are present."
R00315,37.126319,-122.132023,4,-1,5,5,True,"Overhead distribution conductors are visible spanning across the frame from the pole on the right. Dense tall trees and foliage crowd the corridor, with vegetation at and above conductor height immediately adjacent, appearing to touch or nearly touch the lines - violation-level clearance."
R00316,37.126419,-122.127956,4,-1,4,4,True,"Overhead distribution conductors are visible running along the road with a pole mid-frame. Dense tree crowns on both sides are at or near conductor height, with foliage on the right within the ~12 ft envelope. Trees are AT conductor height and only a few feet away laterally."
R00317,37.126434,-122.130516,5,-1,4,4,True,"Overhead distribution conductors are visible spanning horizontally across the frame supported by a wood pole. Dense tree crowns are at/above conductor height directly beside and behind the lines, within a few feet of the conductors on both sides, placing vegetation well inside the recommended 12 ft envelope with fall-in risk."
R00318,37.126663,-122.128574,4,-1,4,4,True,"Overhead conductors are visible on the left side running along the road, supported by poles among tall redwoods. Dense tree crowns and redwood trunks are directly beside and above the line at conductor height, within a few feet. Tall trees also present fall-in risk. No confirmed contact, but vegetation is well within the recommended envelope."
R00319,37.126699,-122.125947,4,-1,5,5,True,"A wood distribution pole with crossarm and multiple uninsulated conductors is clearly visible. Dense tree crowns on the right side reach to and above conductor height, with foliage appearing to touch/overhang the lines - violation-level clearance. Vegetation is AT/ABOVE conductor height and within a few feet."
R00320,37.126711,-122.122748,4,-1,5,5,True,"Distribution conductors are visible on the wood pole with crossarm and transformer on the right, and lines running along the road. Dense tall trees/redwoods are directly beside the pole with crowns AT or ABOVE conductor height, and foliage appears to touch or overhang the conductors within a few feet."
R00321,37.126751,-122.131151,3,-1,4,4,True,"Distribution conductors are visible on the right side, running from the pole with transformer down the road. Tall redwoods and conifers surround the corridor with crowns at and well above conductor height directly beside and overhanging the line, within the 12 ft envelope and posing significant fall-in risk."
R00322,37.126911,-122.126935,1,-1,1,1,True,"Two wood utility poles with overhead distribution conductors are visible on the hillside. The nearest vegetation consists of low grass and scattered shrubs on the cleared embankment, all BELOW conductor height and well outside the 4-12 ft clearance envelope. Taller conifer trees visible in the background are distant from the line corridor and do not pose an immediate fall-in hazard to the conductors."
R00323,37.126953,-122.125377,5,-1,4,4,True,"Overhead distribution conductors are faintly visible spanning across the road and running down the right side of the corridor. Tall redwoods and dense tree crowns on both sides are AT or ABOVE conductor height and immediately adjacent, well within the 12 ft envelope and posing fall-in risk."
R00324,37.126998,-122.129093,0,-1,0,0,True,"No overhead distribution conductors are visible in this image. There is a service line or single-phase wire visible in the upper left, but no distribution-level conductors with wood poles, crossarms, or uninsulated multi-phase lines are present in the scene. The image shows a residential driveway with mature trees and vegetation, but no distribution infrastructure requiring clearance assessment."
R00325,37.127018,-122.120878,0,-1,0,0,True,"No overhead electric distribution conductors are visible in this image. The scene shows a sandy beach or clearing area with people, trees in the background, and a wooden fence structure, but no poles, crossarms, or uninsulated conductors."
R00326,37.127041,-122.132034,0,-1,0,0,True,"No overhead distribution conductors are visible in this image. The view shows a residential driveway lined with tall redwood and conifer trees, but no utility poles, crossarms, or distribution-level conductors can be identified. Only vegetation is present."
R00327,37.127067,-122.124837,4,-1,4,4,True,"Overhead distribution conductors are visible spanning across the upper portion of the image with a pole on the right side. Dense tree crowns on both sides of the corridor are at or above conductor height, with foliage on the right approaching within the ~12 ft envelope of the line."
R00328,37.127075,-122.127518,4,-1,4,4,True,"A wood distribution pole with a streetlight is visible on the left, with conductors running along the corridor. Tall trees on both sides, especially the large evergreens on the right, reach at or above conductor height directly beside the line, with crowns well within the 12 ft envelope and posing fall-in risk. Nearest vegetation is AT/ABOVE conductor height, within a few feet."
R00329,37.127170,-122.124160,4,-1,5,5,True,"Overhead distribution conductors are visible spanning across the road, supported by a pole mid-image. Tall redwoods and dense tree crowns are ABOVE conductor height and directly adjacent, with foliage appearing to touch or overhang the conductors on both sides. Vegetation is well within the 4 ft envelope, a violation-level condition."
R00330,37.127171,-122.129595,4,-1,4,4,True,"Overhead distribution conductors are visible crossing the sky from upper left toward the right side of the image. Tall trees on both sides, particularly the dense crowns on the right, are at or above conductor height and directly adjacent to the line, placing vegetation within the recommended clearance envelope."
R00331,37.127212,-122.123596,4,-1,4,4,True,"Overhead distribution conductors are visible spanning the sky across the road. Tall redwoods and dense tree crowns on both sides reach at or above conductor height, directly beside the line within the recommended clearance envelope. Nearest vegetation appears AT/ABOVE conductor height within a few feet on the right side."
R00332,37.127371,-122.128072,2,-1,2,2,True,"Overhead distribution conductors are visible on poles along the left side of the road. The nearest vegetation (shrubs and lower tree growth) on both sides of the corridor is BELOW conductor height and appears to be 15–20+ feet away from the line. While there are taller trees in the background and to the right, they are not in the immediate fall-in zone. The vegetation clearance is acceptable relative to the 4 ft minimum and 12 ft recommended CPUC standards, though monitoring for future growth is warranted."
R00333,37.127399,-122.127002,2,-1,2,2,True,"Overhead distribution conductors are visible on the wooden pole in the left-center of the image. The nearest vegetation consists of trees and foliage that are predominantly BELOW conductor height and located several feet away from the line corridor. There are no vegetation crowns at or above conductor height directly beside the line, and no vegetation within the 4 ft or 12 ft clearance envelopes. Trees are present in the area but maintain adequate separation from the conductors."
R00334,37.127437,-122.131919,4,-1,5,5,True,"An overhead conductor spans across the upper portion of the image from left to right, disappearing into dense tree foliage. Tall redwoods and other trees crowd the line and vegetation appears to be touching/overhanging the conductor as it enters the canopy on the right, indicating violation-level contact. Nearest vegetation is AT or ABOVE conductor height and directly contacting the line."
R00335,37.127447,-122.114542,5,-1,5,5,True,"Overhead distribution conductors are visible spanning across the top of the image and running along the corridor with a pole at right-center. Dense tree crowns and branches are at and above conductor height on both sides, with foliage directly touching/overhanging the lines - violation-level clearance."
R00336,37.127489,-122.128600,4,-1,4,4,True,"A wood distribution pole with crossarm and multiple overhead conductors is clearly visible running left across the frame. Tall trees on the right slope have crowns at or above conductor height directly beside the line, and dense vegetation is within the recommended 12 ft envelope. Nearest vegetation is AT conductor height within a few feet on the right side."
R00337,37.127517,-122.122946,4,-1,4,4,True,"Overhead distribution conductors are visible running along the right side of the road with poles and crossarms. Tall redwoods and dense conifers on both sides reach at or above conductor height, with tree crowns directly beside the line within the recommended 12 ft envelope. Nearest vegetation is ABOVE conductor height, only a few feet from the conductors."
R00338,37.127541,-122.124526,0,-1,0,0,True,"No overhead distribution conductors are visible in this image. The view shows a residential driveway lined with vegetation, trees, and landscaping, but no electric poles, crossarms, or uninsulated conductors are present."
R00339,37.127575,-122.114008,4,-1,5,5,True,"Overhead distribution conductors are visible crossing the frame from upper left toward the poles/right. Dense tall trees and branches are directly touching and overhanging the lines, with foliage well above and at conductor height within inches, indicating violation-level contact."
R00340,37.127656,-122.130135,4,-1,4,4,True,"A wood pole is visible on the left with what appear to be distribution conductors running along the corridor, heavily obscured by a large overhanging oak canopy. Tree crowns are AT/ABOVE conductor height directly beside and over the line, with foliage within the recommended clearance envelope."
R00341,37.127749,-122.113495,0,-1,0,0,True,"No overhead distribution conductors are visible in this image. The view shows a narrow forested road lined with tall redwood and other trees, with vegetation on both sides, but no utility poles, crossarms, or uninsulated conductors are present in the frame."
R00342,37.127839,-122.132052,4,-1,5,5,True,"A wood distribution pole with crossarm is visible right of center, with conductors running along the road. Dense trees and vegetation on the right embankment are at conductor height and appear to touch/overhang the lines, and tall redwoods on the left tower well above the conductors within falling distance. Nearest vegetation is AT conductor height and within ~4 ft."
R00343,37.127867,-122.127563,3,-1,4,4,True,"A wood distribution pole with crossarm and transformer is visible on the left, with conductors running rightward across the frame. Large trees on the right side reach at or above conductor height and their crowns are close to the line span, placing vegetation within the recommended clearance envelope."
R00344,37.127971,-122.122985,3,-1,4,4,True,"Overhead distribution conductors are visible running along the road, supported by a wood pole with crossarm on the left. Tall redwoods and other trees line the corridor, with crowns at or above conductor height directly beside the line on the right side. Nearest vegetation appears AT/ABOVE conductor height within the recommended clearance envelope."
R00345,37.127997,-122.124541,5,-1,5,5,True,"A wood distribution pole with crossarm and conductors is visible center-left, with lines running across the frame. Tall trees (redwoods on left, deciduous trees on right) reach at or above conductor height, and foliage appears to overhang/touch the conductors near the pole and to the right, indicating violation-level encroachment."
R00346,37.128017,-122.112853,0,-1,0,0,True,"No overhead distribution conductors are visible in this image. The photo shows residential properties surrounded by tall trees in a forested setting, but no power lines or utility infrastructure can be identified."
R00347,37.128067,-122.122231,0,-1,0,0,True,"No overhead distribution conductors are visible in this image. The view shows a residential area with parked vehicles, small outbuildings, and a white house surrounded by tall trees, but no power lines or utility infrastructure are apparent in the frame."
R00348,37.128108,-122.113866,4,-1,5,5,True,"Overhead distribution conductors are visible in the upper left crossing the scene. Tall trees and foliage on the left are at/above conductor height and directly adjacent, with branches appearing to touch or overhang the lines. Dense redwood/tree canopy towers well above the conductors within falling distance, indicating violation-level clearance concerns."
R00349,37.128137,-122.128225,1,-1,1,1,True,"Overhead distribution conductors are visible as a single line crossing the upper portion of the image. The nearest vegetation consists of low shrubs and landscaping immediately around the residential property below conductor height, approximately 15-20+ feet away horizontally and well below the conductor level. No tall trees are positioned directly beneath or immediately adjacent to the line corridor in this view."
R00350,37.128161,-122.132448,4,-1,5,5,True,"A wood distribution pole with crossarm is visible on the left, with conductors running along the road. Dense trees and vegetation are immediately adjacent, with tall conifers towering ABOVE conductor height and crowns overhanging/touching the line corridor within a few feet, well inside the 4 ft envelope with clear fall-in risk."
R00351,37.128166,-122.130614,4,-1,5,5,True,"Overhead distribution conductors are visible crossing the frame from upper left and running down the corridor to a pole near center. Dense trees and tall crowns crowd the corridor on both sides, with vegetation at and above conductor height directly beside and overhanging the lines within a few feet, indicating violation-level encroachment."
R00352,37.128299,-122.113336,0,-1,0,0,True,"No overhead distribution conductors are visible in this image. The scene shows a tree-lined rural road with mature trees on both sides, but no utility poles, crossarms, or uninsulated conductors can be identified. Only vegetation (tall trees and understory growth) is present along the corridor."
R00353,37.128362,-122.116681,4,-1,4,4,True,Overhead distribution conductors are visible running along the right side of the road with a wood pole. Dense trees and shrubs on the right are at or above conductor height and directly beside the line within the recommended clearance envelope. Tall redwoods on the left also exceed line height within falling distance.
R00354,37.128414,-122.127755,0,-1,0,0,True,"No overhead distribution lines or conductors are visible in this image. The view shows a rural road lined with dense vegetation and trees in the Santa Cruz Mountains, but no utility poles, crossarms, or uninsulated conductors are present in the frame."
R00355,37.128427,-122.123012,3,-1,5,5,True,"Distribution conductors are visible on the left running from poles and crossing toward a pole near center-right. Tall redwoods and dense vegetation are at and above conductor height immediately adjacent to and overhanging the lines, well within the 4 ft envelope, indicating violation-level encroachment."
R00356,37.128436,-122.117367,4,-1,5,5,True,"Overhead distribution conductors run along the right side of the road on a wood pole with crossarm. Dense tall trees and vegetation on the right are at/above conductor height and directly overhanging/touching the line, well within the 4 ft envelope - violation level."
R00357,37.128464,-122.124694,3,-1,4,4,True,"Distribution conductors are visible spanning from the wood pole with crossarm at center-right across the image. Tall redwoods and other trees on both sides reach at or above conductor height, with tree crowns directly beside and near the line within the recommended 12 ft envelope. Nearest vegetation is AT/ABOVE conductor height within a few feet to ~10 ft."
R00358,37.128495,-122.114128,3,-1,5,5,True,"Overhead distribution conductors are visible crossing the scene diagonally and running along the road. Dense redwood and conifer foliage is at and above conductor height, with tree crowns directly touching/overhanging the lines, especially on the right side. This is violation-level contact."
R00359,37.128507,-122.122442,2,-1,2,2,True,"Distribution conductors are visible on both sides of the road on wooden poles. The nearest vegetation (tall conifers on both sides) is BELOW conductor height and appears to be approximately 15–20+ feet away horizontally from the line corridor. While there are substantial trees in the area, their crowns are positioned below the conductor elevation and maintain adequate clearance outside the immediate envelope. No immediate violation-level hazard is present, though the proximity of mature trees warrants monitoring for fall-in risk if they were to become unstable."
R00360,37.128508,-122.117876,4,-1,5,5,True,"Overhead distribution conductors are visible running along the left side of the road, supported by poles. Dense tall trees and vegetation on the left are at and above conductor height, with foliage directly adjacent to and overhanging the lines within a few feet, indicating violation-level clearance."
R00361,37.128509,-122.121751,4,-1,5,5,True,"Multiple overhead distribution conductors span the scene from left to right. Tall redwoods and dense conifer foliage are directly adjacent to and overhang the lines; on the right side tree crowns are well above conductor height and within a few feet of the wires, indicating violation-level encroachment."
R00362,37.128537,-122.132945,0,-1,0,0,True,"No overhead distribution conductors are visible in this image. The road is lined with tall trees on both sides, but no utility poles, crossarms, or uninsulated distribution conductors can be seen along the roadway or overhead corridor."
R00363,37.128556,-122.116040,4,-1,5,5,True,"Overhead distribution conductors are visible spanning the road and running along the right side. Tall redwoods and dense tree crowns on the right are AT or ABOVE conductor height directly adjacent to and overhanging the line, well within the 4 ft envelope, indicating violation-level contact/overhang."
R00364,37.128584,-122.118432,4,-1,5,5,True,"Overhead distribution conductors are visible running along the right side of the road with a pole on the right. Tall redwoods and dense vegetation on the right are AT or ABOVE conductor height and appear to be touching/immediately adjacent to the lines, indicating violation-level clearance."
R00365,37.128616,-122.120837,4,-1,5,5,True,"Overhead distribution conductors are visible running diagonally across the upper right of the image. Tall redwoods and dense tree crowns on both sides are AT or ABOVE conductor height, with foliage on the right appearing to touch or overhang the line within a few feet, indicating violation-level clearance."
R00366,37.128628,-122.131140,4,-1,5,5,True,"A wood distribution pole with crossarm is visible at left, and conductors span across the road toward tall trees on the right. Dense tall trees on both sides have crowns at or above conductor height, with foliage on the right side appearing to touch/overhang the line where it enters the trees - violation-level clearance."
R00367,37.128695,-122.115554,4,-1,5,5,True,"Overhead distribution conductors are visible on a wood pole with crossarm at left-center, running along the road. Tall redwoods and dense tree foliage are directly beside and overhanging the conductors, with crowns well ABOVE conductor height and foliage at/within the line at essentially zero clearance, indicating violation-level encroachment."
R00368,37.128716,-122.119085,3,-1,5,5,True,"Overhead distribution conductors are visible on the left running along the road from a wood pole. Tall redwoods and dense tree crowns are directly adjacent to and above the conductor height, with foliage appearing to touch or overhang the lines within a few feet."
R00369,37.128757,-122.120229,4,-1,5,5,True,"Overhead conductors are visible crossing the top of the frame. Tall redwoods and dense tree crowns rise well ABOVE conductor height on both sides, with foliage in the upper right appearing to touch/overhang the lines within ~4 ft. Multiple trees taller than the line pose fall-in risk."
R00370,37.128787,-122.119643,3,-1,5,5,True,"Overhead distribution conductors are visible on the left side running along the road, supported by wood poles. Dense trees and vegetation on the left are AT and ABOVE conductor height and appear to be touching/overhanging the lines within a few feet, indicating a violation-level clearance issue."
R00371,37.128841,-122.115016,4,-1,4,4,True,"Overhead distribution conductors are visible on the right side running along the road, supported by poles. Tall redwoods and dense vegetation on the right are AT or ABOVE conductor height and very close to the line (within a few feet), creating fall-in and encroachment risk."
R00372,37.128885,-122.123049,4,-1,5,5,True,"Overhead distribution conductors are visible spanning the road, supported by a pole on the right. Dense tree crowns on the left rise well ABOVE conductor height and vegetation appears to be touching/overhanging the lines on the left side (within a few feet), indicating a violation-level condition."
R00373,37.128917,-122.124673,3,-1,4,4,True,"Overhead conductors are visible spanning across the sky from upper right toward the pole/tree area center. Tall redwood and conifer crowns are at or above conductor height directly beside and beneath the line span, well within the 12 ft envelope and posing fall-in risk."
R00374,37.128963,-122.122094,4,-1,4,4,True,"A wood distribution pole with crossarm is visible left of center, with faint conductors running across the road. Dense tall conifers and redwoods flank both sides of the corridor, with tree crowns at and above conductor height directly beside the line and vegetation encroaching within the recommended envelope. Nearest vegetation is ABOVE conductor height within a few feet."
R00375,37.128991,-122.133499,3,-1,4,4,True,"A wood distribution pole with equipment is visible on the left, with conductors running along the corridor. Dense trees and tall vegetation (redwoods and deciduous crowns) are immediately adjacent to and at/above conductor height, well within the 12 ft recommended envelope and posing fall-in risk."
R00376,37.129028,-122.131755,4,-1,4,4,True,"Overhead distribution conductors are visible spanning across the road and running to a pole on the right. Tall redwood and conifer crowns on both sides rise well ABOVE conductor height, with dense foliage immediately adjacent to the line (within ~12 ft envelope) and numerous tall trees within falling distance."
R00377,37.129105,-122.113945,3,-1,4,4,True,"Faint distribution lines appear to run along the right side of the road near the pole around the parked white van. Tall trees and dense forest crowns are at or above conductor height directly beside the line, within the recommended clearance envelope."
R00378,37.129182,-122.120444,4,-1,5,5,True,"Overhead distribution conductors are visible running diagonally across the upper left and along the road corridor. Tall redwoods and dense vegetation are immediately adjacent, with tree crowns and foliage at/above conductor height and vegetation appearing to touch/overhang the lines on the left side. Nearest vegetation is ABOVE conductor height and within a few feet, indicating a violation-level condition plus significant fall-in risk from the surrounding tall trees."
R00379,37.129198,-122.132326,3,-1,5,5,True,"A conductor is visible on the left side running diagonally through the frame. Dense vegetation and tall trees are immediately adjacent, with foliage effectively touching/overhanging the line at a height above the conductor. This is a violation-level clearance situation."
R00380,37.129238,-122.117778,3,-1,4,4,True,"A faint overhead conductor is visible in the upper left crossing the road corridor. Tall redwoods and dense tree crowns are at/above conductor height directly beside the line, well within the recommended envelope and posing fall-in risk."
R00381,37.129261,-122.113295,0,-1,0,0,True,"No overhead distribution conductors are visible in this image. The scene shows a rural mountain road with dense vegetation on both sides, including tall trees and undergrowth on a hillside, but no wood poles, crossarms, or uninsulated conductors are present in the view."
R00382,37.129353,-122.123096,4,-1,5,5,True,"Overhead distribution conductors are visible spanning across the road from the left side. Tall redwoods and dense tree crowns are at and above conductor height directly beside and overhanging the lines, with foliage appearing to touch/overhang the conductors on the left side."
R00383,37.129399,-122.133738,4,-1,4,4,True,"Overhead distribution conductors are visible spanning across the road and running toward a pole with equipment on the right side. Tall redwoods and dense tree crowns are at and above conductor height directly beside and overhanging the line corridor, within the recommended clearance envelope and posing fall-in risk. Nearest vegetation is ABOVE conductor height, only a few feet from the line."
R00384,37.129441,-122.117268,0,-1,0,0,True,"No overhead distribution conductors are visible in this image. The tall poles visible appear to be on private residential property and do not show clear distribution line infrastructure with uninsulated conductors. The image shows a residential driveway with large trees, but no utility distribution lines with exposure to vegetation clearance issues."
R00385,37.129469,-122.112822,3,-1,5,5,True,"Distribution conductors are visible running from the wood pole on the right across the road. Tall redwoods and dense vegetation are directly adjacent to and overhanging the conductor line, with tree crowns well above conductor height and within touching/violation-level distance on the right side."
R00386,37.129509,-122.132811,4,-1,5,5,True,"A wood distribution pole with crossarm is visible on the right, with conductors running across the road. Tall trees and dense foliage on the right are at/above conductor height and directly overhanging/touching the lines, well within the 4 ft clearance envelope."
R00387,37.129646,-122.120829,4,-1,4,4,True,"Overhead distribution conductors are visible crossing the upper portion of the image. Tall redwoods and dense tree crowns are at or above conductor height directly beside the line corridor, well within the recommended 12 ft envelope, though no clear touching contact is confirmed."
R00388,37.129739,-122.119062,0,-1,0,0,True,"No overhead distribution conductors are visible in this image. The image shows a residential driveway with trees and vegetation on both sides, but no wooden poles, crossarms, or uninsulated conductors are present. Only dense foliage and mature trees are visible along the property line."
R00389,37.129749,-122.112364,4,-1,4,4,True,"Overhead conductors are visible crossing the frame diagonally against the sky. Tall trees (redwoods/conifers) line both sides of the road with crowns AT or ABOVE conductor height directly beside the line, within the recommended clearance envelope and posing fall-in risk."
R00390,37.129770,-122.122177,3,-1,4,4,True,"A single overhead conductor is visible crossing the upper portion of the image against the sky. Tall trees line both sides of the road with crowns at or above the conductor height, and dense vegetation is directly beside the line within the recommended clearance envelope. Nearest vegetation appears ABOVE conductor height within a few feet."
R00391,37.129799,-122.113901,0,-1,0,0,True,"No overhead distribution conductors are visible in this image. The view shows a residential property with a garage/workshop building, driveway, vehicles, and surrounding vegetation including trees, but no power lines or utility poles are present in the frame."
R00392,37.129799,-122.113249,4,-1,5,5,True,"Multiple overhead distribution conductors span the image left to right. The large oak tree crown in center and the conifer at left are at or above conductor height with foliage overhanging/touching the lines, indicating violation-level intrusion within ~4 ft."
R00393,37.129852,-122.119591,0,-1,0,0,True,"No overhead distribution conductors are visible in this image. The scene shows dense vegetation including trees and shrubs along what appears to be a roadside corridor, but no wood poles, crossarms, or uninsulated distribution conductors can be identified. Only foliage and tree canopy are visible."
R00394,37.129859,-122.123342,3,-1,5,5,True,"Overhead distribution conductors are visible spanning the road on the right side, supported by a pole. Dense redwood and mixed forest crowns are directly at and above conductor height on both sides, with foliage overhanging and effectively touching the line - violation-level clearance."
R00395,37.129881,-122.133156,3,-1,5,5,True,"Overhead distribution conductors are visible extending from the wood pole at left across the corridor. Trees and vegetation on both sides rise to or above conductor height, with foliage on the right and left within a few feet of and overhanging the lines. Tall redwoods along the corridor also pose fall-in risk."
R00396,37.129913,-122.133925,4,-1,5,5,True,"Overhead distribution conductors are visible crossing the sky from left to right across the road corridor. Tall trees (redwoods/conifers) on both sides reach well ABOVE conductor height and dense crowns appear to be touching or overhanging the spans, well within the 4 ft envelope."
R00397,37.130052,-122.111939,4,-1,5,5,True,"Overhead distribution conductors are visible spanning the road from a wood pole on the right with crossarm. Dense tree crowns on both sides are at conductor height and appear to be touching/overhanging the conductors on the left, well within the 4 ft envelope."
R00398,37.130185,-122.121868,4,-1,4,4,True,"Overhead conductors are visible spanning across the top of the frame. Tall redwoods and conifers flank the corridor with crowns clearly at or above conductor height directly beside the line, posing fall-in and encroachment risk. Nearest tall trees are AT/ABOVE conductor height and close to the span."
R00399,37.130238,-122.121232,4,-1,5,5,True,"A single overhead conductor spans across the upper portion of the image. Tall conifer crowns on both sides rise to and above the conductor height, with foliage appearing to touch/overhang the line - violation-level encroachment. Nearest vegetation is AT/ABOVE conductor height and essentially in contact."
R00400,37.130242,-122.119386,2,-1,2,2,True,"Overhead distribution conductors are visible on wood pole in the center of the image. Vegetation (mixed deciduous and coniferous trees) is present in the background and to the right side, but the nearest vegetation appears to be BELOW conductor height and outside the immediate clearance envelope. Trees are at distance and do not pose an immediate fall-in risk or encroachment. Low vegetation on the roadside is minimal. No vegetation is touching or within the ~4 ft violation zone."
R00401,37.130249,-122.134238,4,-1,5,5,True,"Overhead distribution conductors are visible spanning the road diagonally from a pole on the left. Tall trees flank the corridor on both sides, with tree crowns at and above conductor height directly beside and overhanging the line, and dense vegetation appears within a few feet of the conductors, indicating violation-level clearance."
R00402,37.130264,-122.113365,0,-1,0,0,True,"No overhead distribution conductors are visible in this image. The scene shows a residential driveway or road lined with mature trees on both sides, but no power lines, wooden poles, crossarms, or uninsulated conductors are apparent. Therefore, no vegetation clearance assessment is applicable."
R00403,37.130296,-122.133484,4,-1,4,4,True,"Overhead distribution conductors are visible crossing the sky in the upper right portion of the image. Tall redwoods and conifers on both sides of the corridor reach well ABOVE conductor height, with tree crowns directly beside the line and within falling distance, some vegetation appearing near the recommended 12 ft envelope."
R00404,37.130417,-122.111429,0,-1,0,0,True,"No overhead distribution conductors are visible in this image. The view shows a road through a forested corridor with dense tree canopy on both sides, but there are no utility poles, crossarms, or uninsulated conductors visible. Only trees and road are present."
R00405,37.130458,-122.123860,0,-1,0,0,True,"No overhead electric distribution conductors are visible in this image. The view shows a forested road in the Santa Cruz Mountains with dense vegetation on both sides, including tall conifers and dense understory growth, but no visible wood poles, crossarms, or uninsulated conductors."
R00406,37.130466,-122.120055,4,-1,5,5,True,"Overhead distribution conductors are visible crossing the upper portion of the image from the pole at right toward the left. A large tree crown on the right sits directly beside and appears to overhang/touch the conductors, well within the 4 ft clearance envelope, indicating a violation-level condition."
R00407,37.130500,-122.122328,3,-1,5,5,True,"Overhead conductors are visible crossing the upper right portion of the image, running along the road corridor. Dense tall trees (redwoods and conifers) flank the line on both sides, with crowns AT or ABOVE conductor height and foliage immediately adjacent to/overhanging the wires (well within 4 ft). This is violation-level clearance."
R00408,37.130559,-122.120561,0,-1,0,0,True,"No overhead distribution conductors are visible in this image. While there are utility poles and lines visible in the upper left portion of the image, they are not clearly identifiable as distribution lines with exposed conductors. The image shows a rural mountain road with dense vegetation on both sides, but no clear CPUC distribution infrastructure that can be assessed for vegetation clearance violations."
R00409,37.130641,-122.134897,4,-1,4,4,True,"Distribution conductors are visible on the right, supported by a wood pole with crossarm near the road bend, spanning across to the trees on the right. Tall redwoods and dense tree crowns on the right side are at or above conductor height and immediately adjacent to the line, placing vegetation within the recommended 12 ft envelope and posing fall-in risk."
R00410,37.130711,-122.133717,4,-1,5,5,True,"Overhead distribution conductors run along the left/center of the corridor from a wood pole visible mid-frame. Tall redwoods and dense tree crowns on the right side extend well above conductor height and appear immediately adjacent to and overhanging the line, within violation-level clearance (<4 ft), with clear fall-in risk from trees far taller than the line."
R00411,37.130721,-122.111005,4,-1,4,4,True,"A faint overhead conductor is visible crossing the upper-left of the image against the sky. Tall trees (redwoods/conifers) crowd both sides of the corridor with crowns at or above the apparent conductor height, and dense vegetation is directly beside/within the recommended envelope. Nearest vegetation is AT/ABOVE conductor height and within a few feet."
R00412,37.130809,-122.124382,0,-1,0,0,True,"No overhead distribution conductors are visible in this image. The road shows dense forest vegetation on both sides with tall trees lining the corridor, but no wood poles, crossarms, or uninsulated conductors are apparent."
R00413,37.130890,-122.108372,0,-1,0,0,True,"No overhead distribution conductors are visible in this Street View image. The scene shows a rural driveway with dense vegetation on both sides, but no utility poles, crossarms, or uninsulated conductors are present in the frame."
R00414,37.130895,-122.122855,0,-1,0,0,True,"No overhead distribution conductors are visible in this image. The scene shows dense vegetation including trees and ivy-covered surfaces, but no wood poles, crossarms, or uninsulated conductors can be identified."
R00415,37.131024,-122.135552,4,-1,5,5,True,"Overhead distribution conductors are visible on the right side crossing the road at upper right. Tall redwoods and dense tree crowns are directly adjacent and above conductor height, with foliage appearing to touch/overhang the lines within a few feet, indicating a violation-level condition."
R00416,37.131043,-122.120808,4,-1,4,4,True,"A wood distribution pole with crossarm is visible on the left side, with conductors running left across the frame. Large trees on the left near the pole have crowns at or above conductor height within roughly 10-15 ft, and vegetation appears close to the line, placing it in the ~12 ft envelope range."
R00417,37.131077,-122.108833,0,-1,0,0,True,"No overhead distribution conductors are visible in this image. While there are power lines visible on the left side of the image, they appear to be service lines or telecom-only lines. The road is heavily vegetated on both sides with trees and shrubs, but without visible distribution infrastructure to evaluate, the clearance assessment is not applicable."
R00418,37.131089,-122.110491,4,-1,5,5,True,"Overhead distribution conductors span the road from the pole at left and continue down the corridor to a pole near center-right. Tall trees (redwoods/conifers) crowd both sides with crowns well ABOVE conductor height, and foliage on the left appears to be touching or within a few feet of the lines. Violation-level proximity."
R00419,37.131147,-122.107715,3,-1,5,5,True,"Overhead distribution conductors are visible running from the utility pole (center) toward the right across the corridor. Large trees on the right side have crowns AT and ABOVE conductor height, with foliage overhanging/touching the lines within a few feet, indicating a violation-level clearance condition."
R00420,37.131154,-122.123483,3,-1,5,5,True,"Overhead distribution conductors are visible on the left side of the image crossing the road at pole height. Tall redwood trees line both sides of the corridor with crowns well ABOVE conductor height, and foliage appears to be touching or immediately overhanging the lines (within a few feet), indicating a violation-level clearance concern with severe fall-in risk."
R00421,37.131198,-122.134220,4,-1,5,5,True,"Overhead distribution conductors are visible crossing the sky from upper left. Dense tree foliage and tall redwoods (crowns well ABOVE conductor height) crowd the lines on both sides, with vegetation appearing to touch/overhang the wires near the center-left crown, indicating violation-level encroachment."
R00422,37.131296,-122.105318,0,-1,0,0,True,"No overhead distribution lines are visible in this image. The scene shows a campground area surrounded by tall trees, but no wood poles, crossarms, or uninsulated conductors are present in the frame."
R00423,37.131311,-122.120097,3,-1,4,4,True,"Overhead conductors are visible crossing the sky from upper right toward the center/left. Tall trees on both sides reach at or above conductor height, with dense tree crowns on the right beside the line within the recommended clearance envelope."
R00424,37.131336,-122.136114,4,-1,4,4,True,"A distribution conductor is faintly visible spanning the road on the left side, with wire descending from the tree area on the left. Tall redwoods and dense tree crowns are at or above conductor height directly beside and overhanging the corridor, well within the recommended clearance envelope."
R00425,37.131341,-122.119508,4,-1,5,5,True,"A wood distribution pole is visible on the right with conductors spanning across the road (visible as lines crossing upper portion). Tall conifer and other trees on both sides reach at or above conductor height, with foliage directly adjacent to and overhanging the line span — vegetation is essentially touching/within a few feet of the conductors, a violation-level condition."
R00426,37.131384,-122.109302,4,-1,5,5,True,"Overhead distribution conductors are visible crossing the upper portion of the image. A large tree's crown is at and above conductor height, with foliage directly touching/overhanging the lines, indicating a violation-level clearance issue."
R00427,37.131433,-122.122809,0,-1,0,0,True,"No overhead distribution conductors are visible in this image. The scene shows a residential road in a forest with tall redwood/conifer trees on both sides, but no electric utility poles, crossarms, or uninsulated conductors are discernible."
R00428,37.131437,-122.121440,2,-1,2,2,True,"Overhead distribution conductors visible on wood pole at left side of image. Tall conifer and broadleaf trees are present in the corridor, but the nearest vegetation crowns are below conductor height. Trees are in the vicinity of the line but do not appear to be within the 4–12 ft clearance envelope or presenting immediate fall-in risk at this viewpoint."
R00429,37.131521,-122.109911,4,-1,4,4,True,"Multiple overhead distribution conductors span the image across the treeline. Tree crowns on the right side are at or above conductor height directly beside the line, with foliage within the ~12 ft recommended envelope. Nearest vegetation is AT conductor height, only a few feet away."
R00430,37.131553,-122.124741,4,-1,4,4,True,"A distribution pole is visible on the right side mid-image with conductors running along the road. Tall redwoods and dense vegetation on both sides tower well above conductor height, with tree crowns directly beside and overhanging the line within the 12 ft envelope. Numerous trees far exceed line height posing fall-in risk."
R00431,37.131574,-122.123633,2,-1,2,2,True,"Distribution conductors are visible on poles in the distance along the road corridor. Vegetation (trees and shrubs) is present on both sides of the road, but the nearest vegetation appears to be below to at conductor height and is currently outside the ~12 ft envelope. Trees in the corridor are established but do not show active overgrowth or encroachment directly threatening the lines at this moment. No vegetation is touching or within critical clearance distance of the conductors visible in this view."
R00432,37.131590,-122.134844,4,-1,4,4,True,"Overhead conductors are faintly visible in the upper left crossing the corridor, with a pole and utility truck present. Dense tall trees and foliage crown at or above conductor height directly beside and overhanging the corridor, well within the 12 ft envelope."
R00433,37.131597,-122.136574,4,-1,5,5,True,"Overhead distribution conductors are visible spanning the road, running into the tall redwood forest. The dense redwoods and other trees are well ABOVE conductor height and immediately adjacent, with crowns overhanging the line span - vegetation appears to be touching or within a few feet of the conductors, indicating a violation-level condition plus significant fall-in risk."
R00434,37.131598,-122.108395,3,-1,4,4,True,"Overhead distribution conductors are visible running from a wood pole with crossarm near the center of the image, extending left across the sky. Dense tree crowns on the right and center are at or above conductor height directly beside the line, within the recommended 12 ft envelope."
R00435,37.131599,-122.118990,3,-1,4,4,True,"A wood distribution pole with crossarm and overhead conductors is clearly visible on the right, spanning across the road. Tall redwood and mixed forest crowns are at or above conductor height directly beside and behind the line, with dense vegetation within the recommended 12 ft envelope. No visible direct contact, but crowns are at conductor height within a few feet on the right side."
R00436,37.131603,-122.107508,4,-1,5,5,True,"A wood distribution pole with multiple overhead conductors spanning across the frame is clearly visible. Dense tall trees and foliage are immediately adjacent to and overhanging the conductors, with vegetation at and above conductor height within a few feet — violation-level encroachment."
R00437,37.131877,-122.137006,4,-1,4,4,True,"A power pole is visible on the right with conductors running along the road and crossing the corridor. Tall redwoods and dense vegetation are directly beside the line, with tree crowns well above conductor height and foliage near the wires within the recommended envelope; trees also present clear fall-in risk."
R00438,37.131906,-122.135476,5,-1,5,5,True,"Overhead distribution conductors are visible crossing the frame diagonally from upper left. Dense tree crowns and foliage on both sides of the narrow corridor are at and above conductor height, with vegetation directly overhanging and appearing to touch the lines — violation-level clearance. Tall redwoods also present fall-in risk."
R00439,37.131962,-122.109338,3,-1,4,4,True,"Faint overhead distribution conductors are visible on the left side running from the wood pole along the road. Dense trees and tree crowns are at or above conductor height directly beside the line, well within the 12 ft envelope."
R00440,37.131970,-122.123060,3,-1,5,5,True,"Overhead distribution conductors are visible crossing the frame with a pole at right. Dense trees and foliage are at and above conductor height, with tree crowns/branches touching or overhanging the lines on the left side. Redwoods far taller than the line also pose fall-in risk. Vegetation is essentially at conductor level and within the 4 ft envelope."
R00441,37.132007,-122.124812,3,-1,5,5,True,"Overhead distribution conductors are visible running along the left side, spanning from the pole with crossarm at left toward the road. Tall redwoods and dense tree crowns are at and above conductor height directly beside and overhanging the line, with vegetation appearing to touch/intrude within the minimum clearance envelope. Nearest vegetation is ABOVE conductor height and immediately adjacent, indicating violation-level encroachment and significant fall-in risk."
R00442,37.132021,-122.123626,0,-1,0,0,True,"No overhead distribution conductors are visible in this image. The scene shows a residential driveway lined with dense vegetation, trees, and parked vehicles, but no utility poles or power lines can be identified."
R00443,37.132059,-122.121592,0,-1,0,0,True,"No overhead distribution conductors are visible in this image. The road is lined with dense forest vegetation on both sides, but no power poles, crossarms, or distribution lines can be identified."
R00444,37.132096,-122.119512,0,-1,0,0,True,"No overhead distribution conductors are visible in this image. The scene shows a rural road lined with trees and a wooden fence, but no power lines, poles, or distribution infrastructure are present."
R00445,37.132223,-122.137381,4,-1,5,5,True,"Overhead distribution conductors are visible spanning the road, running to a pole on the right side. Tall conifers and dense vegetation crowd both sides of the corridor, with tree crowns AT and ABOVE conductor height directly adjacent to and appearing to touch/overhang the lines, especially on the right near the pole. This is violation-level proximity."
R00446,37.132235,-122.120028,3,-1,5,5,True,"A wood distribution pole is visible on the right with conductors running across the road (faint lines against sky). Dense tree crowns on the right, including the oak overhanging near the pole top, are at conductor height and appear to be touching/overhanging the conductors. Vegetation is AT/ABOVE conductor height and within a few feet, indicating a violation-level clearance."
R00447,37.132243,-122.108743,3,-1,4,4,True,"Overhead distribution conductors are visible spanning the road, supported by a pole on the right. Tall trees on the right side reach at or above conductor height directly beside the line, placing crowns within the recommended clearance envelope and posing fall-in risk."
R00448,37.132275,-122.136145,0,-1,0,0,True,"No overhead distribution conductors visible in this image. The view shows a tree-lined residential driveway/road with tall trees on both sides, but no electric utility poles, crossarms, or uninsulated conductors are apparent. Only vegetation (tall trees and shrubs) is visible along the corridor."
R00449,37.132411,-122.104969,2,-1,2,2,True,"Distribution conductors are visible on the wooden pole on the right side of the road. The nearest vegetation includes tree crowns and foliage from tall trees (appearing to be conifers and deciduous trees) that are BELOW and AT conductor height. The trees are positioned near the corridor but do not appear to be within the critical 4 ft radial clearance zone or the 12 ft recommended envelope. The closest vegetation is approximately 15-20+ feet away horizontally, and while some tree crowns reach near conductor height, they are not overhanging or touching the lines. No violation-level encroachment is evident."
R00450,37.132442,-122.125192,4,-1,4,4,True,"Overhead conductors are visible in the upper right corner spanning across the frame, with a pole visible right of center. Tall redwoods and dense tree crowns are at or above conductor height directly beside the line on the right side, well within the 12 ft envelope, though no clear contact is visible."
R00451,37.132465,-122.108244,4,-1,5,5,True,"Multiple overhead distribution conductors span across the image from left poles toward the right. Tall redwoods and dense trees on the right side reach well ABOVE conductor height and their crowns appear to be touching/overhanging the lines, with foliage crossing directly through the conductor path. This is violation-level clearance."
R00452,37.132468,-122.121554,0,-1,0,0,True,"No overhead distribution conductors are visible in this image. The view shows a tree-lined rural road with dense vegetation on both sides, but no power lines, poles, or crossarms are apparent in the visible corridor."
R00453,37.132475,-122.105866,3,-1,4,4,True,"Faint distribution conductors are visible spanning across the road and along the left side near the pole around mid-image. Tall trees (redwoods/conifers) crowd both sides at or above conductor height, with crowns directly beside and overhanging the line corridor, placing vegetation well within the 12 ft envelope and posing fall-in risk."
R00454,37.132479,-122.137842,4,-1,5,5,True,"Overhead distribution conductors are visible spanning the road diagonally across the sky. Tall redwoods and dense tree crowns are at and above conductor height directly adjacent to the line, with foliage appearing to touch/overhang the wires - within a few feet, a violation-level condition."
R00455,37.132543,-122.104299,3,-1,4,4,True,"Overhead distribution conductors are visible running along the left side of the road, supported by poles near the tree line. Tall redwoods and other trees stand directly beside the corridor, with crowns well above conductor height and within close proximity (crowns appear at/above the line, within the recommended 12 ft envelope). No clear direct contact, so score 4."
R00456,37.132558,-122.120447,4,-1,4,4,True,"Overhead distribution conductors are visible spanning diagonally across the sky from upper right toward the trees on the right. Tall trees and cypress crowns on both sides of the road reach at or above conductor height directly beside the line, placing vegetation within the recommended clearance envelope with fall-in risk."
R00457,37.132608,-122.106407,3,-1,4,4,True,"Overhead distribution conductors are clearly visible spanning the road with a pole visible mid-image. Tall trees on both sides, particularly the dense conifers on the right, rise well ABOVE conductor height and their crowns are directly beside the line within the recommended clearance envelope, posing fall-in risk."
R00458,37.132641,-122.125746,0,-1,0,0,True,"No overhead distribution lines are visible in this image. The scene shows a residential driveway with tall redwood and conifer trees, a garage structure on the left, and a house with a red metal roof on the right, but no power lines or electrical conductors are apparent."
R00459,37.132641,-122.136801,4,-1,4,4,True,"Overhead conductors are visible crossing the upper portion of the image diagonally. Dense tree crowns and tall trees are at/above conductor height directly beside and beneath the line span, well within the 12 ft envelope with foliage near the wires."
R00460,37.132673,-122.107630,3,-1,4,4,True,"Overhead distribution conductors are visible spanning the road from the pole on the left. Tall redwoods and trees flank the corridor at or above conductor height, with foliage directly beside and near the lines within roughly a few feet to the recommended 12 ft envelope, plus fall-in risk from the tall trees."
R00461,37.132748,-122.103650,3,-1,5,5,True,"Multiple overhead distribution conductors span across the image from upper left to right. On the right side, dense tall trees and vegetation are directly adjacent to and appear to overhang/touch the conductors, with tree crowns AT or ABOVE conductor height within a few feet. This is a violation-level clearance concern."
R00462,37.132758,-122.118984,2,-1,2,2,True,"Overhead distribution lines are visible on a wooden pole in the middle distance. Vegetation (trees and shrubs) is present along both sides of the road corridor, but the nearest trees and foliage are BELOW conductor height and appear to be outside the 12 ft recommended clearance envelope, roughly 15-20+ ft away from the line. No immediate violation-level vegetation contact or critical fall-in hazard is evident from this viewpoint."
R00463,37.132791,-122.138410,4,-1,4,4,True,"Overhead distribution conductors are visible crossing the sky in the upper portion of the image. Tall redwood and conifer trees line both sides of the corridor, with crowns extending well ABOVE conductor height directly adjacent to the line, within falling distance and close to the recommended envelope."
R00464,37.132867,-122.126367,0,-1,0,0,True,"No overhead electric distribution lines are visible in this image. The scene shows a tree-lined rural road with dense vegetation on both sides, but no wooden poles, crossarms, or uninsulated conductors are present."
R00465,37.132903,-122.125323,3,-1,4,4,True,"Multiple overhead distribution conductors span the scene with a pole on the right. Tall redwoods and trees surround the corridor with crowns at or above conductor height directly beside and among the lines; several trees are clearly taller than the lines and within falling distance, and foliage appears within the recommended clearance envelope."
R00466,37.132939,-122.121422,2,-1,2,2,True,"Overhead distribution pole with conductors visible on the right side of the road. Tall conifer trees (appears to be redwoods) are present on both sides of the corridor, with several tree crowns reaching heights that appear to be at or above the conductor level in the mid to far distance. However, the nearest vegetation on the immediate right and left sides is below conductor height and maintains adequate clearance from the line. Trees in the far distance are taller than the line and within potential falling distance, but immediate vegetation around the visible conductors does not encroach into the 4-ft or 12-ft envelope."
R00467,37.132982,-122.120185,1,-1,1,1,True,"Overhead distribution conductors are visible at the top of the image running left to right. The nearest vegetation consists of low ornamental shrubs (arborvitae or similar) in the foreground, well below conductor height and approximately 20-30+ feet away from the line. No trees are overhanging or within the clearance envelope. Vegetation is far from the line and does not pose a clearance violation."
R00468,37.133007,-122.103176,4,-1,4,4,True,"Overhead distribution conductors are visible spanning the road with a pole visible mid-image right of center. Dense tree crowns on both sides of the corridor are at or above conductor height and directly beside the line, with foliage within the recommended 12 ft envelope on the right side."
R00469,37.133038,-122.119564,1,-1,1,1,True,"Distribution conductors are visible on wooden poles along the right side of the road. The nearest vegetation is low shrubs and dry grasses well below conductor height, located approximately 15-20+ feet away from the lines. No trees with crowns near conductor height are adjacent to the line corridor. Vegetation clearance appears adequate with good separation from the conductors."
R00470,37.133047,-122.137420,5,-1,4,4,True,"Overhead distribution conductors are visible on the wood pole with crossarm, running along the road. Tall trees flank the corridor with crowns at or above conductor height directly beside the line, and a large shrub/tree near the pole. Nearest vegetation is AT conductor height within roughly a few feet to the side, placing it within the recommended clearance envelope."
R00471,37.133207,-122.138098,0,-1,0,0,True,"No overhead distribution conductors are visible in this image. The view shows a residential driveway lined with tall redwood/conifer trees, trash cans, and a house, but no utility poles, crossarms, or uninsulated electrical conductors are present in the frame."
R00472,37.133306,-122.127059,0,-1,0,0,True,"No overhead distribution conductors are visible in this image. The scene shows a forested road corridor with tall trees on both sides, but no power lines, poles, crossarms, or uninsulated conductors are present in the frame."
R00473,37.133328,-122.102604,4,-1,5,5,True,"Overhead distribution conductors are visible crossing the scene diagonally from upper right. Tall redwoods on the left extend well ABOVE conductor height, and the tree crowns appear to intersect/overhang the lines directly, with foliage touching or within a few feet of the conductors."
R00474,37.133353,-122.125735,0,-1,0,0,True,"No overhead distribution conductors are visible in this image. The road is lined with tall trees on both sides, but there are no visible wood poles, crossarms, or uninsulated conductors along the corridor."
R00475,37.133384,-122.138764,4,-1,5,5,True,"Overhead distribution conductors are visible spanning across the road (upper left and center of image on poles). Dense trees and foliage on the left side are at conductor height and appear to be touching/overhanging the lines, with tall redwoods well above the conductors within falling distance on both sides. Vegetation is AT and ABOVE conductor height and immediately adjacent, indicating violation-level encroachment."
R00476,37.133414,-122.120110,0,-1,0,0,True,"No overhead distribution conductors are visible in this image. The view shows a residential driveway with houses, vehicles, and dense tree vegetation in the background, but no power lines or poles characteristic of distribution infrastructure are present."
R00477,37.133427,-122.121237,0,-1,0,0,True,"No overhead electric distribution conductors are visible in this image. The scene shows a residential road lined with dense forest vegetation, trees, and understory growth, but no utility poles, crossarms, or uninsulated conductors are present or visible against the sky or canopy."
R00478,37.133440,-122.119280,2,-1,2,2,True,Distribution conductors are clearly visible on the wood pole with crossarm. Vegetation consists mostly of low brush and grass alongside the road. Tree crowns on both sides of the road are below conductor height and stand at a distance of roughly 30-40 ft from the line. No immediate encroachment into the 4 ft or 12 ft clearance envelopes is evident. Nearest vegetation is BELOW conductor height and outside the critical clearance zone.
R00479,37.133616,-122.127676,4,-1,0,0,True,"No overhead distribution conductors, wood poles, or crossarms are visible in this heavily forested road scene. Dense redwood and mixed vegetation lines both sides of the narrow paved road, but no electric distribution infrastructure can be identified."
R00480,37.133686,-122.120725,0,-1,0,0,True,"No overhead electric distribution conductors are visible in this image. The view shows a tree-lined residential road with dense vegetation on both sides, but no wood poles, crossarms, or uninsulated distribution lines are present in the frame."
R00481,37.133689,-122.102184,4,-1,5,5,True,"Overhead distribution conductors are visible on the left, strung from a pole at upper left and extending along the road. Large trees on the left have crowns above and directly overhanging the conductors, with foliage appearing to touch or come within a few feet of the lines - violation-level clearance."
R00482,37.133820,-122.138304,4,-1,5,5,True,"A wood distribution pole with crossarm and multiple overhead conductors is visible center-frame. Dense tall trees and brush surround the pole, with tree crowns at/above conductor height on both sides and vegetation appearing to touch or overhang the lines within a few feet — violation-level clearance."
R00483,37.133851,-122.138849,0,-1,0,0,True,"No overhead distribution conductors are visible in this image. The scene shows a residential driveway/property with dense vegetation, ivy-covered structures, and tall trees, but no power lines or utility infrastructure can be identified."
R00484,37.133864,-122.119551,4,-1,4,4,True,"A wood distribution pole with crossarm is visible on the left, with conductors running along the corridor and spanning across the road. Trees on both sides, particularly the tall tree crowns near center-right, are at or above conductor height and appear within the recommended 12 ft envelope, with fall-in risk present."
R00485,37.133891,-122.126208,4,-1,5,5,True,"Overhead distribution conductors are visible running along the right side of the road, supported by a pole with crossarm. Tall redwood trees and dense vegetation are immediately adjacent, with tree crowns well ABOVE conductor height and foliage directly touching/overhanging the lines within a few feet, indicating violation-level contact."
R00486,37.134083,-122.139597,0,-1,0,0,True,"No overhead distribution conductors are visible in this image. The scene shows a tree-lined residential area with large trees and dense vegetation, but no power lines, poles, or electrical infrastructure are present in the frame."
R00487,37.134181,-122.101876,3,-1,4,4,True,"A distribution conductor is visible spanning from the right side across the road toward a pole in the distance. Dense tall trees line both sides of the corridor, with crowns at or above conductor height directly beside the line on the right, well within the 12 ft envelope."
R00488,37.134221,-122.128189,0,-1,0,0,True,"No overhead electric distribution conductors are visible in this image. The view shows a tree-lined road through a forest with tall redwoods and other vegetation, but no utility poles, crossarms, or uninsulated conductors are present."
R00489,37.134250,-122.119872,4,-1,5,5,True,"Overhead distribution conductors are visible crossing the upper-left portion of the image. Dense tree crowns on the left side are at/above conductor height and appear to be touching or directly overhanging the lines, indicating a violation-level clearance issue."
R00490,37.134263,-122.126529,4,-1,5,5,True,"Overhead distribution conductors are visible running along the left side of the road from the upper-left corner. Dense vegetation including tall redwoods and overhanging foliage is directly beside and appears to touch/overhang the conductors on the left, well within 4 ft. Trees also tower far above conductor height presenting fall-in risk."
R00491,37.134322,-122.138776,0,-1,0,0,True,"No overhead distribution conductors are visible in this image. The view shows residential properties with cabins/homes, wooden fences, and dense coniferous forest with mature trees in the background, but no utility poles, crossarms, or uninsulated conductors are present in the scene."
R00492,37.134483,-122.140178,4,-1,4,4,True,"Overhead distribution conductors are visible crossing the sky in the upper portion of the image. Large tree crowns on both the left and right sides are at or above conductor height and directly beside the line, with foliage on the left appearing to encroach within the recommended clearance envelope."
R00493,37.134605,-122.101683,4,-1,4,4,True,"Overhead distribution conductors are visible running along the road, supported by a pole on the right. Tall trees (redwoods and others) crowd both sides of the corridor with crowns at or above conductor height directly beside the line, and dense foliage appears within the 12 ft recommended envelope."
R00494,37.134644,-122.139593,0,-1,0,0,True,"No overhead distribution lines are visible in this image. The view shows a residential property with a house, driveway, parked vehicle, and surrounding vegetation including trees and shrubs, but no electric poles, crossarms, or conductors are present in the frame."
R00495,37.134718,-122.126910,4,-1,5,5,True,"Overhead distribution conductors are visible running along the road from the wood pole on the left, with additional pole on the right. Tall redwoods and dense tree crowns are directly beside and above the line, with foliage at conductor height and within a few feet of the conductors, plus significant fall-in risk from trees far taller than the line."
R00496,37.134734,-122.119678,4,-1,5,5,True,"A wood distribution pole with transformer and multiple conductors is visible center-frame. Tall trees and dense foliage are immediately adjacent to and overhanging the conductors, with tree crowns above conductor height touching/within a few feet of the lines — violation-level clearance."
R00497,37.134749,-122.128638,0,-1,0,0,True,"No overhead distribution conductors are visible in this image. The view shows a tree-lined road with tall redwoods and dense vegetation on both sides, but no power lines, poles, or crossarms are apparent in the scene."
R00498,37.134943,-122.140603,3,-1,0,0,True,"No overhead distribution conductors, poles, or crossarms are clearly visible in this densely wooded scene. The image shows a tree-lined road with tall redwoods, but no identifiable power lines can be confirmed."
R00499,37.135063,-122.139472,0,-1,0,0,True,"No overhead distribution conductors are visible in this image. The scene shows a tree-lined rural road with dense vegetation on both sides, but no power lines, poles, crossarms, or uninsulated conductors can be detected."
R00500,37.135095,-122.101365,4,-1,5,5,True,"Overhead distribution conductors are visible running along the right side of the road, supported by a pole mid-frame. Dense trees and tall vegetation on the right are AT or ABOVE conductor height and appear to be touching/overhanging the lines, well within the 4 ft clearance envelope — a violation-level condition."
R00501,37.135215,-122.120108,4,-1,4,4,True,"Overhead distribution conductors are visible crossing from upper right toward the left/center of the image, with a pole visible at top right. Tall trees on the right side and the large conifer center-left have crowns at or above conductor height directly beside the line, within the recommended 12 ft envelope, with dense vegetation on the right bank very close to the wires."
R00502,37.135218,-122.128663,3,-1,5,5,True,"Overhead distribution conductors are visible running from the pole across the road/upper portion of the image. Tall redwood tree crowns and surrounding foliage are AT or ABOVE conductor height and appear to be directly touching/overhanging the lines within a few feet, indicating a violation-level clearance concern."
R00503,37.135231,-122.120699,4,-1,4,4,True,"Distribution conductors are visible running from the wood pole with crossarms on the left, extending down the road corridor. Large tree crowns on the left are at conductor height and directly beside/beneath the line, with foliage within the recommended 12 ft envelope."
R00504,37.135251,-122.127361,2,-1,2,2,True,"Overhead distribution conductors and wood pole are visible on the left side of the road. Tree crowns and vegetation are present near the corridor, particularly on both sides of the road, but the nearest vegetation appears to be BELOW conductor height and outside the immediate clearance envelope. The trees are established but not overhanging or within the critical 4-12 ft recommended clearance zone at this vantage point. Some trees in the distance may reach or exceed conductor height, but they are not immediately adjacent to the line in a fall-in risk position."
R00505,37.135299,-122.121270,3,-1,4,4,True,"Overhead conductors are visible crossing the sky and running along the right side of the corridor. Tall dense conifer/evergreen crowns on the right are at or above conductor height directly beside the line, within the recommended 12 ft envelope, indicating heightened contact/fall-in risk."
R00506,37.135469,-122.101016,3,-1,4,4,True,"Distribution conductors are visible running along the left side of the road, supported by a wood pole. Tall trees on both sides reach at or above conductor height and dense vegetation on the left is very close to the line, within the 12 ft recommended envelope with fall-in risk from taller trees."
R00507,37.135504,-122.140422,3,-1,5,5,True,"Overhead distribution conductors are visible crossing the scene diagonally. Dense trees and tall crowns are at/above conductor height, with vegetation appearing to touch or nearly touch the lines on the right where they pass through the tree canopy — violation-level clearance."
R00508,37.135518,-122.141040,0,-1,0,0,True,"No overhead distribution conductors are visible in this image. The image shows a rural road lined with trees and vegetation, but no power lines, poles, or conductors are present in the view."
R00509,37.135669,-122.128541,4,-1,4,4,True,"A single overhead conductor is visible spanning diagonally across the upper portion of the image. Tall trees on both sides reach well above conductor height and dense tree crowns are directly beside/above the line, placing vegetation at or above conductor height within close proximity."
R00510,37.135755,-122.127638,3,-1,4,4,True,"Overhead distribution conductors are visible running along the road, supported by a wood pole on the left. Tall redwoods and trees on both sides reach well ABOVE conductor height, with crowns directly beside the line on the right within the ~12 ft envelope and posing significant fall-in risk."
R00511,37.135758,-122.129133,0,-1,0,0,True,"No overhead electric distribution lines are visible in this image. The view shows a tree-lined road through a forest with tall redwoods and conifers, but no poles, crossarms, or uninsulated conductors are apparent. Only vegetation is visible along the roadway."
R00512,37.135846,-122.139760,4,-1,4,4,True,"Overhead conductors are visible crossing the frame and running down the road corridor with a pole visible mid-scene. Dense tall trees including redwoods flank the corridor. Vegetation crowns at left and around the line appear AT or ABOVE conductor height and are close to the line (within ~12 ft envelope), with tall trees taller than the line within falling distance."
R00513,37.135879,-122.100742,4,-1,5,5,True,"Overhead distribution conductors span the road, supported by a pole on the right. Dense tall trees (redwoods/conifers) crowd both sides, with crowns at or above conductor height and foliage directly adjacent to and overhanging the lines, well within the 4 ft envelope. Tall trees also present fall-in risk."
R00514,37.136056,-122.140580,2,-1,2,2,True,"Overhead distribution conductors are visible on the wooden pole in the center of the image. The nearest vegetation (dense shrubs and trees on the right side of the road) is predominantly BELOW conductor height and appears to be approximately 15-25 feet away from the line. While there are tall conifers in the background that exceed conductor height, they are well outside the immediate corridor. The nearby shrub vegetation does not appear to be growing directly toward the line or within the critical envelope, though some monitoring would be appropriate given the general vegetation density in the area."
R00515,37.136162,-122.141504,5,-1,4,4,True,"Overhead distribution conductors are visible spanning across the image. Tall redwoods and conifers rise well ABOVE conductor height directly beside and behind the line, with tree crowns at/above the wires and foliage close to the span. Nearest vegetation crowns appear within the recommended envelope and pose fall-in risk."
R00516,37.136163,-122.139181,4,-1,4,4,True,"Distribution conductors visible on a wood pole with crossarm center-right, with lines spanning across the image. Dense tall trees on the right side rise to conductor height and directly beside the line, with crowns AT or ABOVE conductor height within a few feet of the span."
R00517,37.136311,-122.100539,4,-1,4,4,True,"Overhead distribution conductors are visible spanning the upper-left of the image and running along the corridor. Dense tall trees and vegetation on both sides reach at or above conductor height, with crowns directly beside and near the line within the 12 ft recommended envelope."
R00518,37.136455,-122.127907,3,-1,4,4,True,"Overhead distribution conductors are visible crossing the upper right of the frame spanning the road. Dense tall trees (redwoods and hardwoods) on the right embankment have crowns AT or ABOVE conductor height directly beside the line, within the ~12 ft recommended envelope and posing fall-in risk."
R00519,37.136530,-122.141064,4,-1,4,4,True,"Overhead distribution conductors are visible running from the wood pole (with crossarm) on the left across the scene. Tall trees on both sides reach at or above conductor height, with crowns directly beside the line within the recommended 12 ft envelope. Vegetation is AT/ABOVE conductor height and within a few feet."
R00520,37.136655,-122.141751,4,-1,5,5,True,"Overhead distribution conductors are visible crossing the frame on the right side, running near and through the tall redwood canopy. The trees vastly exceed conductor height and their crowns/branches appear to directly overhang and contact the lines, indicating violation-level clearance. Nearest vegetation is ABOVE conductor height and within touching distance."
R00521,37.136699,-122.139616,0,-1,0,0,True,"No overhead distribution conductors are visible in this image. The view shows a residential driveway in a heavily forested area with tall trees, but no electric lines, poles, or conductors are evident. Only private structures and vegetation are present."
R00522,37.136738,-122.100336,4,-1,4,4,True,"A wood distribution pole with conductors is visible on the left running along the road, plus a spanning line overhead. Dense trees on both sides reach at or above conductor height directly beside the line, with crowns within the recommended clearance envelope. Nearest vegetation appears AT/ABOVE conductor height within a few feet along the corridor."
R00523,37.136949,-122.128195,3,-1,5,5,True,"Overhead distribution conductors are visible running along the left side of the road from the upper-left corner toward a pole in the distance. Tall trees and dense vegetation are directly adjacent to and overhanging the line, with crowns above conductor height touching or within a few feet of the wires (violation-level)."
R00524,37.136987,-122.141242,4,-1,5,5,True,"Overhead distribution conductors are visible crossing the upper portion of the image from a pole on the right toward the left. The large oak tree crown on the left and center reaches to or above conductor height and the conductors appear to pass directly through/behind the foliage, indicating vegetation touching or within a few feet of the lines."
R00525,37.137085,-122.141927,3,-1,5,5,True,"Overhead conductors are visible crossing the scene diagonally (left side and upper right). Tall redwoods and dense trees flank the corridor with crowns at and above conductor height, and foliage appears to be touching/overhanging the lines on the right side within a few feet, indicating violation-level encroachment."
R00526,37.137119,-122.100041,3,-1,5,5,True,"Overhead distribution conductors are visible spanning the road from the pole on the right toward the left. Dense tree crowns and redwoods on the right side are AT or ABOVE conductor height and appear to be touching/overhanging the lines within a few feet, indicating a violation-level clearance concern. Tall trees also present fall-in risk."
R00527,37.137158,-122.100583,0,-1,0,0,True,"No overhead distribution conductors are visible in this image. The scene shows a tree-lined road with dense vegetation on both sides, but no electrical lines, poles, or conductors can be identified."
R00528,37.137200,-122.140113,2,-1,2,2,True,"Distribution conductors are visible on wood poles along the road corridor. Vegetation (trees and foliage) is present throughout the scene, with tree crowns and branches extending into the corridor airspace. However, the nearest vegetation appears to be mostly BELOW or AT conductor height at this vantage point, roughly 15-25+ feet away horizontally. While tall trees are present in the vicinity, they do not appear to be within immediate fall-in distance or actively overhanging the lines. The vegetation is near the corridor but does not present a clear violation of the 4 ft radial clearance standard at this moment."
R00529,37.137383,-122.099612,4,-1,4,4,True,"Overhead distribution conductors are visible crossing the frame diagonally, with additional lines on the right side. Tall trees (redwoods and hardwoods) crowd the corridor on both sides, with crowns at or above conductor height directly beside the lines on the right, within the 12 ft recommended envelope."
R00530,37.137416,-122.128551,4,-1,5,5,True,"Overhead distribution conductors span the road (visible crossing lines and a pole mid-frame with wires along the left). Dense tall trees and redwoods flank both sides, with crowns and branches at and above conductor height directly beside/overhanging the line, well within the 4 ft envelope. Numerous trees far taller than the line pose fall-in risk."
R00531,37.137517,-122.141421,0,-1,0,0,True,"No overhead distribution conductors are visible in this image. The only wires visible appear to be telephone/telecom lines. The image shows a residential street scene with street signs, a vehicle, and vegetation, but no electric distribution lines with the characteristic wood poles, crossarms, and uninsulated conductors that would indicate a CPUC-regulated overhead distribution system."
R00532,37.137527,-122.099094,3,-1,4,4,True,"Distribution conductors are faintly visible on the right side running along the road with a pole around the mid-right. Tall trees and dense forest crowns are directly beside and above the line at conductor height, within the recommended 12 ft envelope. Nearest vegetation is AT/ABOVE conductor height only a few feet away on the right."
R00533,37.137594,-122.098184,3,-1,5,5,True,"Overhead distribution conductors are visible on the right side running along the road toward a pole. Dense tree crowns are directly overhanging and touching the conductors, well above and immediately adjacent to line height, indicating violation-level clearance."
R00534,37.137636,-122.097621,2,-1,2,2,True,"Distribution conductors are visible on wooden poles along the right side of the road. Vegetation (deciduous and coniferous trees) is present near the corridor, but the nearest trees are BELOW conductor height and appear to be outside the 12 ft recommended clearance envelope, at approximately 15-20 ft distance. No immediate violation-level contact or overhanging branches observed."
R00535,37.137673,-122.097049,4,-1,5,5,True,"Overhead distribution conductors are visible crossing the upper right of the image. Dense tree crowns on the right side are at/above conductor height and appear to be touching or directly overhanging the lines, indicating violation-level encroachment."
R00536,37.137718,-122.140944,0,-1,0,0,True,"No overhead distribution conductors are visible in this image. The scene shows a residential driveway lined with large mature trees (including what appears to be oak and other native species), utility poles are not clearly identifiable as distribution infrastructure, and no uninsulated conductors can be detected. The image captures a tree-lined property with houses but lacks any visible distribution-level power lines that would require vegetation clearance assessment."
R00537,37.137731,-122.143039,0,-1,0,0,True,"No overhead distribution conductors are visible in this image. The view shows a residential driveway with a carport, fencing, and surrounding tall conifer trees (likely pines and redwoods), but no electric utility lines with uninsulated conductors are present in the frame."
R00538,37.137736,-122.096436,3,-1,4,4,True,"Overhead conductors are visible running along the right side of the road toward a pole. Tall trees (redwoods/conifers) on the right are at or above conductor height and directly beside the line, with vegetation crowding within the recommended clearance envelope."
R00539,37.137788,-122.128876,4,-1,5,5,True,"Overhead distribution conductors are visible on the left side, spanning across the road diagonally from the pole area. Tall trees on both sides reach at or above conductor height, with dense tree crowns directly beside and overhanging the conductors within ~4 ft, indicating a violation-level clearance condition."
R00540,37.137833,-122.142372,4,-1,5,5,True,"Overhead distribution conductors are visible crossing the top of the image with a wood pole at left. Dense tree crowns and foliage are AT conductor height and directly overhanging/touching the lines within a few feet, indicating a violation-level clearance condition."
R00541,37.137836,-122.100633,0,-1,0,0,True,"No overhead distribution conductors are visible in this image. The view shows a tree-lined rural road with dense vegetation on both sides, but no power lines or electrical infrastructure are evident in the frame."
R00542,37.137908,-122.095879,1,-1,1,1,True,"Overhead distribution conductors are visible on wooden poles along the left side of the road. The nearest vegetation consists of low grass and scattered shrubs along the roadside and pasture, all clearly BELOW conductor height. Trees in the background are well set back from the line and do not present an immediate clearance concern. No vegetation is within the critical clearance envelope."
R00543,37.138091,-122.144420,4,-1,5,5,True,"Overhead distribution conductors are visible spanning across and along the road. Tall redwoods and dense trees on both sides reach well ABOVE conductor height and are immediately adjacent, with foliage appearing to touch or overhang the lines on the left side within a few feet."
R00544,37.138110,-122.141815,4,-1,5,5,True,"Distribution conductors are visible on the wood pole at left with crossarm, spanning across the road to poles at right. Tall redwoods and dense tree crowns are ABOVE conductor height directly beside and overhanging the line span, with foliage appearing to touch/overhang the conductors, indicating violation-level clearance."
R00545,37.138253,-122.143773,4,-1,5,5,True,"Overhead distribution conductors are visible spanning the road, supported by wood poles on the left. Dense tall trees (redwoods, conifers, and broadleaf) crowd both sides of the corridor with crowns well ABOVE conductor height and foliage overhanging/touching the lines directly. Nearest vegetation appears within a few feet of the conductors, indicating violation-level encroachment plus significant fall-in risk."
R00546,37.138275,-122.145074,4,-1,5,5,True,"Distribution conductors are visible on a wood pole with crossarm at right-center, with lines running along the corridor. Tall redwoods and dense trees on both sides reach well ABOVE conductor height and are immediately adjacent, with foliage appearing to touch or overhang the lines. Nearest vegetation is at/above conductor height within a few feet, indicating violation-level clearance and significant fall-in risk."
R00547,37.138291,-122.142836,4,-1,4,4,True,"Overhead distribution conductors are visible spanning diagonally across the image. Dense tree crowns on both sides are at or above conductor height, with foliage directly beside/near the lines within the recommended clearance envelope, particularly the trees on the right and left approaching the span."
R00548,37.138305,-122.129318,4,-1,5,5,True,"Overhead distribution conductors run horizontally across the scene. Tall redwoods and dense foliage are directly adjacent to and overhanging the lines, with tree crowns well above conductor height and vegetation touching/within the immediate vicinity of the wires - violation-level clearance."
R00549,37.138310,-122.100685,0,-1,0,0,True,"No overhead distribution conductors are visible in this image. The view shows a forested road corridor with dense vegetation on both sides, but no power lines, wooden poles, or crossarms are present."
R00550,37.138340,-122.095265,3,-1,4,4,True,"A faint distribution conductor is visible running along the left side of the road with a pole partly obscured by dense vegetation. Trees and thick brush on the left are at or above conductor height and immediately adjacent to the line, putting vegetation within the recommended 12 ft envelope."
R00551,37.138440,-122.127551,2,-1,2,2,True,"Overhead distribution conductors are visible on poles in the background and upper right. The nearest vegetation consists of tall trees (pines and a light green deciduous tree on the right) that are at or above conductor height, but they are positioned outside the immediate corridor, roughly 20-30+ feet away horizontally. Trees appear to be below or at conductor height in the near-middle distance. No vegetation is currently touching or overhanging the lines, and the trees, while tall, are not immediately within the fall-in distance of the conductors from this viewpoint. The clearance appears adequate per current standards."
R00552,37.138583,-122.128271,3,-1,5,5,True,"Overhead distribution conductors are visible spanning across the image from upper left toward the right. Tall trees and dense vegetation on the left and center are at or above conductor height and appear to be directly touching/overhanging the lines, indicating a violation-level clearance issue."
R00553,37.138612,-122.126995,0,-1,0,0,True,"No overhead electric distribution conductors are visible in this image. While some utility lines can be seen in the upper left portion of the image, they appear to be thin service lines or telecommunications cables. The main subject is a residential driveway with landscape vegetation (trees and shrubs) that are not associated with any visible distribution line corridor. No distribution conductors requiring clearance assessment are present."
R00554,37.138670,-122.128970,3,-1,5,5,True,"Overhead conductors are visible crossing the upper portion of the image and running along a pole on the right. Tall redwoods and dense tree crowns are at and well above conductor height, with foliage directly adjacent to and overhanging the lines (within ~4 ft), indicating violation-level contact/encroachment."
R00555,37.138732,-122.126415,0,-1,0,0,True,"No overhead distribution conductors are visible in this image. The image shows a residential driveway in a forested area with various trees and vegetation, including conifers, a palm tree, and ornamental plantings, but no utility lines with exposed conductors or distribution infrastructure are present."
R00556,37.138768,-122.129739,4,-1,5,5,True,"Overhead distribution conductors are visible crossing the frame diagonally from upper right toward the pole. Tall redwoods and other trees on the right rise well ABOVE conductor height and their crowns/branches appear to directly overhang and contact the line, with vegetation within touching distance."
R00557,37.138769,-122.100880,4,-1,5,5,True,"Distribution conductors are visible running from the pole with crossarm on the left side, crossing the corridor with span lines. Dense tall trees (redwoods and deciduous crowns) surround the line on both sides, with foliage at and above conductor height touching/overhanging the wires within a few feet."
R00558,37.138884,-122.127387,3,-1,4,4,True,"Overhead distribution conductors are visible crossing the upper portion of the image. On the right, a tall redwood tree extends well ABOVE conductor height and its crown is directly adjacent to the line span, presenting a fall-in and encroachment risk within the recommended envelope."
R00559,37.139092,-122.126890,0,-1,0,0,True,"No overhead distribution conductors are visible in this Street View image. The scene shows a residential property with buildings, trees, and landscaping, but no utility distribution lines with wooden poles, crossarms, or uninsulated conductors are present."
R00560,37.139226,-122.130169,4,-1,5,5,True,"Overhead distribution conductors are visible running along the right side and crossing the road (wires against the sky, pole with equipment on right). Tall redwoods and other trees directly beside and above the line at conductor height, with foliage overhanging/touching the conductors near the right-side pole. Nearest vegetation is ABOVE conductor height and within a few feet, indicating violation-level clearance."
R00561,37.139230,-122.101028,0,-1,0,0,True,"No overhead distribution conductors visible in this image. The view shows a rural road lined with tall trees on both sides, but no power lines, poles, crossarms, or conductors are present or discernible."
R00562,37.139593,-122.130517,4,-1,5,5,True,"Overhead distribution conductors are visible running along the road, supported by poles on the right. On the left side, dense tree foliage and crowns are directly touching/overhanging the conductors as they enter the tree canopy, with tall trees at and above conductor height immediately adjacent — violation-level contact."
R00563,37.139777,-122.101295,0,-1,0,0,True,"No overhead distribution conductors are visible in this image. The view shows a tree-lined rural road with dense redwood forest on both sides, but no utility poles, crossarms, or uninsulated conductors are present in the frame."
R00564,37.139952,-122.130862,4,-1,5,5,True,"Overhead distribution conductors are visible crossing the frame diagonally and running along the corridor. Tall redwoods and dense tree crowns are at and above conductor height on both sides, with foliage overhanging and touching the lines - violation-level clearance."
R00565,37.140293,-122.130410,3,-1,4,4,True,"Overhead distribution conductors are visible spanning diagonally across the upper-left of the image. Dense trees and tall redwoods along both sides of the road are AT or ABOVE conductor height, with crowns directly beside and within the recommended clearance envelope. Tall trees also pose fall-in risk."
R00566,37.140320,-122.131188,3,-1,4,4,True,"Distribution conductors are visible running along the right side of the road, supported by a pole on the right. Tall trees (redwoods and oaks) on both sides reach at or above conductor height, with crowns directly beside and overhanging the line corridor within the recommended 12 ft envelope. Nearest vegetation is ABOVE conductor height and immediately adjacent."
R00567,37.140341,-122.101475,3,-1,5,5,True,"Overhead conductors are visible crossing the upper portion of the image diagonally. Dense tall redwood and conifer trees surround the corridor, with crowns well ABOVE conductor height and foliage immediately adjacent to and overhanging the lines (within ~4 ft or touching). This is violation-level clearance."
R00568,37.140453,-122.129890,3,-1,5,5,True,"Overhead distribution conductors are visible running from the wood pole (center) across the road. Large tree crowns on the right side are at/above conductor height and appear to touch or overhang the lines, with foliage well within the 4 ft envelope. Violation-level clearance."
R00569,37.140719,-122.129404,4,-1,5,5,True,"Overhead conductors are visible crossing the upper portion of the image diagonally. Dense tree crowns on the right side are at and above conductor height, with foliage appearing to touch or overhang the lines. Tall redwoods on the left also exceed line height within falling distance. Vegetation is ABOVE conductor height and effectively in contact, violation-level."
R00570,37.140721,-122.131464,3,-1,5,5,True,"Overhead distribution conductors are visible running along the left side and crossing the frame. Dense tall trees (redwoods, mixed conifers) are AT and ABOVE conductor height directly adjacent to the line, with foliage overhanging and effectively touching the conductors within a few feet. Fall-in risk is very high."
R00571,37.141040,-122.101655,0,-1,0,0,True,"No overhead distribution conductors are visible in this image. The scene shows a forested road corridor with tall trees on both sides, but no wooden poles, crossarms, or uninsulated conductors are present."
R00572,37.141154,-122.131655,4,-1,4,4,True,"Distribution conductors are visible spanning from the pole in the center to the right along the road. Tall redwoods and dense trees line both sides of the corridor with crowns at or above conductor height directly beside the lines, and vegetation appears within the recommended clearance envelope. Nearest vegetation is ABOVE conductor height within a few feet."
R00573,37.141178,-122.128916,4,-1,5,5,True,"Overhead conductors are visible crossing the frame from upper left toward a pole near center-right. Dense tall trees and heavy vegetation are immediately adjacent, with tree crowns at/above conductor height and foliage appearing to touch or overhang the lines (within ~4 ft)."
R00574,37.141518,-122.101755,0,-1,0,0,True,"No overhead distribution conductors are visible in this image. The image shows a rural road lined with dense vegetation and tall trees, but no electrical distribution lines, poles, or crossarms are evident in the frame."
R00575,37.141589,-122.128955,4,-1,5,5,True,"Overhead distribution conductors are visible crossing the scene, with a pole and equipment visible mid-image. Dense trees and foliage (redwoods and deciduous crowns) are at or above conductor height on both sides, with vegetation appearing to touch/overhang the lines near the center-right pole, indicating violation-level encroachment."
R00576,37.141656,-122.132976,0,-1,0,0,True,"No overhead distribution conductors or their supporting infrastructure (wood poles, crossarms) are visible in this image. The image shows a forested mountain road with dense tree canopy on both sides, but no utility poles or power lines are apparent."
R00577,37.141767,-122.132449,3,-1,4,4,True,"A power pole with conductors running through the upper right of the frame is visible against the sky. Tall trees flank the corridor with crowns at or above conductor height directly beside the line, well within the 12 ft envelope and posing fall-in risk. Nearest vegetation is AT/ABOVE conductor height within a few feet."
R00578,37.141852,-122.131777,4,-1,5,5,True,"Distribution conductors are visible running along the right side and crossing the road near the center-right. Tall redwoods and dense tree crowns are at and above conductor height directly adjacent to and overhanging the lines, well within the 4 ft envelope, indicating violation-level encroachment."
R00579,37.141947,-122.129206,4,-1,4,4,True,"Overhead distribution conductors are visible spanning from the wood pole with crossarm and transformer on the left across the road. A large oak tree crown on the right side sits at or above conductor height and is directly beside/beneath the line span, with foliage within the recommended 12 ft envelope. Nearest vegetation is AT conductor height within a few feet."
R00580,37.141993,-122.101779,0,-1,0,0,True,"No overhead distribution conductors are visible in this image. The view shows a tree-lined road in the Santa Cruz Mountains with tall redwoods and dense vegetation on both sides, but no utility poles, crossarms, or uninsulated conductors are present in the frame."
R00581,37.142041,-122.133353,3,-1,4,4,True,"A conductor is visible crossing diagonally across the upper portion of the image. It is surrounded by tall redwoods and conifers whose crowns are well above the line, with dense foliage AT or above conductor height directly beside the corridor. Vegetation appears within the recommended clearance envelope and towering trees pose fall-in risk."
R00582,37.142317,-122.129424,2,-1,2,2,True,"Overhead distribution conductors are visible on wood pole in center-right of image. Vegetation (dense trees and shrubs) is present near the corridor, particularly on the left side and background. The nearest vegetation crowns appear to be BELOW conductor height and roughly 15-25 feet away from the line. No vegetation is touching or dangerously close to the conductors, but trees are established in the general vicinity of the corridor."
R00583,37.142365,-122.131835,4,-1,5,5,True,"Overhead distribution conductors are visible in the upper left, running along the left side of the road. Dense tree crowns and foliage on the left are AT or ABOVE conductor height and appear to be touching/overhanging the wires within a few feet, indicating violation-level encroachment."
R00584,37.142424,-122.101932,0,-1,0,0,True,"No overhead distribution conductors are visible in this image. The scene shows a wooded road lined with tall redwood and conifer trees with dense understory vegetation, but no electric poles, crossarms, or uninsulated conductors are present."
R00585,37.142469,-122.133631,0,-1,0,0,True,"No overhead distribution conductors are visible in this image. The scene shows a residential driveway lined with tall trees and dense vegetation, but no power lines or utility poles are evident. Therefore, vegetation clearance cannot be assessed."
R00586,37.142509,-122.131069,3,-1,4,4,True,"Overhead conductors are visible crossing the sky diagonally with a pole at center-right near the trees. Tall redwoods and dense tree crowns are at or above conductor height directly beside the line, within the recommended 12 ft envelope, presenting significant proximity and fall-in risk."
R00587,37.142828,-122.131892,4,-1,4,4,True,"Distribution conductors are visible running along the road from the wood pole on the right. Tall redwoods and conifers flank both sides of the corridor with crowns at or above conductor height directly beside the line, well within the 12 ft recommended envelope."
R00588,37.142835,-122.129566,0,-1,0,0,True,"No overhead distribution conductors are visible in this image. The scene shows a residential driveway with mature trees and vegetation, but there are no power lines, poles, or conductors apparent in the frame."
R00589,37.142836,-122.133928,4,-1,4,4,True,"Overhead conductors are visible crossing the upper portion of the frame. Tall redwoods and conifers line both sides of the corridor with crowns at or above conductor height directly beside the lines, and tree branches appear very close to the wires."
R00590,37.142923,-122.130774,2,-1,2,2,True,"Distribution conductors are visible on the wood pole in the center-right distance. Tall trees with dense canopies are present on both sides of the corridor, with crowns well above conductor height and some branches extending toward the line corridor at distance. The nearest vegetation at close range is below conductor height (low brush and grasses on the roadside), but trees in the middle distance are considerably taller than the line and positioned within potential fall-in distance, creating a moderate concern despite not currently touching or closely overhanging the conductors."
R00591,37.143075,-122.102182,0,-1,0,0,True,"No overhead distribution conductors are visible in this image. The view shows a forested road lined with tall conifer and deciduous trees with dense understory vegetation, but no utility poles, crossarms, or power lines are present in the scene."
R00592,37.143244,-122.129661,0,-1,0,0,True,"No overhead distribution conductors are visible in this image. The view shows a residential driveway lined with tall trees (appearing to be redwoods and other conifers) but no utility poles, crossarms, or conductors are apparent. Only dense tree canopy and shadows are visible along the corridor."
R00593,37.143260,-122.131954,2,-1,2,2,True,"Overhead distribution conductors are visible on wood poles along the roadside. Tall coniferous trees (estimated 60-80+ ft) are present on both sides of the road, with crowns well above the conductor height. However, the nearest tree vegetation is BELOW conductor height and appears to be at least 20-30+ feet from the line corridor. Trees are taller than the line and within potential fall-in distance, but current clearance appears adequate and outside the violation envelope. The dry conditions and tree positioning present some fall-in risk but do not constitute an immediate violation of the 4 ft radial clearance standard."
R00594,37.143300,-122.133961,3,-1,4,4,True,"Overhead distribution conductors are visible spanning the frame from upper right toward the pole mid-scene. Tall redwoods/conifers on the left rise well ABOVE conductor height and are directly beside the line, presenting fall-in risk; nearest tree crowns appear within roughly 12 ft laterally of the conductors."
R00595,37.143365,-122.133398,4,-1,4,4,True,"Distribution conductors are visible spanning across the mid-ground on wood poles. A tall line of redwoods/conifers rises well ABOVE conductor height directly behind and beside the line, with crowns very close to the conductors, presenting fall-in and overhang risk within the recommended envelope."
R00596,37.143428,-122.130476,4,-1,5,5,True,"Overhead distribution conductors are visible crossing the scene diagonally and running down the road toward a pole on the right. Dense tall trees and crowns are directly at and above conductor height on both sides, with foliage overhanging and touching the line - violation-level contact."
R00597,37.143630,-122.131312,4,-1,5,5,True,"Overhead distribution conductors are visible running from the upper right along the road corridor, supported by poles. Dense tree canopy including tall redwoods and hardwoods is at and above conductor height, with foliage directly overhanging and touching the lines on the right side. Vegetation is ABOVE and AT conductor height and within touching distance, indicating a violation-level condition."
R00598,37.143692,-122.102447,0,-1,0,0,True,"No overhead distribution conductors are visible in this image. The view shows a tree-lined rural road in the Santa Cruz Mountains with dense vegetation on both sides, but no utility poles, crossarms, or electric conductors are present in the frame."
R00599,37.143701,-122.132007,0,-1,0,0,True,"No overhead distribution conductors are visible in this image. The scene shows a tree-lined road in the Santa Cruz Mountains with dense vegetation on both sides, but no wood poles, crossarms, or uninsulated conductors are present in the view."
R00600,37.143749,-122.134034,3,-1,5,5,True,"Overhead distribution conductors are visible crossing the sky diagonally. Tall trees on both sides (redwoods and conifers) reach at or above conductor height, and vegetation appears to be overhanging/touching the lines on the right side, indicating violation-level clearance."
R00601,37.143803,-122.130170,0,-1,0,0,True,"No overhead distribution conductors are visible in this image. The image shows a rural road through a forested area with tall conifers and dense vegetation, but no power lines or utility poles with electrical infrastructure are present."
R00602,37.144040,-122.131062,4,-1,5,5,True,"Overhead distribution conductors are visible running along the left side of the road from a wood pole with crossarm. Dense tall trees and vegetation crowd the corridor with crowns at and above conductor height, and foliage appears to be touching/overhanging the lines within a few feet - violation-level clearance."
R00603,37.144133,-122.133232,4,-1,5,5,True,"Overhead distribution conductors are visible crossing the scene diagonally from upper left toward the pole on the right. A large tree on the left has crown foliage at or above conductor height directly beneath/beside the lines, with branches appearing to touch or overhang the conductors (within ~4 ft)."
R00604,37.144154,-122.132061,3,-1,4,4,True,"Overhead conductors are faintly visible in the upper left crossing over the road. Tall redwoods and dense tree crowns are at or above conductor height directly beside/near the line, within the recommended clearance envelope and posing fall-in risk."
R00605,37.144160,-122.102528,4,-1,5,5,True,"A faint overhead conductor is visible spanning across the road in the mid-distance. The corridor is densely wooded with tall trees whose crowns are well above conductor height and directly overhanging the line, with foliage touching/within a few feet of the conductor — violation-level."
R00606,37.144200,-122.134101,3,-1,5,5,True,"Overhead distribution conductors are visible spanning the road, running from a pole on the right toward the upper left. Tall redwoods and conifers line both sides of the corridor with crowns well ABOVE conductor height, and dense foliage on the right appears immediately adjacent to and overhanging the lines, indicating violation-level proximity."
R00607,37.144596,-122.133723,0,-1,0,0,True,"No overhead distribution conductors are visible in this image. The scene shows a residential driveway with houses, fencing, and vegetation, but no utility poles or overhead power lines are apparent in the frame."
R00608,37.144611,-122.132145,4,-1,5,5,True,"Overhead distribution conductors are visible running along the right side of the road and crossing overhead, supported by a pole near center. Dense tall redwood and conifer trees crowd the corridor with foliage AT and ABOVE conductor height, with branches touching/overhanging the lines within a few feet - violation level."
R00609,37.144615,-122.130757,4,-1,5,5,True,"Overhead distribution conductors are visible running along the road, supported by a pole near the center. Tall redwoods and dense tree crowns are directly adjacent and above conductor height, with foliage overhanging/touching the line corridor within a few feet, indicating violation-level vegetation contact and severe fall-in risk."
R00610,37.144626,-122.102681,4,-1,5,5,True,"A distribution line with a pole is faintly visible down the road near center. Dense tall trees and vegetation surround the corridor, with crowns at and above conductor height directly adjacent and overhanging the line, indicating violation-level encroachment."
R00611,37.144644,-122.134264,0,-1,0,0,True,"No overhead distribution conductors are visible in this image. The view shows a residential driveway lined with tall redwood and conifer trees, but no power lines, poles, or distribution infrastructure are present."
R00612,37.145126,-122.129859,0,-1,0,0,True,"No overhead distribution conductors are visible in this image. The road is lined with tall redwoods and mixed forest vegetation, but there are no power poles, crossarms, or uninsulated conductors visible along the roadway. Only the road surface and dense forest canopy are evident."
