combined,id,lat,lng,overhead,sv,has_sv,reason
5,R00114,37.115677,-122.114609,-1,5,True,"[contact, severity 9/10] A conductor runs diagonally across the upper portion of the frame and passes directly through the crown of the large oak; branches and foliage visually merge with the wire path, strongly suggesting contact or near-contact."
5,R00216,37.121723,-122.121971,-1,5,True,"[contact, severity 9/10] The conductors run horizontally across the frame and pass directly into the dense foliage on the right side of the image, where the wire path visually merges with the vegetation, indicating very likely contact."
4,R00014,37.105244,-122.110296,-1,5,True,"[overhang, severity 8/10] A conductor is visible crossing the upper-left/center of the frame, and dense broadleaf foliage from the right-side tree extends across into the wire path, appearing to overhang within a few feet. Direct contact cannot be confirmed due to backlighting and overlapping background canopy, so I stop short of 9-10."
4,R00025,37.105889,-122.111098,-1,5,True,"[overhang, severity 7/10] Conductors run across the upper right of the frame. The tall redwood foliage on the right side reaches up toward the line, and some branches appear to overhang or come close to the wire path with a few feet of separation, but no clear contact is visible. Background canopy makes exact geometry uncertain."
4,R00056,37.107924,-122.105667,-1,5,True,"[overhang, severity 7/10] Conductors span from the pole across the road; foliage from tall redwoods appears to overhang the wire path with some separation. Dense background canopy makes exact geometry hard to confirm, but limbs near the line are visible with several feet of clearance rather than direct contact."
4,R00062,37.108308,-122.108096,-1,5,True,"[overhang, severity 8/10] Conductors run along the right side and across the frame from the pole. Dense tree foliage on the left-center directly overhangs and appears to merge with the wire path where the lines pass through the crown, suggesting limbs within a few feet of the conductor. Backlit sun glare adds some uncertainty, but the geometry supports close overhang rather than clear contact."
4,R00067,37.109013,-122.107648,-1,5,True,"[overhang, severity 8/10] A leafy deciduous tree grows up toward the conductors crossing the frame, with upper foliage reaching close to and appearing to overhang the lines. Some branches near the top approach the wire path with only a few feet of separation, though direct contact is not clearly confirmed against the background canopy."
4,R00083,37.112878,-122.115581,-1,5,True,"[overhang, severity 7/10] Conductors span from the pole on the right across the road toward trees on the left. Dense redwood and mixed foliage on the right side is very close to and appears to overhang the conductors with only a few feet of separation, though much of the darker green behind the wires is background canopy. No definitive contact point is clearly visible, so this reads as overhang with limited separation rather than confirmed contact."
4,R00096,37.114275,-122.103255,-1,5,True,"[overhang, severity 7/10] A conductor spans diagonally across the upper frame. Tree canopy on both sides reaches up toward the wire, with limbs from the left tree and the central tree extending near/over the line path, though visible separation appears to remain. Backlit sun glare reduces certainty on exact clearance, so rated as overhang with several feet of apparent separation."
4,R00112,37.115348,-122.115098,-1,5,True,"[overhang, severity 8/10] A leafy deciduous tree in the mid-ground has upper foliage rising near the conductor span that runs from upper-left to the pole on the right. The crown appears to reach very close to and possibly overhang the wire within a few feet, though sun glare makes exact separation hard to confirm."
4,R00113,37.115363,-122.118540,-1,5,True,"[overhang, severity 7/10] Conductors span across the frame near the top; deciduous foliage on the right and redwood branches near the pole appear close to the wire path with several feet of separation. Some branches overhang but no clear contact visible. Dense background canopy makes exact geometry hard to confirm."
4,R00119,37.116225,-122.114748,-1,5,True,"[overhang, severity 7/10] Conductors span the road from the utility pole at center-left toward the right, passing near the large tree canopy on the right side. Foliage appears to be close to and possibly overhanging the wire path with some separation, but dense background canopy makes exact geometry ambiguous. No clear contact visible; rated as overhang with several feet of apparent separation."
4,R00124,37.116654,-122.120423,-1,5,True,"[overhang, severity 7/10] A conductor runs diagonally across the frame from upper left toward the pole on the right. Tall redwood foliage on the left overhangs the wire path with several feet of visible separation; no clear contact geometry is confirmed. Dense canopy behind the wire makes true contact hard to verify, but limbs appear to extend over the line."
4,R00126,37.116750,-122.114553,-1,5,True,"[overhang, severity 7/10] Conductors run across the frame from upper left toward the right where dense tree canopy meets the line path. On the right side the foliage appears close to and possibly overhanging the wire with a few feet of separation, but the wire disappears into the canopy making exact contact hard to confirm. Rated as overhang with likely several feet clearance."
4,R00130,37.117255,-122.114846,-1,5,True,"[overhang, severity 7/10] Conductors run along the right side where dense foliage from the roadside trees rises to and above the wire path. Vegetation on the right appears to overhang the line with limited separation, but no clear contact point is visible. The wires against background canopy make exact geometry uncertain, so rated as overhang rather than contact."
4,R00144,37.118303,-122.106414,-1,5,True,"[overhang, severity 8/10] A conductor spans across the frame from the pole area; dense redwood foliage on the left directly overhangs and appears to intersect the wire path within a few feet. Contact is possible but background canopy makes true contact uncertain, so rated as close overhang."
4,R00149,37.118561,-122.116179,-1,5,True,"[overhang, severity 7/10] Conductors run across the upper left of the frame with foliage from the large tree canopy overhanging the wire path. There appears to be several feet of separation between the branches and the visible conductors, but limbs are clearly above the line. No definite contact is visible."
4,R00154,37.118827,-122.115269,-1,5,True,"[overhang, severity 7/10] Conductors run across the upper frame with a pole visible on the right. Foliage from trees on both sides is near the line path, and branches at upper right appear to overhang the wire with a few feet of separation, but strong sun glare partly obscures the exact geometry. No clear contact is visible."
4,R00170,37.119481,-122.121269,-1,5,True,"[overhang, severity 8/10] A large redwood grows immediately adjacent to the utility pole and conductor span. The conductors run through the tree's canopy area, with foliage directly overhanging the wires within a few feet, though clear contact isn't definitively visible against the dense canopy."
4,R00172,37.119546,-122.111386,-1,5,True,"[overhang, severity 8/10] Conductors span from the pole to the right; dense tree foliage near the pole and along the wire path appears to closely intersect the lines, with limbs directly overhanging/adjacent to the conductors within a few feet. Cannot confirm actual contact due to background canopy overlap, but geometry supports limbs overhanging the wires at close range."
4,R00178,37.119868,-122.120842,-1,5,True,"[overhang, severity 8/10] Conductors run along the left side of the road and pass through the canopy of the large deciduous tree. Foliage directly overhangs the wire path with only a few feet of apparent separation, though dense background canopy makes exact contact uncertain."
4,R00202,37.120782,-122.110671,-1,5,True,"[overhang, severity 7/10] Conductors run from the utility pole on the right across the road toward upper left. Tree canopy on both sides is close to the wire path, with branches on the left extending toward and overhanging the line, but visible separation remains rather than clear contact. Right-side foliage also crowds near the pole and lines."
4,R00211,37.121598,-122.122497,-1,5,True,"[overhang, severity 8/10] Multiple bare tree branches on the right reach up into the multiple conductor lines crossing the upper frame, with limbs directly overhanging and closely intermingling with the wire path. No definitive contact confirmed, but tips are within a few feet of the conductors."
4,R00214,37.121643,-122.118859,-1,5,True,"[overhang, severity 7/10] Multiple conductors cross the frame; the deciduous tree on the right has foliage extending toward the wire path with limbs appearing to overhang the conductors, but with several feet of visible separation rather than direct contact. Much of the surrounding green is background canopy behind the lines."
4,R00225,37.122531,-122.123047,-1,5,True,"[overhang, severity 8/10] Conductors run along the left side at upper portion of frame; dense redwood and lower tree foliage crowd the wire path with limbs directly overhanging within a few feet. Full contact cannot be confirmed as background canopy overlaps the wires, so capped below 9."
4,R00252,37.123744,-122.112146,-1,5,True,"[overhang, severity 8/10] Two conductor lines cross the frame diagonally. Foliage from the trees on the right and center appears to reach up close to the wire path, with limbs overhanging near the conductor within a few feet. Dense background canopy makes exact separation hard to judge, but branches near the line span support an overhang rating."
4,R00274,37.124819,-122.124676,-1,5,True,"[overhang, severity 7/10] A large tree canopy on the right sits close to the conductor span crossing the road, with limbs appearing to overhang the line but with a few feet of separation visible. Some risk of encroachment but no clear contact geometry."
4,R00294,37.125561,-122.119766,-1,5,True,"[overhang, severity 8/10] Conductors run from the pole at left across the scene, passing directly through/near the tall redwood and dense evergreen foliage in the center. The wire path appears to intersect the crowns of the central trees with limbs overhanging or very close to the conductors, though some of the apparent overlap may be background canopy behind the wire."
4,R00308,37.126122,-122.126875,-1,5,True,"[overhang, severity 8/10] Conductors span across the road with tree canopy on the left directly overhanging the wire path within a few feet; foliage appears very close to the line near the upper-left crossing. Not clearly touching, so short of contact rating."
4,R00312,37.126245,-122.127424,-1,5,True,"[overhang, severity 7/10] Conductors span the road from the pole on the right toward the trees on the left. On the right near the pole, dense foliage and limbs overhang and closely approach the wires, though clear contact is not confirmed against the bright sky background. Some limbs appear within a few feet of the lines."
4,R00315,37.126319,-122.132023,-1,5,True,"[overhang, severity 8/10] Conductors span across the frame; dense foliage from the tall trees on the right and center appears to overhang and closely surround the wire path with minimal separation. Some branches may be at or near contact, but background canopy makes exact geometry uncertain, so I stop short of 9-10."
4,R00335,37.127447,-122.114542,-1,5,True,"[overhang, severity 7/10] Conductors run across the upper frame with tree limbs from the right-side canopy extending over the wire path with several feet of apparent separation. Much of the darker foliage near the wires appears to be background canopy, so no clear contact is visible. Rated as overhang with separation."
4,R00351,37.128166,-122.130614,-1,5,True,"[overhang, severity 7/10] Conductors run diagonally across the frame; the large tree on the right has limbs extending over the wire path with a few feet of visible separation. No clear contact, and the dense canopy behind the wires is mostly background. Overhang with moderate clearance suggests ~7."
4,R00363,37.128556,-122.116040,-1,5,True,"[overhang, severity 7/10] Conductors run along the right side of the road with dense redwood foliage on the right. Branches appear to overhang the wire path with several feet of separation, but the tree canopy is largely behind/beside the lines rather than clearly touching. No definitive contact visible."
4,R00366,37.128628,-122.131140,-1,5,True,"[overhang, severity 7/10] Conductors span across the frame from the pole at left. The central tree and right-side canopy have foliage near the wire path, with limbs appearing to overhang the line at several feet of separation. No clear direct contact is visible; much of the apparent overlap is background canopy behind the wires."
4,R00369,37.128757,-122.120229,-1,5,True,"[overhang, severity 7/10] Multiple conductors cross the upper frame. Foliage from the left-side trees reaches up near the wires and branches appear to overhang the conductor path with several feet of separation, but no clear contact is visible. Tall redwoods flank the line on the right with visible separation."
4,R00372,37.128885,-122.123049,-1,5,True,"[overhang, severity 8/10] Conductors run along the left side and dense tree foliage on the left overhangs the line closely, with branches appearing to reach into the wire path within a few feet. No definitive contact point is visible, so short of 9-10."
4,R00386,37.129509,-122.132811,-1,5,True,"[overhang, severity 8/10] Conductors run from the pole at right across the road toward upper left. Dense redwood/fir foliage on the right side is very close to and appears to overhang the conductors near the pole crossarm, with limbs within a few feet of the wire path. No definite contact visible, but overhang is likely."
4,R00392,37.129799,-122.113249,-1,5,True,"[overhang, severity 8/10] Conductors span across the frame and pass through/near the large oak canopy on the right side. The dense foliage of the oak appears to directly overhang the lower conductor line with only a few feet of separation, though exact contact cannot be confirmed. Category is overhang given the limbs sit above the wire path."
4,R00395,37.129881,-122.133156,-1,5,True,"[overhang, severity 7/10] Conductors run right-to-left from the pole crossarm toward tall redwoods on the right side. Foliage from those trees appears to extend over/near the wire path with some visible separation, but no clear contact is confirmed. Rated as overhang with several feet of clearance."
4,R00397,37.130052,-122.111939,-1,5,True,"[overhang, severity 8/10] On the left side, dense tree foliage directly overhangs and closely approaches the conductor span crossing the road, with branches within a few feet of the wire. No definitive contact visible, but limbs clearly overhang the line."
4,R00399,37.130238,-122.121232,-1,5,True,"[overhang, severity 8/10] A single conductor spans the upper frame; a tall conifer's crown reaches up to and just below the wire near the center-left, with foliage very close to and appearing to touch/overhang the line. Contact is plausible but background canopy makes exact separation uncertain, so rated 8 rather than 9-10."
4,R00406,37.130466,-122.120055,-1,5,True,"[overhang, severity 8/10] A conductor spans diagonally across the frame from upper left toward the right, passing directly through the dense foliage of the large tree on the right. Limbs appear to directly overhang and closely approach the wire, though some apparent contact may be background canopy. Geometry supports overhang within a few feet."
4,R00410,37.130711,-122.133717,-1,5,True,"[overhang, severity 7/10] Conductors run from the left pole along the road with dense redwood/tree canopy on the right side. Foliage appears to extend toward and possibly over the wire path with several feet of apparent separation, but no clear direct contact is visible. Backlit conditions make merging of canopy and wires ambiguous."
4,R00426,37.131384,-122.109302,-1,5,True,"[overhang, severity 8/10] A large broadleaf tree grows directly beneath the overhead conductors that span the frame. The upper canopy reaches up to the wire path with limbs directly overhanging the conductors within a few feet. No clear contact is visible, but the crown crowds the lines closely."
4,R00436,37.131603,-122.107508,-1,5,True,"[overhang, severity 8/10] Conductors run from the pole across the frame; a tall tree with dense foliage directly beside the pole has limbs extending toward and over the wire path within a few feet. Contact not definitively visible but overhang geometry is clear."
4,R00440,37.131970,-122.123060,-1,5,True,"[overhang, severity 8/10] A leafy deciduous tree on the left grows up into and directly beneath the conductor span crossing the frame, with foliage at or very near the wire level. Limbs appear to overhang the conductor within a few feet, though dense background canopy makes exact separation ambiguous. No unambiguous contact point is visible."
4,R00451,37.132465,-122.108244,-1,5,True,"[overhang, severity 7/10] Conductors span down the right side of the road where large redwoods and dense foliage grow immediately adjacent. Branches appear to overhang the line with a few feet of separation, but no definite contact is visible. Tall trees crowd the wire path on the right."
4,R00473,37.133328,-122.102604,-1,5,True,"[overhang, severity 7/10] Conductors span the road with tall redwood foliage on the left crossing the wire path; branches appear to overhang the lines with several feet of apparent separation. No clear direct contact visible, and background canopy could exaggerate proximity."
4,R00482,37.133820,-122.138304,-1,5,True,"[overhang, severity 7/10] Utility pole with conductors running right and left. On the right side, the large tree canopy grows close to and appears to overhang the conductor line with a few feet of separation. No clear direct contact visible; foliage on right is dense near the wire path but separation appears to exist."
4,R00489,37.134250,-122.119872,-1,5,True,"[overhang, severity 8/10] Conductors run left-to-right across the upper frame and pass directly into/over the dense tree canopy on the left side. Foliage appears to reach up to the wire path, but background canopy makes true contact uncertain, so limbs directly overhanging within a few feet is the most defensible read."
4,R00496,37.134734,-122.119678,-1,5,True,"[overhang, severity 8/10] A tall tree grows immediately adjacent to the pole with dense foliage crowding the conductors near the top. The branches appear to overhang/press close to the wires spanning from the pole, likely within a few feet, though dense background canopy makes exact separation hard to confirm."
4,R00500,37.135095,-122.101365,-1,5,True,"[overhang, severity 8/10] Conductors run along the right side of the road with dense tree canopy directly above and beside them. Limbs from the large trees on the right appear to overhang the conductors within a few feet, though sun glare partially obscures the wire path on the left."
4,R00507,37.135504,-122.140422,-1,5,True,"[overhang, severity 8/10] A conductor spans across the frame and passes directly over/through the dense green canopy in the center-right. The foliage rises to and appears to intersect the wire path, with limbs overhanging the conductor within a few feet. Contact is plausible but background canopy makes exact separation uncertain, so not rated higher."
4,R00533,37.137594,-122.098184,-1,5,True,"[overhang, severity 7/10] Conductors run along the right side of the road; the large oak canopy on the upper right extends over the line with limbs overhanging but retaining several feet of separation. No clear contact visible, and dense background foliage could mislead, but geometry suggests overhang."
4,R00535,37.137673,-122.097049,-1,5,True,"[overhang, severity 8/10] Conductors run along the right side of the road where a dense oak canopy grows directly beside and over the wire path. Foliage appears to overhang the lines within a few feet, though exact contact is not confirmed. Left-side redwoods are separated from the visible wires."
4,R00545,37.138253,-122.143773,-1,5,True,"[overhang, severity 7/10] Conductors span the road at mid-height; dense tree canopy on both sides has limbs extending over and near the wire path, with foliage on the right appearing to overhang with a few feet of separation. No definitive contact point is visible against the bright background, so rated as overhang rather than contact."
4,R00556,37.138768,-122.129739,-1,5,True,"[overhang, severity 7/10] Conductors run along the right side of the road with tall trees immediately adjacent. Foliage from the right-side trees appears to overhang the wire path with a few feet of separation, but no clear contact is visible against the background canopy."
4,R00564,37.139952,-122.130862,-1,5,True,"[overhang, severity 7/10] Conductors span the road with dense tree canopy on both sides. On the right, foliage extends near the wire path with limbs appearing to overhang with several feet of separation, but no clear direct contact visible. Trees are tall and close but geometry doesn't support a contact rating."
4,R00568,37.140453,-122.129890,-1,5,True,"[overhang, severity 8/10] Conductors run from the pole toward the right where a large oak canopy directly overhangs and closely borders the wire path. Foliage is very close to and above the line, suggesting limbs within a few feet, though dense background canopy makes exact contact hard to confirm."
4,R00569,37.140719,-122.129404,-1,5,True,"[overhang, severity 8/10] Conductors run diagonally across the frame from upper right toward center. On the right side, dense green foliage rises right up to and appears to overhang the wire path within a few feet, with branches close to the line. Contact is possible but the geometry shows foliage adjacent/overhanging rather than clearly wrapping the wire."
4,R00596,37.143428,-122.130476,-1,5,True,"[overhang, severity 7/10] The conductor runs diagonally across the upper frame and passes beneath/through the tree canopy on the right; foliage appears to overhang the wire with a few feet of separation rather than clear contact. Dense background canopy makes exact geometry uncertain, but limbs above the line are plausible."
4,R00597,37.143630,-122.131312,-1,5,True,"[overhang, severity 7/10] Conductors run diagonally across the upper right, and tree limbs/foliage from the left canopy and right-side redwoods extend near and over the wire path with a few feet of visible separation. No clear contact point is visible, so overhang with modest clearance is the best read."
4,R00603,37.144133,-122.133232,-1,5,True,"[overhang, severity 8/10] Conductors run across the frame from upper left toward the pole on the right. The large leafy tree on the left has foliage rising into and directly beneath the wire path, with limbs appearing to overhang the conductor within a few feet. No definitive contact visible, but overhang geometry is credible in clear daylight."
4,R00016,37.105295,-122.106274,-1,4,True,"[overhang, severity 7/10] A conductor runs across the top of the frame. Foliage from trees on the right side reaches up toward the wire and appears to overhang it with several feet of separation; no clear contact is visible. Background canopy behind the wire could exaggerate closeness."
4,R00101,37.114600,-122.102501,-1,4,True,"[overhang, severity 7/10] Conductors span from the pole across the driveway toward the large oak on the right. The oak canopy appears to overhang the wire path with several feet of separation, but no clear direct contact is visible. Background canopy behind wires does not indicate contact."
4,R00111,37.115332,-122.102741,-1,4,True,"[overhang, severity 7/10] Conductors span left to right across the frame; the large redwood on the right has foliage extending toward/over the wire path with a few feet of apparent separation. No clear contact visible, and the wire path near the dense canopy is somewhat ambiguous, so rated as overhang with separation."
4,R00131,37.117456,-122.121671,-1,4,True,"[overhang, severity 8/10] Conductors run across the right side of the frame near the house; tall foliage and slender tree branches on the right appear to overhang and closely flank the wire path within a few feet. Wire is partly visible but geometry suggests limbs directly over/near conductors, short of clear contact."
4,R00230,37.122917,-122.113902,-1,4,True,"[overhang, severity 7/10] Conductors span across the top of the frame. Foliage from the large tree on the left and the canopy on the right appear to overhang near the wire path with several feet of separation. No clear contact visible; background canopy is largely behind/below the lines."
4,R00234,37.122982,-122.124078,-1,4,True,"[overhang, severity 8/10] Deciduous foliage in the center-right rises up toward the conductors spanning from the pole, with branches appearing to reach into or just below the wire path. Direct contact isn't clearly confirmed against the background canopy, but limbs overhang the conductor within a few feet."
4,R00239,37.123168,-122.113270,-1,4,True,"[overhang, severity 7/10] A conductor runs from the utility pole on the right across the road at upper portion of frame. Tree canopy from both sides extends toward and appears to overhang the wire path with several feet of separation, though dense background foliage makes exact geometry uncertain. No definitive contact visible."
4,R00257,37.123928,-122.115656,-1,4,True,"[overhang, severity 7/10] A conductor spans diagonally across the frame. On the right side, tall trees with dense foliage rise close to the wire and appear to have limbs overhanging it with a few feet of separation, though the exact geometry against the bright sky is somewhat ambiguous. No clear direct contact is visible."
4,R00275,37.124842,-122.121011,-1,4,True,"[overhang, severity 7/10] Large conifer on the right has limbs extending toward the conductor span running along the road; foliage appears to overhang the wires with a few feet of separation rather than direct contact. Other trees are set back with clear separation."
4,R00316,37.126419,-122.127956,-1,4,True,"[overhang, severity 7/10] Multiple conductors span the road with dense tree canopy on both sides. On the right, foliage appears near and possibly overhanging the lines, but there is visible separation and no clear contact. Rated as overhang with several feet of separation."
4,R00317,37.126434,-122.130516,-1,4,True,"[overhang, severity 7/10] Conductors run horizontally across the frame from the pole. Tree canopy on the right side has limbs extending near and over the wire path, but there appears to be several feet of separation rather than direct contact. Much of the apparent proximity is background canopy behind the wire."
4,R00336,37.127489,-122.128600,-1,4,True,"[overhang, severity 7/10] Conductors run from the pole across the frame with trees on the right whose limbs extend over/near the wire path with a few feet of separation. Foliage on the right hillside is close to the lines but no clear contact is visible; background canopy behind wires should not be mistaken for touch."
4,R00390,37.129770,-122.122177,-1,4,True,"[overhang, severity 7/10] A single conductor spans the upper frame from left to right, passing near dense tree canopy on the right side. Foliage appears close to and possibly overhanging the wire, but background canopy makes exact separation uncertain. No clear contact visible; limbs seem to overhang with some separation."
4,R00429,37.131521,-122.109911,-1,4,True,"[overhang, severity 7/10] Multiple conductors span across the frame with dense oak canopy rising to and around the wire path on the right side. Foliage appears to reach up near the lines with limbs overhanging, but there is visible separation rather than clear contact. Background canopy behind wires makes exact geometry ambiguous, so I estimate limbs overhang with a few feet of clearance."
4,R00492,37.134483,-122.140178,-1,4,True,"[overhang, severity 8/10] Two conductors span across the frame; the large tree at right and the foliage on the left both have limbs directly over/near the wire path with only a few feet of separation. No clear contact visible, but the overhang is close, so severity 8."
4,R00493,37.134605,-122.101683,-1,4,True,"[overhang, severity 7/10] Conductors run along the right side of the road where tall trees crowd the line. On the right side, foliage appears close to and overhanging the wires with a few feet of separation, but no clear direct contact is visible. Backlighting/sun glare partially obscures the exact geometry."
4,R00510,37.135755,-122.127638,-1,4,True,"[overhang, severity 7/10] Conductors span the road from the left pole across to the right treeline. On the right side, dense tree foliage is very close to and appears to overhang the conductor path, though several feet of separation is plausible rather than definite contact. No clearly visible branch touching a wire, so capped below 8-9."
4,R00579,37.141947,-122.129206,-1,4,True,"[overhang, severity 7/10] A large oak on the right has limbs extending toward and above the conductor path crossing to the right side, with several feet of visible separation. Foliage appears near but not clearly touching the wires; geometry suggests overhang rather than contact."
3,R00002,37.104763,-122.141453,-1,4,True,"[tall_nearby, severity 4/10] Conductors run across the upper portion of the frame with clear sky separation. Tall conifers along the right side are near the line corridor but show visible separation from the wires; no branches overhang or contact the conductors that I can discern."
3,R00012,37.105029,-122.110872,-1,4,True,"[encroach, severity 6/10] Conductors run across the upper portion of the frame with dense trees rising near their path on both sides. A tall tree on the right and foliage on the left appear close to the line, but no branch clearly contacts or overhangs the wires; the apparent proximity may be background canopy. Rated as beside/encroaching within the envelope."
3,R00013,37.105175,-122.141949,-1,4,True,"[unclear, severity 6/10] Heavy fog obscures the conductor path and the tree crowns on the right where lines converge. Bare trees at left are below the wires with apparent separation, but foliage near the poles on the right could be encroaching or overhanging—cannot confirm geometry through the fog, so capping at 6."
3,R00030,37.106245,-122.142665,-1,4,True,"[tall_nearby, severity 4/10] Conductors run along the road from the pole with clear sky background over most of the span. Tall trees and dense vegetation flank both sides of the road near the line, but visible separation exists between the wires and the foliage. No clear overhang or contact evident."
3,R00031,37.106263,-122.107267,-1,4,True,"[tall_nearby, severity 4/10] A single conductor spans horizontally across the upper frame. Tall redwoods and trees are near the line, but there is visible separation between the wire and foliage/trunks. No branches clearly overhang or contact the conductor in the visible span."
3,R00033,37.106357,-122.106095,-1,4,True,"[tall_nearby, severity 4/10] Conductors span across the frame diagonally with tall redwoods and dense foliage nearby, but the visible wire path shows separation from the trees. Dense canopy sits behind the lines rather than in direct contact. Tall trees near the line but no clear overhang or contact geometry."
3,R00035,37.106624,-122.109046,-1,4,True,"[tall_nearby, severity 3/10] A utility pole is visible at left-center with faint conductors running along the tree line. Tall redwoods are near the line but the wire path is thin and hard to trace; no clear overhang or contact is visible, only background forest proximity."
3,R00038,37.106765,-122.142894,-1,4,True,"[tall_nearby, severity 4/10] Conductors run along the left side and cross the frame overhead. Tall conifers stand near the line, but there is visible separation between the trees and the wires; no clear overhang or contact is evident. Background canopy is well behind the wire path."
3,R00041,37.107022,-122.107109,-1,4,True,"[tall_nearby, severity 4/10] A single conductor is visible crossing the upper-left of the frame. Tall redwoods and dense foliage are near the line, but the wire path where it crosses the sky shows visible separation from the trees. No clear overhang or contact geometry is discernible; the dense canopy is largely background."
3,R00045,37.107427,-122.107878,-1,4,True,"[tall_nearby, severity 4/10] Conductors span horizontally across the upper frame from the pole at left. Tall redwoods stand behind and near the line, but the wires appear to pass in front of/below the dense canopy with visible separation. No branch is clearly overhanging or contacting the conductors; the tallest trees are set back beyond the fence with foliage below the wire height at the crossing point."
3,R00046,37.107507,-122.143641,-1,4,True,"[unclear, severity 6/10] Heavy fog obscures the wire path and vegetation geometry. Conductors are visible running from the pole toward the left trees, but I cannot confirm actual contact or overhang through the mist. Trees on the left are tall and near the line span. Capping at 6 due to poor visibility."
3,R00049,37.107718,-122.109534,-1,4,True,"[tall_nearby, severity 3/10] A utility pole is faintly visible mid-frame near the road, but conductor paths are not clearly discernible against the dense canopy. Tall trees surround the area but no specific vegetation-conductor interaction can be confirmed. Rated as tall trees nearby with no visible contact or overhang."
3,R00051,37.107764,-122.111499,-1,4,True,"[encroach, severity 6/10] Conductors span from the pole across the road; on the right side dense foliage and tree limbs come close to the wire path, but backlighting and background canopy make it hard to confirm actual contact or clear overhang. Vegetation appears within the envelope beside the line rather than confirmed touching, so capped at 6."
3,R00052,37.107783,-122.108234,-1,4,True,"[tall_nearby, severity 4/10] Conductors span across the scene with tall redwoods on both sides. The trees are near the line corridor but show visible separation from the wires; no branches clearly overhang or contact the conductors in the visible span."
3,R00055,37.107902,-122.144275,-1,4,True,"[tall_nearby, severity 4/10] Heavy fog obscures the scene; conductors span across the top but tree crowns near the lines show visible separation, no clear contact or overhang. Foggy conditions limit certainty, capping severity."
3,R00068,37.109038,-122.109936,-1,4,True,"[encroach, severity 5/10] A conductor runs from upper left across the frame; dense trees on the left side are immediately adjacent to the line path within the envelope, but I cannot confirm direct overhang or contact—foliage appears beside rather than clearly over the wire."
3,R00081,37.112816,-122.113498,-1,4,True,"[tall_nearby, severity 4/10] Conductors span across the scene with tall redwoods on both sides. The trees to the right and behind appear to have visible separation from the wire path; no clear overhang or contact geometry is evident. Rated as tall trees near the line with separation."
3,R00084,37.112952,-122.116158,-1,4,True,"[tall_nearby, severity 3/10] Distribution conductors run along the road with poles visible mid-frame, surrounded by tall redwoods. The wire path is faint and distant, but I can see tall trees near the line without any clear branch overhanging or contacting the conductors. No definitive interaction is visible."
3,R00097,37.114456,-122.118523,-1,4,True,"[encroach, severity 5/10] A thin conductor spans left to right across the upper portion of the image, running from the left near the redwoods toward the right treeline. Dense roadside vegetation on the right and tall trees on the left are close to the line's path, but I cannot see a branch clearly overhanging or contacting the wire. Foliage appears beside the conductor within the envelope. Hazy/dim lighting and thin wire visibility warrant caution."
3,R00100,37.114593,-122.116011,-1,4,True,"[tall_nearby, severity 4/10] Conductors span across the upper frame against clear blue sky with visible separation from the tall redwoods and pines. No foliage is overhanging or touching the wires; the nearest tall trees are behind or beside the line path with clear gaps."
3,R00107,37.115008,-122.114255,-1,4,True,"[tall_nearby, severity 4/10] Conductors span across the scene with tall trees flanking both sides, but there is visible separation between the wires and the foliage. No branches clearly overhang or contact the conductors; the dense canopy is mostly behind or beside the wire path."
3,R00109,37.115124,-122.119826,-1,4,True,"[tall_nearby, severity 3/10] A conductor spans across the road on the right side (visible near the pole at right), with tall redwoods flanking the road. The wire path is thin and partly obscured, but no branch clearly overhangs or contacts it; the dense forest is mostly background with visible separation from the visible span."
3,R00110,37.115229,-122.115999,-1,4,True,"[tall_nearby, severity 4/10] Conductors span the upper portion of the frame with clear sky behind them. Tall redwoods on the right and the large shrub on the left are near the line corridor but show visible separation from the wires; no branches clearly overhang or contact the conductors."
3,R00115,37.115746,-122.120286,-1,4,True,"[tall_nearby, severity 4/10] Conductors run along the left/upper portion of the frame with tall redwoods and roadside trees nearby, but there is visible separation between the wires and the tree canopy. No branches clearly overhang or contact the lines in this view."
3,R00116,37.115784,-122.102813,-1,4,True,"[tall_nearby, severity 4/10] Conductors run along the right side from the utility pole. Trees on both sides are tall but show visible separation from the wire path; no branches clearly overhang or contact the conductors. Some foliage near the lines but distinct clearance is evident."
3,R00120,37.116231,-122.102903,-1,4,True,"[tall_nearby, severity 4/10] Conductors cross the sky diagonally with tall trees flanking the road. Vegetation at right edge is near the line path but shows visible separation; no clear overhang or contact with the wires is evident."
3,R00125,37.116669,-122.103044,-1,4,True,"[encroach, severity 6/10] Conductors run from the pole toward the right where a large oak canopy is adjacent to the line path. Foliage appears to be within the envelope beside the wires, but no clear overhang or contact is visible; much of the canopy is likely background. Rated as encroachment."
3,R00132,37.117556,-122.120669,-1,4,True,"[tall_nearby, severity 4/10] Multiple conductors cross the frame with clear sky separation from the large tree canopy on the left. Vegetation is near the line corridor but visible gaps exist between foliage and wires; no overhang or contact clearly seen."
3,R00135,37.117591,-122.115158,-1,4,True,"[encroach, severity 6/10] Conductors run from the pole across the road toward dense tree canopy on both sides. Vegetation is close to the line path on the left near the pole, but the exact wire geometry against the bright sky and dense background canopy is hard to confirm; no clear contact or definite overhang is visible, so capped at 6."
3,R00137,37.118022,-122.120606,-1,4,True,"[tall_nearby, severity 4/10] Conductors run along the road with a bare deciduous tree and evergreens near the right side. No branches clearly overhang or contact the wires; visible separation between foliage and conductor path. Tall trees near line only."
3,R00150,37.118584,-122.120175,-1,4,True,"[tall_nearby, severity 3/10] Conductors are only faintly visible in the upper right against sky; a large redwood and dense vegetation are near the pole line but no clear contact or overhang can be confirmed. Wire path is largely obscured, so rating capped low with visible separation to identifiable spans."
3,R00157,37.118887,-122.105900,-1,4,True,"[tall_nearby, severity 3/10] Conductors run from the pole on the right across the frame with clear sky behind them. Tall trees flank the road on both sides but there is visible separation between the foliage and the wire path; no branch overhangs or contacts the conductors in view."
3,R00177,37.119787,-122.112375,-1,4,True,"[tall_nearby, severity 4/10] Conductors span across the road with tall redwoods nearby, but there is visible separation between the wire path and the tree canopy. No branch clearly contacts or directly overhangs the line; the dense foliage is largely background behind the wires."
3,R00180,37.119879,-122.122089,-1,4,True,"[tall_nearby, severity 4/10] Conductors span the street from the pole on the left. Tall trees and canopy are present along the line, especially mid-frame and right side, but there is visible separation between the wires and the foliage. No clear overhang or contact is evident; the dense canopy appears behind or below the wire path."
3,R00186,37.120271,-122.108762,-1,4,True,"[tall_nearby, severity 4/10] Conductors span across the sky with clear separation from the large tree on the left; foliage is near the line path but no direct overhang or contact is visible against the open sky background."
3,R00189,37.120322,-122.120899,-1,4,True,"[tall_nearby, severity 2/10] Conductors are not clearly visible in this frame. Tall redwoods and dense canopy line the road, but no distinct wire path can be traced against the trees, so no direct vegetation-conductor interaction can be assessed."
3,R00190,37.120324,-122.122141,-1,4,True,"[tall_nearby, severity 4/10] Conductors run along the left/center of the frame with a utility pole visible. Tall redwoods line the right side of the road, but the wires appear to have visible separation from the dense canopy. No branches clearly overhang or contact the conductors in this view."
3,R00195,37.120651,-122.106559,-1,4,True,"[tall_nearby, severity 4/10] Conductors span across the frame from the pole with clear sky behind most of the wire path. Trees on the right and background are tall but show visible separation from the lines; no branches clearly overhang or contact the conductors."
3,R00198,37.120726,-122.105430,-1,4,True,"[tall_nearby, severity 3/10] A single conductor spans the upper frame with clear sky behind it; tall redwoods and roadside trees are present but show visible separation from the wire path. No overhang or contact is evident along the visible span."
3,R00201,37.120766,-122.122201,-1,4,True,"[tall_nearby, severity 3/10] Heavy sun glare and lens flare obscure the conductor path on the right side. Tall trees are present near the line corridor, but no clear branch-to-wire contact or overhang is visible; wires are faint against bright sky. Capping due to poor visibility from glare."
3,R00204,37.120814,-122.107101,-1,4,True,"[encroach, severity 5/10] Conductors cross the frame diagonally toward the upper right. Dense foliage on the right side is close to the wire path within the envelope, but no clear overhang or contact is visible above the road; the tall pine at center-left has visible separation from the lines."
3,R00212,37.121616,-122.123470,-1,4,True,"[tall_nearby, severity 3/10] A single overhead conductor is faintly visible crossing the upper left of the frame, with dense forest canopy in the background. The wire path is largely obscured by the poles and hard to trace clearly. Tall trees are near the line but no branch is clearly overhanging or contacting the conductor; apparent overlap is background canopy behind the wire."
3,R00222,37.122173,-122.122058,-1,4,True,"[encroach, severity 6/10] Conductors run along the right side toward the pole; tall redwoods and dense shrubbery on the right appear close to the line path, but the exact wire geometry against the background canopy is unclear. Vegetation looks beside rather than clearly overhanging, so capped at 6."
3,R00229,37.122638,-122.122214,-1,4,True,"[encroach, severity 6/10] A conductor spans from upper left across the frame toward the right where large trees (oak and redwood) grow densely along the road. The wire path becomes obscured by foliage on the right side, suggesting vegetation within the envelope, but the exact geometry of any contact is unclear against the dense background canopy. Capping at 6 due to ambiguous wire path through the foliage."
3,R00236,37.123086,-122.123007,-1,4,True,"[tall_nearby, severity 4/10] Conductors cross the frame with clear sky behind them; tall redwoods/conifers stand near the line on both sides but with visible separation. No branches overhang or contact the wires in view."
3,R00243,37.123417,-122.123319,-1,4,True,"[tall_nearby, severity 3/10] Distribution lines are faintly visible on poles along the right side of the road near the utility pole. Tall conifers stand near the line corridor but show visible separation. The large deciduous tree on the left is set back from the visible conductor path. No overhang or contact discernible at this distance."
3,R00246,37.123429,-122.122450,-1,4,True,"[tall_nearby, severity 3/10] Power pole with distribution lines visible mid-frame near the street. Conductors run toward the trees on both sides but the wire path is distant and small; no clear overhang or contact is visible. Tall trees flank the corridor with apparent separation, so this reads as tall vegetation near the line rather than a direct interaction."
3,R00248,37.123518,-122.127432,-1,4,True,"[tall_nearby, severity 4/10] Two conductor spans cross the upper portion of the frame against an open sky, with clear separation from the tree canopy below. Tall trees are present near the line but no branches visibly overhang or contact the wires; the crowns sit below the conductor path."
3,R00254,37.123851,-122.124366,-1,4,True,"[tall_nearby, severity 4/10] Conductors run left-to-right across the frame; the large redwood on the right and bare deciduous trees on the left are near the line corridor but show visible separation from the wires. No branch clearly contacts or overhangs the conductors."
3,R00261,37.124136,-122.121378,-1,4,True,"[tall_nearby, severity 4/10] The conductors run from the pole across to the right toward tall trees. There are tall trees near the line on the right side, but the wires appear to pass with visible separation against the sky. No branch is clearly overhanging or contacting the conductors; background canopy is behind the wire path."
3,R00262,37.124259,-122.124500,-1,4,True,"[tall_nearby, severity 4/10] Conductors span across the frame from the utility pole on the right. Tall trees and dense shrubs line the road near the pole, but the wires appear to have visible separation from the canopy. No clear overhang or contact geometry is evident; mostly background forest near the line."
3,R00263,37.124316,-122.122747,-1,4,True,"[tall_nearby, severity 4/10] Conductors span the street with tall redwoods and deciduous trees on the right side. The trees are near the line but show visible separation from the wires; no branches clearly overhang or contact the conductors in this view."
3,R00264,37.124342,-122.128045,-1,4,True,"[tall_nearby, severity 3/10] Only a couple of thin conductors are visible crossing the sky high above the road. Tall redwoods and dense roadside canopy flank the line, but no branch clearly overhangs or contacts the wire; the wire path is high and separate from the visible foliage."
3,R00267,37.124387,-122.123624,-1,4,True,"[tall_nearby, severity 4/10] Conductors run from the utility pole on the right across the scene. Tall trees and a large oak canopy are near the line corridor, but there is visible separation between the foliage and the wires; no clear overhang or contact is evident along the conductor path."
3,R00271,37.124760,-122.120470,-1,4,True,"[tall_nearby, severity 4/10] The conductors run across the upper portion of the frame as dark cables. Tall trees flank the lines on both sides, but the visible wire span appears clear with separation from the dense foliage on the right edge. No branch is clearly touching or overhanging the conductor; the heavy vegetation is lower near the fence, well below the wires."
3,R00277,37.124888,-122.125200,-1,4,True,"[tall_nearby, severity 4/10] A large tree on the left stands near the conductors that span the road, but there is visible separation between the tree canopy and the wire path. Foliage on the right near the pole does not clearly contact or overhang the conductors. Tall trees are near the line but with apparent clearance."
3,R00279,37.124904,-122.126342,-1,4,True,"[tall_nearby, severity 4/10] Distribution conductors run from the pole at left across the road. Tall redwoods and roadside trees are near the line, but there is visible separation between the foliage and the wires. No clear contact or overhang is evident; large portion of frame is blurred but the wire path in the clear area shows adequate clearance."
3,R00287,37.125238,-122.121154,-1,4,True,"[tall_nearby, severity 3/10] Conductors run along the road from the utility pole with clear sky background. Tall trees (redwoods and other evergreens) stand near the line on both sides but show visible separation from the wires; no branches overhang or contact the conductors in view."
3,R00296,37.125620,-122.128704,-1,4,True,"[encroach, severity 6/10] Conductors run along the right side of the road with dense tree canopy immediately adjacent to and beneath the wire path. Vegetation appears close to the line on the right, but no clear direct contact or overhang is visible against the sky; foliage merging with the line is likely background canopy. Capping at 6 due to ambiguous wire path against dense trees."
3,R00297,37.125655,-122.120393,-1,4,True,"[tall_nearby, severity 4/10] A single conductor spans across the sky from upper left toward the pole near center. Tall trees and dense canopy exist near the line, but the visible wire segment maintains clear separation against the open sky with no branches directly overhanging or contacting it. The right-side foliage is offset from the conductor path."
3,R00301,37.125760,-122.121313,-1,4,True,"[tall_nearby, severity 3/10] Conductor path is not clearly visible; there may be a line near the pole at right, but dense bare and evergreen canopy dominates. No discernible wire-to-branch contact geometry can be confirmed, so this reads as tall trees near a likely line with no verifiable interaction."
3,R00309,37.126133,-122.120535,-1,4,True,"[tall_nearby, severity 3/10] Conductors run from the utility pole across the scene with tall redwoods nearby. The bare deciduous tree on the right and evergreens are close to the line path but show visible separation; no clear overhang or contact with conductors is evident."
3,R00311,37.126245,-122.122957,-1,4,True,"[encroach, severity 6/10] Conductors run from left across the frame toward the building with a service riser at the pole. Dense foliage sits close beside the wire path on the left, but no clear contact or direct overhang is visible; much of the green is background canopy behind the lines. Rating capped in the beside-envelope range due to ambiguous geometry."
3,R00318,37.126663,-122.128574,-1,4,True,"[encroach, severity 6/10] Conductors span across the upper-left of the frame; dense redwood foliage is very close to the wire path on the left, but the exact geometry is ambiguous due to backlighting and the wire crossing in front of background canopy. Vegetation appears within the envelope beside the line rather than clearly touching or overhanging, so capped at 6 given the unclear separation."
3,R00321,37.126751,-122.131151,-1,4,True,"[tall_nearby, severity 4/10] Power lines run along the right side from the pole; tall redwoods and roadside vegetation are near the line but foliage on the right shows visible separation from the conductors. No clear contact or direct overhang is discernible. Backlighting/sun glare partially obscures the wire path on the right."
3,R00323,37.126953,-122.125377,-1,4,True,"[encroach, severity 6/10] A conductor spans across the scene at mid-height and dense redwood/oak foliage crowds close to the wire path on both sides, but the wire is thin and partially obscured against the canopy so contact geometry cannot be confirmed. Capping at 6 due to unclear wire path against background vegetation."
3,R00327,37.127067,-122.124837,-1,4,True,"[encroach, severity 6/10] Conductors run overhead from the utility pole on the right toward the upper left, with dense tree canopy on both sides. The large oak on the left and the vegetation on the right appear to encroach near the line path, but the wires cross open sky where visible and no clear branch-on-wire contact or direct overhang can be confirmed. Backlit foliage against the sky makes the exact wire-to-branch geometry unclear, so severity is capped at 6."
3,R00328,37.127075,-122.127518,-1,4,True,"[tall_nearby, severity 3/10] A utility pole is visible on the left but conductors are faint and hard to trace against the sky. Tall trees line the road on both sides, but no clear branch-to-conductor contact or overhang is visible; trees show separation from the wire path where discernible."
3,R00330,37.127171,-122.129595,-1,4,True,"[encroach, severity 6/10] Conductors run across upper right and diagonally through the frame. Dense tree canopy on the right side is close to the wire path and appears within the envelope, but I cannot confirm direct overhang or contact due to overlapping background foliage. No clear branch-on-wire geometry visible."
3,R00331,37.127212,-122.123596,-1,4,True,"[encroach, severity 6/10] Multiple conductors span the frame with tall redwoods and dense canopy on both sides. Vegetation on the right appears close to the line path but no clear contact or overhang geometry is visible; much of what looks near the wires is background canopy. Capped at 6 due to ambiguous wire-vegetation separation."
3,R00337,37.127517,-122.122946,-1,4,True,"[tall_nearby, severity 4/10] Conductors span the road with multiple tall redwoods and conifers flanking both sides. The lines run through relatively open sky with visible separation from the nearest trees; no branch clearly overhangs or contacts the wires. Tall trees are near the line on the right, warranting a tall_nearby classification with moderate concern."
3,R00340,37.127656,-122.130135,-1,4,True,"[tall_nearby, severity 4/10] A utility pole is visible on the left with dense oak canopy overhanging the road. Conductor lines are not clearly distinguishable against the dark foliage, so a direct wire-vegetation interaction cannot be confirmed. Tall trees are near the line corridor but no clear contact or overhang geometry is visible."
3,R00343,37.127867,-122.127563,-1,4,True,"[tall_nearby, severity 4/10] Conductors run from the pole on the left across the frame at a fairly high level. The large trees on the right are tall and close to the line's general area, but the visible wire span appears to pass with separation above/beside the road, not through the dense canopy. No clear overhang or contact geometry is visible; trees are near but separated."
3,R00344,37.127971,-122.122985,-1,4,True,"[tall_nearby, severity 4/10] Distribution lines cross the scene with tall redwoods on the right side, but there is visible separation between the conductors and the trees. Heavy sun glare washes out the upper canopy, limiting clarity. No direct overhang or contact is evident along the visible wire path."
3,R00353,37.128362,-122.116681,-1,4,True,"[tall_nearby, severity 4/10] Conductors run along the right side with a pole and multiple lines visible. Tall redwoods and roadside vegetation are present nearby, but there is visible separation between the trees and the wires. No branch appears to overhang or contact the conductors in this view."
3,R00357,37.128464,-122.124694,-1,4,True,"[tall_nearby, severity 4/10] Conductors span from the utility pole across the scene with tall redwoods and trees flanking the line. Visible separation exists between the wires and the surrounding trees; no branches clearly overhang or contact the conductors in this view."
3,R00371,37.128841,-122.115016,-1,4,True,"[tall_nearby, severity 4/10] Conductors run along the right side of the road with tall redwoods and mixed trees nearby. Visible separation exists between the wires and the adjacent foliage; no branch is clearly overhanging or contacting the lines. Trees are tall and close but with apparent clearance."
3,R00373,37.128917,-122.124673,-1,4,True,"[tall_nearby, severity 4/10] Overhead conductors span across the sky from left to right, with tall redwoods and firs standing near the line. The trees appear to have visible separation from the wire path rather than direct contact or overhang. The wires run mostly in open sky between the trees."
3,R00374,37.128963,-122.122094,-1,4,True,"[tall_nearby, severity 4/10] A utility pole with faint conductors running across the road is visible. Tall trees flank both sides of the road, but the conductors appear to have visible separation from the dense canopy. No clear branch contact or direct overhang can be confirmed; the wire path is thin and hard to trace against the sky and background foliage."
3,R00375,37.128991,-122.133499,-1,4,True,"[encroach, severity 5/10] Conductors run from the pole on the left along the roadside. Dense roadside vegetation grows alongside the line on the left, appearing within the ~12 ft envelope, but no clear overhang or contact is visible over the wire path. Background canopy behind lines does not indicate direct interaction."
3,R00376,37.129028,-122.131755,-1,4,True,"[tall_nearby, severity 4/10] Conductors run along the road with a utility pole visible right of frame. Tall redwoods flank the line, but the wires span across relatively open sky with visible separation from the nearest foliage. Trees on the right edge are close to the line but no branch clearly overhangs or contacts a conductor."
3,R00377,37.129105,-122.113945,-1,4,True,"[unclear, severity 2/10] Conductors are not clearly visible in this frame. There may be a distribution line running along the right side near the road, but the wire path cannot be reliably traced against the dense background forest canopy. No specific vegetation-conductor interaction can be confirmed."
3,R00380,37.129238,-122.117778,-1,4,True,"[tall_nearby, severity 3/10] A single conductor is faintly visible in the upper left crossing the road, but the tall redwoods and dense roadside vegetation on the right are not clearly interacting with it. Wire path is faint and largely obscured, so tall trees near the line with no visible contact or overhang."
3,R00383,37.129399,-122.133738,-1,4,True,"[tall_nearby, severity 4/10] Conductors run along the road with a utility pole visible mid-right. Tall redwoods and dense foliage flank the line, but there is visible separation between the trees and the wire path. No clear overhang or contact geometry is evident; background canopy is behind, not on, the conductor."
3,R00387,37.129646,-122.120829,-1,4,True,"[tall_nearby, severity 3/10] Conductors run across the upper left of the frame with tall redwoods and trees nearby, but there is visible separation between the wires and foliage. No branches clearly overhang or contact the lines; the dense canopy is largely background."
3,R00389,37.129749,-122.112364,-1,4,True,"[tall_nearby, severity 4/10] Conductors span the road diagonally with tall trees on both sides. Foliage on the left near the pole is close to the wire path but shows visible separation; no clear overhang or contact over the conductors. Rated as tall trees near line with separation."
3,R00398,37.130185,-122.121868,-1,4,True,"[tall_nearby, severity 4/10] A single conductor spans the upper frame with tall redwoods nearby, but the trees appear to have visible separation from the wire path. Sun glare and lens flare obscure part of the line, but no clear overhang or contact is evident."
3,R00403,37.130296,-122.133484,-1,4,True,"[tall_nearby, severity 4/10] Conductors span the upper right of the frame with tall redwoods and conifers nearby, but there is visible separation between the tree canopy and the wires. No branches clearly overhang or touch the conductors in this view."
3,R00409,37.130641,-122.134897,-1,4,True,"[encroach, severity 6/10] Conductors run from the utility pole on the right into dense roadside vegetation. On the right side foliage appears close to the wire path within the envelope, but the geometry is not clear enough to confirm overhang or contact, so capped at 6."
3,R00411,37.130721,-122.111005,-1,4,True,"[tall_nearby, severity 3/10] A single conductor is faintly visible crossing the upper left of the frame. Tall redwoods line both sides of the road, but the wire path is high and there is no clearly visible branch contacting or overhanging it. Dense canopy is mostly background. Rated as tall trees near line with apparent separation."
3,R00416,37.131043,-122.120808,-1,4,True,"[tall_nearby, severity 4/10] Conductors run from the pole at left across the scene; the large tree on the right is tall and near the line path but visible separation exists. No clear overhang or contact with the thin wires visible against the sky."
3,R00423,37.131311,-122.120097,-1,4,True,"[tall_nearby, severity 4/10] A single conductor spans the sky from upper right toward the left. Tall redwoods on the right stand near the line but show visible separation; foliage on the right edge is close but does not clearly contact or overhang the visible wire span. No direct interaction seen."
3,R00424,37.131336,-122.136114,-1,4,True,"[tall_nearby, severity 3/10] A conductor is faintly visible on the left crossing the road area, but no wire path is clearly traceable near vegetation. Tall redwoods flank the road with no visible branch-to-conductor contact or overhang. Only background forest with separation is apparent."
3,R00430,37.131553,-122.124741,-1,4,True,"[tall_nearby, severity 4/10] Conductors run along the right side of the road with a utility pole visible mid-frame. Tall redwoods flank both sides but the wire path over the road appears to have visible separation from foliage. No clear overhang or contact discernible; dense canopy is mostly background."
3,R00432,37.131590,-122.134844,-1,4,True,"[encroach, severity 6/10] A conductor runs diagonally from upper left toward a pole mid-frame, but the wire path becomes obscured by dense foliage on the right and the geometry of any direct contact/overhang is unclear. Vegetation clearly crowds the line corridor within the envelope, but I cannot confirm a limb over or touching a specific conductor, so capped at 6."
3,R00434,37.131598,-122.108395,-1,4,True,"[tall_nearby, severity 4/10] Conductors span from a pole in mid-scene across the sky; visible against open sky with clear separation from foreground canopy. Tall trees and dense vegetation are near the line on both sides but no branch appears to overhang or contact the wires in the visible geometry."
3,R00435,37.131599,-122.118990,-1,4,True,"[tall_nearby, severity 4/10] Conductors run from the pole on the right across the frame with clear sky background along most of the span. Tall trees are present near the line on both sides, but there is visible separation between the foliage and the wires. No branch clearly overhangs or contacts the conductors."
3,R00437,37.131877,-122.137006,-1,4,True,"[encroach, severity 5/10] Conductors run along the right side from the utility pole; dense roadside vegetation and trees are close beside the line within the envelope, but no clear overhang or contact is visible over the wire path. Wire path is only partly discernible against background canopy."
3,R00439,37.131962,-122.109338,-1,4,True,"[tall_nearby, severity 3/10] Conductors run along the left side of the road (visible near the pole around mid-frame) with tall trees nearby, but there is visible separation between the wire path and the foliage. No clear overhang or contact is discernible; the dense trees are largely set back from the line."
3,R00447,37.132243,-122.108743,-1,4,True,"[encroach, severity 6/10] A conductor spans the road from a pole on the right into dense roadside canopy. Trees on the right appear to be within the ~12 ft envelope beside the line, but the wire path is thin and partly washed out by sun glare, so I cannot confirm direct overhang or contact. Capping at 6 due to unclear geometry."
3,R00450,37.132442,-122.125192,-1,4,True,"[tall_nearby, severity 6/10] A conductor is faintly visible crossing the upper right of the frame near a pole. Tall redwoods and dense foliage are close to the line, but the wire path is thin and hard to trace, so I cannot confirm direct overhang or contact. Capping at 6 due to unclear wire geometry."
3,R00453,37.132475,-122.105866,-1,4,True,"[tall_nearby, severity 4/10] A faint conductor spans the road at mid-frame with a pole visible on the left. Tall trees line both sides but foliage shows visible separation from the wire path; no clear overhang or contact is discernible against the sky."
3,R00455,37.132543,-122.104299,-1,4,True,"[tall_nearby, severity 4/10] Distribution conductors run across the sky on the left side. Tall redwoods and roadside trees are near the line, but there is visible separation between the foliage crowns and the wires. No branch clearly overhangs or contacts the conductors in this frame."
3,R00456,37.132558,-122.120447,-1,4,True,"[tall_nearby, severity 3/10] Conductors span across the sky with clear separation from the tall trees below. The tallest cypress and background trees are near the line's height but show visible vertical separation, no overhang or contact evident."
3,R00457,37.132608,-122.106407,-1,4,True,"[tall_nearby, severity 4/10] Conductors span the road with tall trees on both sides, but there is visible separation between the wires and the foliage. Trees on the right are tall and near the line path but no branches clearly overhang or contact the conductors."
3,R00459,37.132641,-122.136801,-1,4,True,"[encroach, severity 6/10] Conductor lines run diagonally across the upper frame, with dense tree foliage nearby. Sun glare and backlighting obscure the exact wire path, making contact/overhang unclear, so severity is capped at 6. Vegetation appears close to the line envelope but no clear contact is confirmed."
3,R00460,37.132673,-122.107630,-1,4,True,"[tall_nearby, severity 4/10] Conductors run along the road with tall redwoods and oaks nearby. The trees on the right have foliage close to the line path but visible separation is present; no clear overhang or contact is discernible against the backlit canopy."
3,R00463,37.132791,-122.138410,-1,4,True,"[tall_nearby, severity 3/10] Conductors cross the sky in the upper portion of the frame with clear open sky around them. Tall redwoods flank both sides of the road but show visible separation from the wire spans. No branches overhanging or contacting the conductors are evident."
3,R00465,37.132903,-122.125323,-1,4,True,"[tall_nearby, severity 4/10] Multiple conductors span the scene against a dense redwood canopy. Tall trees flank the line but the wires appear to run through open sky with visible separation from foliage; no clear overhang or contact is evident. Background canopy behind the wires can mimic contact but geometry does not support it."
3,R00468,37.133007,-122.103176,-1,4,True,"[encroach, severity 6/10] Conductors run from the pole at right across the frame; dense roadside vegetation on the right sits close beside the line within the envelope, but no clear branch is directly overhanging or contacting the wires. The wire path against bright sky and background canopy is somewhat ambiguous, so capping at 6."
3,R00470,37.133047,-122.137420,-1,4,True,"[tall_nearby, severity 4/10] Conductors run along the road from the pole with visible clear span. Tall trees and shrubs are nearby but show visible separation from the wires; no direct overhang or contact is evident along the conductor path."
3,R00484,37.133864,-122.119551,-1,4,True,"[encroach, severity 6/10] Conductors run from the pole on the left toward trees that crowd the right side of the road. The wire path appears to approach dense foliage in the mid-distance, but glare and the small scale make the exact geometry unclear, so severity is capped at 6. Vegetation appears close to the line rather than clearly overhanging or contacting it."
3,R00487,37.134181,-122.101876,-1,4,True,"[tall_nearby, severity 4/10] A single conductor is faintly visible spanning across the upper right portion of the frame. Tall redwoods and dense roadside vegetation flank the line, but there is visible separation between the wire and the foliage. No clear overhang or contact geometry is evident; this reads as tall trees near the line with distance to spare."
3,R00501,37.135215,-122.120108,-1,4,True,"[tall_nearby, severity 4/10] A conductor spans across the scene from upper right toward center-left. Tall trees flank the road, and dense vegetation on the right rises near the wire, but there is visible separation between the foliage and the conductor path. No clear contact or direct overhang is evident."
3,R00503,37.135231,-122.120699,-1,4,True,"[encroach, severity 5/10] Conductors run from the pole on the left down the road, with dense tree canopy on the left side crowding close beside the wire path. Vegetation appears to be within the envelope beside the lines rather than clearly overhanging or contacting. No definite branch-on-wire contact is visible; much of the apparent overlap is background canopy behind the wires."
3,R00505,37.135299,-122.121270,-1,4,True,"[encroach, severity 6/10] Conductors run diagonally across the frame toward the tall tree cluster on the right. Dense foliage of the large trees on the right sits very close to the wire path, appearing to enter the envelope, but the exact wire location behind/beside the canopy is not clearly resolvable. Capping at 6 due to ambiguous geometry."
3,R00506,37.135469,-122.101016,-1,4,True,"[encroach, severity 6/10] Conductors run along the left side from the utility pole, with dense roadside vegetation on both sides of the road within the line envelope. No clear overhang or contact visible against the sky, and the wire path against background canopy is somewhat ambiguous, so capping at encroachment level."
3,R00509,37.135669,-122.128541,-1,4,True,"[tall_nearby, severity 4/10] A single conductor is visible crossing the upper portion of the frame against the sky. Tall redwoods and conifers stand near the line, but the wire path shows clear separation from foliage where it is visible. No branches overhang or contact the conductor in the discernible span."
3,R00512,37.135846,-122.139760,-1,4,True,"[tall_nearby, severity 3/10] Overhead conductors cross the scene in the upper portion. Tall redwoods and dense trees are present near the line corridor, but the visible wires have clear separation from foliage in the foreground; distant canopy near the pole is background trees rather than confirmed contact. No direct overhang or contact geometry is evident."
3,R00515,37.136162,-122.141504,-1,4,True,"[tall_nearby, severity 4/10] Conductors span across the frame with clear sky separation. Tall redwoods and firs are near the line but foliage stays below the wire path with visible clearance. No branches overhang or contact the conductors in view."
3,R00516,37.136163,-122.139181,-1,4,True,"[encroach, severity 6/10] Conductors run from a pole across the scene, with dense tree canopy on the right closely bordering the line path. Strong sun glare/backlighting obscures the exact wire geometry near the foliage, so contact/overhang cannot be confirmed. Vegetation appears within the envelope beside the line; capping at 6 due to unclear wire path from glare."
3,R00517,37.136311,-122.100539,-1,4,True,"[tall_nearby, severity 4/10] Conductors visible crossing upper left of frame against sky. Tall trees flank both sides of the road but the wires in the upper left have clear open-sky separation from the dense canopy. No branch overhangs or contact with the visible conductor path; foliage is beside/below the line corridor with apparent separation."
3,R00518,37.136455,-122.127907,-1,4,True,"[encroach, severity 6/10] Conductors span diagonally across the frame; on the right side dense tree foliage rises close to the wire path near the pole, appearing within the clearance envelope but no clear contact or direct overhang confirmed. Vegetation beside the line rather than clearly over it."
3,R00519,37.136530,-122.141064,-1,4,True,"[encroach, severity 6/10] Multiple conductors run from the pole across the scene; dense tree canopy is close alongside the wire path on the right, within the envelope, but no clear branch-on-wire contact or direct overhang is visible against the sky. Vegetation appears beside rather than clearly over the conductors."
3,R00522,37.136738,-122.100336,-1,4,True,"[encroach, severity 5/10] A conductor runs from the utility pole on the left across the road. Dense roadside vegetation on the right and tall trees along the line are close to the conductor path, but no branch is clearly overhanging or contacting the wire. Foliage appears beside the line within the encroachment envelope rather than directly on it."
3,R00529,37.137383,-122.099612,-1,4,True,"[encroach, severity 6/10] Conductors span across the frame with dense vegetation on both roadsides, particularly the right where foliage rises close to the wire path. No clear branch-on-wire contact or definite overhang is visible; the tree crowns appear beside/near the line. Distant conductor path is somewhat unclear against background canopy, so capped at 6."
3,R00532,37.137527,-122.099094,-1,4,True,"[tall_nearby, severity 4/10] Conductors are faintly visible on the right side running along the road with a utility pole. Tall trees are present near the line, especially on the right, but no clear overhang or contact is visible; there is apparent separation between foliage and the wire path."
3,R00538,37.137736,-122.096436,-1,4,True,"[encroach, severity 6/10] Conductors run along the right side of the road where dense trees and foliage grow close to the line envelope on the right. Vegetation appears beside the wires rather than clearly overhanging, and the wire path against the bright sky and dense canopy is hard to trace precisely, so severity is capped at 6."
3,R00547,37.138291,-122.142836,-1,4,True,"[tall_nearby, severity 4/10] Conductors cross the frame diagonally with clear sky/open space behind them in the central span. Tall trees flank both sides of the line but the visible wire path shows separation from foliage rather than direct contact or overhang. Background canopy is mostly behind and below the wire, not touching it."
3,R00550,37.138340,-122.095265,-1,4,True,"[tall_nearby, severity 4/10] Conductors are faintly visible spanning the road, with a utility pole on the left. Dense vegetation lines the left roadside and tall trees stand nearby, but no branch clearly overhangs or contacts the wire path. Strong sun glare partially obscures the upper-left wire span. Tall trees near the line with apparent separation."
3,R00558,37.138884,-122.127387,-1,4,True,"[tall_nearby, severity 6/10] Multiple conductors span the upper frame, with tall redwoods on the right growing very close to the line path. The dense foliage on the right side is near where the wires pass, but exact separation is ambiguous against the background canopy. No clear contact or direct overhang is visible, so capping at encroach/tall-nearby level."
3,R00565,37.140293,-122.130410,-1,4,True,"[tall_nearby, severity 4/10] Conductors span across the upper frame with clear sky behind most of the wire path; no branches are seen directly overhanging or contacting the visible lines. Tall redwoods and dense roadside vegetation are near the corridor but with apparent separation from the conductors."
3,R00566,37.140320,-122.131188,-1,4,True,"[encroach, severity 6/10] Conductors run along the right side near a pole, with dense tree canopy on both sides close to the line path. Backlit conditions and glare make the exact wire geometry unclear, so capped at 6. Vegetation appears within the envelope but no definite overhang or contact can be confirmed."
3,R00572,37.141154,-122.131655,-1,4,True,"[tall_nearby, severity 6/10] Conductors span the road from the pole toward tall redwoods on the right. Dense canopy is close to the line on the right side, but from this angle it appears to be background/beside the wire rather than clearly overhanging or contacting. Sun glare and distance make the exact geometry hard to confirm, so capped at 6."
3,R00577,37.141767,-122.132449,-1,4,True,"[encroach, severity 6/10] A utility pole is visible on the right with conductors running to the upper right, but the wire path is largely obscured by dense foliage and backlit canopy. Vegetation appears very close to and possibly beside the lines, but true contact cannot be confirmed due to the unclear, partially backlit wire path. Capped at 6."
3,R00581,37.142041,-122.133353,-1,4,True,"[tall_nearby, severity 4/10] A single conductor is visible crossing the upper portion of the frame against open sky. Tall redwoods flank the road but the visible wire span has clear separation from foliage; no overhang or contact is evident along the sky-backed portion."
3,R00586,37.142509,-122.131069,-1,4,True,"[tall_nearby, severity 3/10] Conductors span across open sky with visible separation from the surrounding tree canopy. Tall redwoods and trees flank the line but no branches clearly overhang or contact the wires in the visible span."
3,R00587,37.142828,-122.131892,-1,4,True,"[tall_nearby, severity 4/10] Conductors run along the right side from the utility pole. Tall redwoods are present near the line on the right, but there is visible separation between the foliage and the wires. No branches clearly overhang or contact the conductors in view."
3,R00589,37.142836,-122.133928,-1,4,True,"[tall_nearby, severity 4/10] Overhead conductors run across the top of the frame with tall redwoods flanking the road. Trees are near the line but there is visible separation between the wire path and the canopy; no clear overhang or contact is evident against the bright sky."
3,R00594,37.143300,-122.133961,-1,4,True,"[tall_nearby, severity 4/10] Conductors span the sky from left toward the pole on the right. Tall redwoods/conifers line the left and background, but the wires run through open sky with visible separation from the trees. No limbs clearly overhang or contact the lines in this view."
3,R00595,37.143365,-122.133398,-1,4,True,"[tall_nearby, severity 4/10] Conductors span across the mid-field with poles visible. Tall redwoods and dense forest sit behind the line, but the wires appear to run in front of the treeline with visible separation. No clear overhang or contact geometry is evident at this distance; trees are tall and nearby but not demonstrably touching the conductors."
3,R00604,37.144154,-122.132061,-1,4,True,"[tall_nearby, severity 4/10] Overhead conductors are faintly visible crossing the upper-left sky. Tall redwoods line both sides of the road, but the visible wire span shows clear separation from the foliage rather than direct contact or overhang. Background canopy is behind the wires, not merging with them."
3,R00000,37.104423,-122.104624,-1,5,True,"[encroach, severity 6/10] Conductors run along the right side from the pole into dense redwood canopy. Foliage on the right appears close to the wire path within the envelope, but backlit dense background makes true contact geometry ambiguous; capping at 6."
3,R00009,37.104973,-122.116801,-1,5,True,"[tall_nearby, severity 4/10] Utility pole with crossarm and conductors runs along the road. Large redwoods stand close to the line on the right, but the conductors have visible separation from the trunks and no branch clearly overhangs or contacts the wires. The wire path is fairly clear in the upper frame; background canopy is behind, not on, the conductors."
3,R00015,37.105251,-122.112866,-1,5,True,"[encroach, severity 6/10] Conductors run along the road with a utility pole visible mid-frame. Dense foliage crowds close beside the wire path, but no clear contact or direct overhang is discernible against the heavy background canopy. Lighting and cluttered forest make precise wire geometry unclear, so capped at 6."
3,R00017,37.105304,-122.105398,-1,5,True,"[tall_nearby, severity 4/10] A single conductor spans diagonally across the frame with tall redwoods flanking both sides of the road. The wire crosses open sky in the center with visible separation from the dense canopy. Trees are tall and near the line but no clear overhang or contact is visible along the wire path."
3,R00019,37.105485,-122.112360,-1,5,True,"[tall_nearby, severity 4/10] Conductors cross the sky in the upper portion of the frame with visible separation from surrounding trees. Tall redwoods flank the line but no branch is clearly overhanging or contacting a conductor. Right-side foliage is near the road but below the wire span."
3,R00022,37.105620,-122.142413,-1,5,True,"[unclear, severity 6/10] Heavy fog obscures the wire path and conductor separation, capping severity at 6. Trees line the left side with foliage near the conductors, but the geometry of any contact or overhang cannot be confirmed due to poor visibility."
3,R00024,37.105753,-122.105723,-1,5,True,"[tall_nearby, severity 4/10] A conductor spans across the road from upper-left toward the right side. Tall redwoods and dense roadside foliage are near the line, but the visible wire path shows separation from the vegetation rather than clear contact or direct overhang. Backlit sun and distance make fine detail hard, but no genuine contact geometry is evident."
3,R00027,37.106093,-122.103715,-1,5,True,"[tall_nearby, severity 4/10] A single conductor spans diagonally across the upper frame with tall redwoods and mixed trees on both sides. Foliage is near the line path but visible separation exists; no clear overhang or contact is discernible against the background canopy."
3,R00028,37.106096,-122.104693,-1,5,True,"[tall_nearby, severity 4/10] Conductors are faintly visible on the left side of the frame spanning the road area. Tall redwoods and dense canopy are present nearby, but no branch is clearly overhanging or contacting the visible wire path. The trees show separation from the conductors, supporting a tall-nearby rating."
3,R00036,37.106663,-122.106753,-1,5,True,"[encroach, severity 6/10] A power line runs across the scene from the utility pole on the left. Dense redwood foliage on the right crowds near the conductor path, but the wire crosses against bright sky and much of the apparent proximity is background canopy behind the line. Wire path is somewhat unclear in the tree-dense areas, so capping at 6; vegetation appears beside rather than clearly overhanging the visible conductor span."
3,R00048,37.107651,-122.110418,-1,5,True,"[encroach, severity 6/10] Multiple conductors span the scene with tall redwoods and dense foliage directly beside the wire path near the pole on the right and mid-frame. Vegetation appears within the envelope beside the lines, but exact geometry against the wires is obscured by background canopy, so capped at 6."
3,R00050,37.107731,-122.112817,-1,5,True,"[tall_nearby, severity 4/10] Conductors run diagonally across the upper portion of the frame with tall redwoods on both sides. The wire path over the road appears to have visible separation from foliage, though dense canopy is nearby. No clear overhang or contact geometry is visible; tall trees near the line dominate."
3,R00054,37.107877,-122.107430,-1,5,True,"[encroach, severity 6/10] Multiple conductors cross the frame with tall redwoods and dense foliage close alongside the wire paths, particularly on the left where trees are adjacent to the lines. No clear branch-on-wire contact is visible; the dense canopy appears to be behind or beside the wires rather than overhanging them. Rating capped in the encroachment range given visible proximity but no confirmed contact geometry."
3,R00061,37.108299,-122.107014,-1,5,True,"[tall_nearby, severity 6/10] A single conductor spans diagonally across the sky from upper left toward the trees at right. Dense canopy is adjacent to the wire path on both sides, but the exact geometry where the wire enters the foliage on the right is ambiguous against background trees. Cannot confirm contact or overhang; capping at 6 due to unclear wire path into vegetation."
3,R00063,37.108382,-122.114163,-1,5,True,"[tall_nearby, severity 4/10] Conductors span across the frame with tall redwoods on both sides. No branches clearly overhang or contact the wires; the dense canopy is behind/beside the line with visible separation along the wire path over the road."
3,R00064,37.108581,-122.109862,-1,5,True,"[tall_nearby, severity 4/10] Conductors run along the road from the pole with visible clear sky behind them. Tall redwoods flank the line, notably a large trunk on the right, but there is visible separation between the wires and the trees. No branches directly overhang or contact the conductors in the clearly visible span."
3,R00065,37.108818,-122.114578,-1,5,True,"[encroach, severity 6/10] Conductors run from the pole at left across the frame; dense foliage on the left side is very close to and appears to encroach into the wire envelope, but strong sun flare and backlighting obscure the exact geometry, so severity is capped at 6."
3,R00069,37.109438,-122.114799,-1,5,True,"[tall_nearby, severity 4/10] A conductor spans diagonally across the upper right of the frame with tall redwoods nearby. The trees on the right are close to the line but show visible separation; no branch clearly overhangs or contacts the wire. Rated as tall trees near the line with separation."
3,R00070,37.109486,-122.110014,-1,5,True,"[encroach, severity 5/10] Distribution conductors run along the left side of the road with dense vegetation on both sides. Foliage on the left appears close to the wire path within the envelope, but no clear overhang or contact is visible against the sky. Tall redwoods are present but with separation from the lines."
3,R00071,37.109883,-122.114649,-1,5,True,"[encroach, severity 6/10] Conductors run diagonally across the upper right of the frame; dense vegetation on the right side is close to the line path but I cannot clearly confirm limbs overhanging or contacting the wire due to backlighting and overlapping background canopy. Capping at 6 for unclear geometry with vegetation within the envelope."
3,R00072,37.109931,-122.110072,-1,5,True,"[encroach, severity 6/10] A conductor runs from the utility pole across the frame with tall redwoods and dense foliage close beside its path. The trees appear near the line but exact separation is hard to judge against the busy background canopy; vegetation looks within the envelope but no clear overhang or contact is confirmable, so capped at 6."
3,R00074,37.110318,-122.114505,-1,5,True,"[encroach, severity 6/10] A conductor runs from upper-left across the frame toward a pole around center-left. Heavy sun glare and lens flare obscure much of the wire path, so certainty is limited. Dense foliage on the left rises close to the line and appears to be within the envelope, but no clear contact or overhang can be confirmed. Capping at 6 due to washed-out visibility."
3,R00075,37.110747,-122.114354,-1,5,True,"[encroach, severity 6/10] A conductor runs diagonally across the frame on the right, passing close to dense roadside foliage and tall redwoods. Vegetation appears beside the line within the envelope, but the wire path is partly obscured by backlighting and background canopy, so true contact/overhang cannot be confirmed. Capping at 6 due to unclear geometry."
3,R00076,37.111219,-122.114332,-1,5,True,"[encroach, severity 6/10] Conductors run from the pole on the left across the road; foliage on the left crowds close to the wires within the ~12 ft envelope, but no clear overhang or contact is visible. Backlighting and dense canopy make the exact wire path hard to trace, so severity is capped at 6."
3,R00077,37.111720,-122.114401,-1,5,True,"[encroach, severity 5/10] Conductors span the road with redwoods and dense foliage crowding close to the wire path on both sides, particularly the right-side trees near the line. Foliage appears within the envelope beside the wires but no clear direct overhang or contact is visible; background canopy makes true separation hard to judge."
3,R00078,37.112134,-122.114642,-1,5,True,"[tall_nearby, severity 4/10] Conductors span the road from the pole on the left toward the trees. Tall redwoods flank the line on both sides but there is visible separation between the wires and the dense canopy; no clear overhang or contact of foliage on the conductors is evident. Trees are large and near the line, warranting a tall_nearby classification."
3,R00087,37.113180,-122.117827,-1,5,True,"[encroach, severity 5/10] Conductors run along the left side with a utility pole visible. Tall redwoods and dense foliage crowd close beside the line on the left, within the envelope, but no branch clearly overhangs or contacts the wires. Trees on right have visible separation."
3,R00088,37.113421,-122.112317,-1,5,True,"[encroach, severity 6/10] Conductors span across the road with a utility pole visible mid-frame; dense foliage on the left crowds the wire path and appears within the ~12 ft envelope beside the line, but no clear overhang or contact geometry can be confirmed. Bright backlighting makes the exact wire path partly unclear, so severity is capped at 6."
3,R00091,37.114005,-122.118439,-1,5,True,"[encroach, severity 6/10] Conductors run from the pole toward the right where dense foliage grows close to the wire path within the ~12 ft envelope, but no clear overhang or contact is visible against the bright sky. Vegetation appears beside rather than directly on the line."
3,R00098,37.114503,-122.113917,-1,5,True,"[encroach, severity 6/10] Conductors run from the pole on the left across the scene. Dense tree canopy on the left crowds the line span with foliage very close beside/within the envelope, but no clear branch-on-wire contact or direct overhang is visible against the sky. Vegetation appears to be encroaching the conductor corridor rather than confirmed touching."
3,R00117,37.115839,-122.118490,-1,5,True,"[encroach, severity 6/10] A thin conductor is faintly visible crossing the upper portion of the frame, passing near dense foliage of tall trees. The wire path is partly obscured and hard to trace, so per the rubric I cap severity at 6. Vegetation appears close to the line but no clear contact or definitive overhang geometry can be confirmed."
3,R00133,37.117573,-122.119643,-1,5,True,"[encroach, severity 6/10] A faint conductor is visible crossing the upper-left portion of the frame, with dense foliage from surrounding trees close to the wire path. The geometry is unclear due to heavy backlit canopy, so contact cannot be confirmed. Capping at 6 because the wire path is only faintly discernible against the dense background vegetation."
3,R00136,37.117743,-122.106462,-1,5,True,"[encroach, severity 6/10] Conductors run from the pole across the top of the frame with strong backlighting/sun glare making the wire path hard to trace. A tall central conifer rises close to the line span and dense foliage is adjacent within the envelope, but no clear branch-on-wire contact or definite overhang is visible. Capping at 6 due to glare and unclear wire path."
3,R00143,37.118202,-122.113924,-1,5,True,"[encroach, severity 6/10] A utility pole is visible right of center with conductors running along the road, and dense tree foliage on the left crowds toward the line area. However the exact wire path is hard to trace against bright sky and background canopy, so contact/overhang cannot be confirmed. Vegetation appears within the envelope beside the conductors; capping at 6 due to unclear geometry."
3,R00146,37.118411,-122.103313,-1,5,True,"[encroach, severity 6/10] Conductors run right-to-left from the pole toward dense redwood canopy on the right side of the road. Trees are very close to and appear to intrude on the wire envelope on the right, but foliage there is largely background canopy and no distinct branch is clearly seen overhanging or touching a specific conductor. Backlit/hazy sky makes exact wire path uncertain, so capping at 6."
3,R00151,37.118591,-122.119497,-1,5,True,"[tall_nearby, severity 6/10] Conductors span from the pole at upper left across the frame, with tall redwoods immediately adjacent. Trees clearly encroach the line envelope, but the exact wire path is faint against bright sky and background canopy, making true overhang/contact unclear. Capping at 6 due to washed-out, low-contrast wire visibility."
3,R00156,37.118865,-122.114174,-1,5,True,"[encroach, severity 6/10] Conductors span the road with dense foliage on both sides. Trees on the left crowd toward the wire path but no clear contact or direct overhang is visible; background canopy behind the wires makes geometry ambiguous, so capped at 6."
3,R00159,37.119008,-122.120734,-1,5,True,"[tall_nearby, severity 6/10] Conductors run along the right side of the road with tall redwoods and dense canopy immediately adjacent on the right. The wires pass close to the large trees but no specific branch is clearly overhanging or contacting a conductor; backlighting and dense background canopy make the exact wire path hard to confirm, so capped at 6."
3,R00162,37.119301,-122.105652,-1,5,True,"[encroach, severity 6/10] A single conductor spans across the sky from the pole toward the right. Dense foliage on both sides is very close to the pole and the wire path near it, but the span crossing open sky shows clear separation from vegetation. Vegetation is beside the line within the envelope rather than clearly overhanging or contacting; no direct contact geometry visible."
3,R00164,37.119363,-122.103818,-1,5,True,"[encroach, severity 6/10] Conductors span across the frame with tall redwoods and dense foliage on both sides very close to the wire path, especially on the right where trees rise well above the line. Strong sun glare/lens flare on the right obscures the exact wire-to-branch geometry, so contact cannot be confirmed; capping at 6. Vegetation appears to encroach within the envelope beside the line rather than clearly overhanging it."
3,R00165,37.119410,-122.112870,-1,5,True,"[encroach, severity 6/10] A single conductor spans diagonally across the frame with tall redwoods immediately adjacent to its path on the right side. Foliage appears close to the line but the exact separation is obscured by lens blur/glare on the right, so contact cannot be confirmed. Capping at 6 due to unclear wire path in the blurred region."
3,R00167,37.119426,-122.122035,-1,5,True,"[tall_nearby, severity 4/10] Conductors span the road with visible clear sky behind most of the span. Tall redwoods line both sides but show separation from the wires; no branches clearly overhang or contact the conductors in the visible path."
3,R00169,37.119443,-122.115225,-1,5,True,"[encroach, severity 6/10] Conductors run left-to-right from the pole; dense tree canopy on the left extends up toward the wire path with foliage close to the line, but exact separation is hard to confirm against background canopy. Vegetation appears within the envelope beside the conductors rather than clearly overhanging or contacting."
3,R00171,37.119541,-122.116857,-1,5,True,"[tall_nearby, severity 6/10] Conductors run along the left side and cross the scene, with tall redwoods immediately adjacent to the line near the pole. Dense foliage is very close to the wire path but no clear branch-on-wire contact is visible; backlit conditions make the exact geometry ambiguous, so severity is capped at 6."
3,R00176,37.119678,-122.105058,-1,5,True,"[encroach, severity 6/10] Conductors are faintly visible crossing the sky on the right, running near the dense canopy of the large tree and redwoods. Dense foliage appears to encroach into the line envelope, but the wire path is thin and hard to trace against the bright sky and background canopy, so direct contact or overhang cannot be confirmed. Capping at 6 due to unclear wire geometry."
3,R00184,37.119956,-122.111309,-1,5,True,"[encroach, severity 5/10] Heavy sun glare and lens flare wash out much of the left side where conductors run. Dense vegetation on the left appears close to the conductor path but no clear contact or overhang can be confirmed. Given the degraded visibility, severity capped at 6; rating 5 for vegetation beside the line within the envelope."
3,R00185,37.120269,-122.109969,-1,5,True,"[encroach, severity 5/10] Conductors span across the scene with tall redwoods and dense foliage flanking the line, particularly on the right where trees appear within the ~12 ft envelope beside the wires. No clear direct contact or overhang is visible against the sky; much of the dense canopy is background. Foliage on the right edge is close to the line path but separation is ambiguous due to backlighting."
3,R00193,37.120523,-122.109504,-1,5,True,"[tall_nearby, severity 4/10] Conductors run from upper left across the frame with tall redwoods and dense vegetation on both sides. Backlit/sun glare makes the wire path partially unclear, but no branch is clearly overhanging or contacting the visible conductor span. Trees are tall and near but show separation from the line."
3,R00194,37.120577,-122.120239,-1,5,True,"[encroach, severity 6/10] A utility pole with conductors runs along the right side of the driveway. Tall redwoods and dense foliage flank the line closely, with vegetation appearing within the envelope beside the conductors, but no clear overhang or contact is visible. The wire path is partly obscured by branches/backlighting, so severity is capped at 6."
3,R00200,37.120746,-122.117916,-1,5,True,"[encroach, severity 6/10] A utility pole with conductors runs along the right side; dense vegetation is immediately adjacent to and possibly touching the pole and lines on the right, but the wire path is partly obscured by foliage making contact hard to confirm. Capping at 6 due to unclear geometry."
3,R00207,37.121264,-122.110591,-1,5,True,"[tall_nearby, severity 3/10] A single conductor is faintly visible crossing the upper left of the frame, but the wire path is largely unclear against the sky and dense canopy. Tall redwoods and dense trees line both sides of the road, but no branch is clearly seen contacting or overhanging the visible conductor span. Rated as tall trees near line with apparent separation."
3,R00208,37.121348,-122.118300,-1,5,True,"[tall_nearby, severity 6/10] Conductors run across the upper right, spanning between the tall redwoods along the road. Dense foliage is close on the right side near the line path, but the specific wire-vegetation geometry is hard to distinguish against the background canopy and backlighting. Cannot confirm direct overhang or contact, so capping at 6."
3,R00217,37.121810,-122.119386,-1,5,True,"[encroach, severity 6/10] Conductors run diagonally across the upper frame with dense redwood canopy and foliage close to the wire path on both sides, but true contact/overhang geometry is hard to confirm against the busy background canopy. Foliage appears within the envelope beside the line; capping at 6 due to visual ambiguity."
3,R00223,37.122290,-122.119731,-1,5,True,"[unclear, severity 6/10] Conductors run diagonally from upper left but their path becomes obscured by heavy lens flare and glare on the right side of the frame. Dense foliage on the left grows very close to the wire path, suggesting encroachment within the envelope, but I cannot confirm actual contact or overhang because the wire trajectory is lost in the bright glare. Capping at 6 due to unclear wire path."
3,R00228,37.122581,-122.125787,-1,5,True,"[encroach, severity 6/10] Conductors span from the pole at right across the frame, but foliage is dense and dark making the exact wire path hard to trace against the background canopy. Vegetation appears close to/beside the lines on the upper left, but contact cannot be reliably confirmed given the low-light, cluttered geometry, so capped at 6."
3,R00231,37.122959,-122.126421,-1,5,True,"[tall_nearby, severity 4/10] Conductors span across the frame with tall redwoods and dense roadside vegetation nearby, but there is visible separation between the wires and foliage. No clear overhang or contact is evident; vegetation runs mostly beside/below the wire path."
3,R00232,37.122963,-122.120013,-1,5,True,"[tall_nearby, severity 4/10] Conductors visible as diagonal lines across upper portion of the frame. Tall trees and dense canopy are near the line path, but the wires appear to pass through relatively open sky with visible separation from the foreground foliage. No clear overhang or contact geometry is discernible; dense canopy is mostly background."
3,R00233,37.122980,-122.123515,-1,5,True,"[encroach, severity 6/10] Overhead conductors run across the upper-left and toward the right. On the left, a deciduous tree's foliage is very close to the wire path, appearing to encroach within the envelope, but the exact geometry is ambiguous against the sky/background. No clear contact or definite overhang can be confirmed, so capped at moderate encroachment."
3,R00238,37.123135,-122.110682,-1,5,True,"[tall_nearby, severity 4/10] Conductors run across the frame from upper left to the pole on the right. Tall redwoods and dense foliage surround the line, but the wire path over the road shows visible separation from foreground vegetation. No branch clearly overhangs or contacts the conductors; background canopy is behind the wires."
3,R00242,37.123404,-122.119990,-1,5,True,"[encroach, severity 6/10] Conductors run left-to-right across the upper frame with dense foliage crowding along the wire path, particularly near the large redwood trunk at center where branches sit close beside the line. No clear branch-on-wire contact or direct overhang is visible; the merging appears partly from background canopy, so I cap at encroachment within the envelope rather than contact."
3,R00244,37.123428,-122.124225,-1,5,True,"[encroach, severity 5/10] Conductors run from the utility pole across the road with dense vegetation crowding the left side near the pole. Foliage appears beside the wires within the envelope but no clear overhang or contact is visible; tall redwoods stand behind with separation from the wire path."
3,R00247,37.123457,-122.126646,-1,5,True,"[encroach, severity 6/10] Conductors run from upper left across to the utility pole; dense redwood foliage on the left crowds close to the wire path in the ~12ft envelope, but backlit/hazy sky makes exact separation unclear. No definitive overhang or contact visible, so capped at 6."
3,R00249,37.123538,-122.115418,-1,5,True,"[encroach, severity 6/10] Multiple conductors span the scene against dense forest canopy. Trees on both sides are tall and close to the wire path, with foliage near the lines, but no branch clearly contacts or overhangs a specific conductor. Background canopy behind the wires makes contact hard to confirm, so capping at 6 for encroachment within the envelope."
3,R00250,37.123565,-122.110707,-1,5,True,"[tall_nearby, severity 4/10] Conductors are faintly visible crossing the upper-left over the road, with large redwoods nearby. Sun glare and dense background canopy make the wire path hard to trace, but there is no clear direct contact or overhang visible; tall trees stand near the line with apparent separation. Capped due to unclear wire visibility."
3,R00253,37.123771,-122.119710,-1,5,True,"[encroach, severity 6/10] Conductors run from the pole across the road toward the right treeline, where dense foliage is close to the wire path. Backlighting and dense canopy make it hard to confirm whether the greenery on the right is actually touching or just behind the line, so capping at 6. Vegetation appears to be within the envelope beside the conductors rather than clearly overhanging or contacting."
3,R00259,37.123945,-122.123485,-1,5,True,"[encroach, severity 5/10] Conductors run from the utility pole on the left toward the right; dense vegetation and shrubbery on the left side is beside the line within the envelope, but no clear branch overhang or contact is visible. Large redwoods stand tall near the line with apparent separation."
3,R00265,37.124361,-122.120748,-1,5,True,"[encroach, severity 5/10] Conductors run from the pole on the left across the intersection. Dense tree canopy on the left is beside the line near the pole, within the envelope, but no clear overhang or contact is visible. Strong sun glare partially obscures the wire path on the right side."
3,R00266,37.124383,-122.128608,-1,5,True,"[tall_nearby, severity 4/10] Conductors span across the frame from the pole with crossarm at right. Tall redwoods and conifers flank the line on both sides, but the wire path over the road shows clear sky separation from foliage. No branches directly overhanging or contacting the visible conductors; trees are near but with visible separation."
3,R00268,37.124420,-122.127438,-1,5,True,"[encroach, severity 6/10] A utility pole with crossarm is visible center-left, but the conductor path is largely obscured by dense foliage. Vegetation appears very close to and possibly enveloping the wires, but the exact geometry is unclear given the busy background canopy. Capping at 6 due to unclear wire path."
3,R00269,37.124455,-122.129159,-1,5,True,"[tall_nearby, severity 4/10] Conductors span across the scene between poles left and right. Tall redwoods stand near the line corridor, but the visible wires show separation from the foliage; dense canopy is largely behind/below the wire path rather than in contact. No clear overhang directly over the conductors."
3,R00278,37.124894,-122.125799,-1,5,True,"[tall_nearby, severity 4/10] Conductors run along the right side of the road with a large redwood trunk and palm fronds nearby. The wires appear to pass in front of or beside the trees with visible separation; no clear overhang or contact geometry is evident, so this reads as tall trees near the line."
3,R00281,37.125000,-122.126873,-1,5,True,"[tall_nearby, severity 6/10] Utility bucket truck is actively working on the line, and tall redwoods stand close to the conductors on the left. Conductor path is partially obscured by lens flare/glare on the right, so I cannot confirm direct overhang or contact. Capping at 6 due to unclear wire path in the washed-out area; visible geometry shows tall trees near the line but no clearly demonstrated contact or overhang."
3,R00285,37.125201,-122.127524,-1,5,True,"[encroach, severity 6/10] Conductors span the road with dense redwood foliage on both sides very close to the wire path, but the exact geometry is hard to confirm against the bright backlit canopy. Vegetation appears within the envelope beside the lines; no clear contact or definite overhang visible, so capped at 6."
3,R00288,37.125261,-122.120154,-1,5,True,"[encroach, severity 6/10] Conductors run across the frame from the pole; tall redwoods stand very close to the line path on the right, with foliage in the vicinity of the wires. Backlighting and dense canopy make it hard to confirm actual overhang or contact, so severity is capped at 6."
3,R00289,37.125301,-122.129243,-1,5,True,"[tall_nearby, severity 4/10] Conductors are faintly visible on the right side crossing over the road, with tall redwoods adjacent. The wire path is dim and partly obscured, but no clear overhang or contact is evident; tall trees stand near the line with apparent separation. Low light limits certainty."
3,R00292,37.125428,-122.128189,-1,5,True,"[encroach, severity 6/10] Conductors span diagonally across the frame; on the right side dense tree foliage crowds close to the wire path, appearing to encroach within the envelope, but the exact geometry is ambiguous against the background canopy so I cannot confirm overhang or contact. Capping at 6 due to unclear wire path in the dense foliage."
3,R00293,37.125557,-122.129856,-1,5,True,"[tall_nearby, severity 4/10] Conductors span the road with visible sky background; tall redwoods flank the line but no branches are seen directly overhanging or contacting the wires. Separation appears adequate in this view."
3,R00300,37.125756,-122.130314,-1,5,True,"[encroach, severity 6/10] Conductors run from the utility pole on the right into dense roadside canopy. Foliage appears close to the line path on both sides, but the exact wire geometry against the background forest is hard to resolve, so I cap at 6. No clear single-branch contact or distinct overhang can be confirmed."
3,R00302,37.125913,-122.129414,-1,5,True,"[encroach, severity 5/10] A power line runs along the left side of the road with a utility pole visible. Dense roadside vegetation on the left crowds close to the conductor path within the envelope, but no clear overhang or contact is visible against the bright sky. Wire path is thin and partly obscured, so I cap at moderate encroachment."
3,R00304,37.126055,-122.130931,-1,5,True,"[tall_nearby, severity 6/10] A single conductor runs diagonally across the upper portion of the frame. Numerous tall trees flank the line, and dense foliage on the right side approaches the wire path, but the exact geometry is hard to resolve against the busy canopy. No clear branch contact or definite overhang is confirmable, so capping at 6 due to unclear wire/foliage separation."
3,R00319,37.126699,-122.125947,-1,5,True,"[encroach, severity 6/10] Dense vegetation on the right rises close to the conductors running from the pole toward the trees. Foliage appears within the clearance envelope beside the lines, but the sun glare and dense canopy make it hard to confirm actual overhang or contact, so capping at 6."
3,R00320,37.126711,-122.122748,-1,5,True,"[encroach, severity 6/10] Conductors run from the pole on the right along the roadside with dense trees and foliage close beside them. Vegetation appears within the envelope beside the wires, but no clear overhang or contact is visible; much of the green behind the line is background canopy, so capped at moderate encroachment."
3,R00329,37.127170,-122.124160,-1,5,True,"[encroach, severity 6/10] Conductors run across the frame from the utility pole toward tall redwoods on the right. Dense foliage is very close beside the line path on the right, but the exact wire geometry against the background canopy is unclear, so capping at 6. No clearly visible direct contact or overhang can be confirmed."
3,R00334,37.127437,-122.131919,-1,5,True,"[encroach, severity 6/10] A single conductor spans across the frame with dense redwood and mixed canopy foliage immediately behind and beside it, especially on the right where tall trees crowd the line. Foliage appears close to the wire path but true contact/overhang geometry cannot be confirmed against the background canopy in this lighting, so severity is capped at encroachment level."
3,R00339,37.127575,-122.114008,-1,5,True,"[encroach, severity 6/10] Conductors run across the upper frame through dense forest. Foliage on the left encroaches near the wire path within the envelope, but no clear direct contact or overhang is visible against the busy background canopy. Shadowed/backlit conditions make exact geometry uncertain, so capped at 6."
3,R00342,37.127839,-122.132052,-1,5,True,"[encroach, severity 6/10] A utility pole with crossarm is visible center-right, with conductors running from it. Dense vegetation on the right embankment is adjacent to the line, but the actual wire path against the bright sky is thin and hard to trace where it crosses toward the trees. No clear overhang or contact geometry is confirmed; foliage sits beside rather than clearly over the conductors, so capped at moderate encroachment."
3,R00345,37.127997,-122.124541,-1,5,True,"[encroach, severity 6/10] Conductors span from the pole across the road with tall redwoods and a deciduous tree beside the line. Vegetation appears near the wires within the envelope, particularly the tree at right, but no clear overhang or contact is visible against the bright backlit sky. Wire path partly washed out by glare, so capping at 6."
3,R00348,37.128108,-122.113866,-1,5,True,"[tall_nearby, severity 4/10] Conductors run across the upper left of the frame with tall redwoods and mixed trees nearby. Foliage appears behind and near the wires but no clear branch overhangs or contacts a conductor; visible separation between wire path and dense canopy."
3,R00350,37.128161,-122.132448,-1,5,True,"[tall_nearby, severity 4/10] A power pole with conductors is visible on the left, running along the road. Tall trees flank both sides but the conductors near the pole appear to have visible separation from the dense foliage. No clear overhang or contact is evident along the visible wire path; background canopy is behind the lines."
3,R00355,37.128427,-122.123012,-1,5,True,"[encroach, severity 5/10] Conductors run along the left side and cross toward the pole on the right around mid-image. Dense roadside vegetation on the left is adjacent to the line span within the envelope, but no branch clearly overhangs or contacts the conductors. Tall redwoods flank the corridor with separation, so this reads as beside-line encroachment rather than overhang or contact."
3,R00356,37.128436,-122.117367,-1,5,True,"[encroach, severity 6/10] Conductors run from the utility pole toward the right where dense tree canopy grows immediately adjacent to the line. Foliage appears to be within the clearance envelope beside the wires, but I cannot confirm direct overhang or contact due to the backlit angle and overlapping background canopy. Capping at 6."
3,R00358,37.128495,-122.114128,-1,5,True,"[encroach, severity 6/10] Conductors run across the frame with dense foliage from a large conifer on the right side very close to the wire path. The tree crown appears to be within the clearance envelope beside the lines, but the exact geometry is hard to confirm against the busy background canopy, so severity is capped at encroachment rather than confirmed overhang/contact."
3,R00360,37.128508,-122.117876,-1,5,True,"[encroach, severity 6/10] Conductors run along the left side with dense foliage directly beside the wire path within the envelope, but the geometry does not clearly show contact or overhang. Background canopy makes the wire path ambiguous, so severity is capped at 6."
3,R00361,37.128509,-122.121751,-1,5,True,"[encroach, severity 6/10] Multiple conductors span the frame with dense redwood/fir foliage on the right side and tall trees on the left near the line path. Foliage on the right appears close to the wires within the envelope, but I cannot confirm direct overhang or contact due to overlapping background canopy. Capping at 6 given the ambiguous geometry."
3,R00364,37.128584,-122.118432,-1,5,True,"[encroach, severity 6/10] Multiple conductors span the upper right of the frame. Dense vegetation on the right side rises toward the line path and appears to be within the envelope beside the wires, but I cannot confirm direct overhang or contact. Tall redwoods near the pole also present, but separation from the visible wires cannot be clearly resolved, so severity is capped at 6."
3,R00365,37.128616,-122.120837,-1,5,True,"[encroach, severity 6/10] Conductor spans diagonally across the frame with dense foliage on the right side very close to the wire path, but the exact geometry is hard to confirm against the background canopy. Vegetation appears within the envelope beside the line rather than clearly overhanging or touching, so capped at 6."
3,R00367,37.128695,-122.115554,-1,5,True,"[encroach, severity 5/10] Conductors run along the left side of the road past a utility pole. Dense redwood and deciduous foliage crowds beside the wire path within the clearance envelope, but no clear overhang or contact is visible; the wire path is partly obscured by background canopy."
3,R00368,37.128716,-122.119085,-1,5,True,"[encroach, severity 6/10] Conductors run from the utility pole on the left across the scene, with dense foliage on the left side directly adjacent to the wire path near the pole. Vegetation appears beside the conductors within the envelope, but no clear overhang or contact geometry is visible; much apparent overlap is background canopy behind the wires. Bright backlighting makes precise wire path hard to trace, so capping at 6."
3,R00370,37.128787,-122.119643,-1,5,True,"[tall_nearby, severity 4/10] Conductors run along the left side of the road with visible separation from the tree line. Tall redwoods are abundant nearby, but no branches are clearly overhanging or contacting the wires; the dense canopy is mostly background. Rating tall_nearby with separation."
3,R00378,37.129182,-122.120444,-1,5,True,"[encroach, severity 6/10] Conductors run left-to-right across the upper portion of the frame with dense foliage on the left crowding close to the wires, but I cannot confirm direct contact or clear overhang due to the dense background canopy obscuring the exact wire path. Vegetation appears within the envelope beside the line; capping at 6 given the ambiguous geometry."
3,R00379,37.129198,-122.132326,-1,5,True,"[tall_nearby, severity 3/10] A single conductor is faintly visible in the upper left crossing the frame, but no clear conductor path is discernible through the scene. Tall redwoods and dense roadside vegetation are present near the line but no direct contact or overhang can be confirmed. Wire path is largely unclear, so rating is limited."
3,R00382,37.129353,-122.123096,-1,5,True,"[encroach, severity 5/10] Conductors run along the left side of the road with tall redwoods and dense foliage close beside the wire path on the left. Vegetation appears beside rather than directly overhanging the lines, and background canopy behind wires makes contact unclear. Rating in the beside-envelope range."
3,R00385,37.129469,-122.112822,-1,5,True,"[encroach, severity 6/10] Conductors run from the pole across the road toward tall redwoods on the right. Dense foliage is immediately adjacent to the wires within the envelope, but the actual wire path against the dark canopy is hard to trace, so contact/overhang cannot be confirmed. Capped at 6 due to unclear geometry."
3,R00394,37.129859,-122.123342,-1,5,True,"[encroach, severity 6/10] Conductors run across the road on the right side near tall redwoods and dense canopy. Foliage appears close to and possibly beside the wire path, but backlighting and background canopy make it hard to confirm actual overhang or contact. Capping at 6 due to unclear wire-vegetation geometry."
3,R00396,37.129913,-122.133925,-1,5,True,"[tall_nearby, severity 4/10] Conductors span across the road with tall redwoods on both sides. The wires cross open sky with visible separation from the surrounding canopy; no branches clearly overhang or touch the lines. Tall trees are near the line but with apparent clearance, warranting a tall_nearby rating."
3,R00401,37.130249,-122.134238,-1,5,True,"[tall_nearby, severity 4/10] Conductors span across the road with tall conifers on both sides. The trees show visible separation from the wires; no branches clearly overhang or contact the conductors. Background canopy is behind the wire path, not touching it."
3,R00407,37.130500,-122.122328,-1,5,True,"[tall_nearby, severity 4/10] Conductors run diagonally across upper right of frame. Tall redwoods flank the line on the right, but the visible spans show separation from foliage. Dense canopy is mostly behind/beside the wires rather than in contact or directly overhanging."
3,R00415,37.131024,-122.135552,-1,5,True,"[encroach, severity 5/10] Faint conductors are visible on the right side running above the road with dense redwood and mixed foliage growing close beside them. Vegetation appears to encroach into the envelope alongside the wires, but no clear overhang or contact geometry is discernible given the thin, low-contrast wire path."
3,R00418,37.131089,-122.110491,-1,5,True,"[encroach, severity 6/10] Conductors run along the left side of the road with dense redwood/conifer foliage immediately beside them, within the clearance envelope. Some limbs on the upper left appear close to the wire path, but bright backlighting makes it hard to confirm actual overhang or contact, so capping at 6."
3,R00419,37.131147,-122.107715,-1,5,True,"[encroach, severity 6/10] Conductors run from the utility pole at center-right across the frame. Large deciduous tree foliage on the right is very close to the line path, appearing within the clearance envelope, but background canopy makes true separation hard to confirm. No definitive overhang or contact geometry visible, so capped at 6."
3,R00420,37.131154,-122.123483,-1,5,True,"[tall_nearby, severity 4/10] A conductor is faintly visible spanning the upper left across the road, with dense redwood canopy nearby. Tall trees are close to the line but no clear branch overhang or contact is discernible; the wire path is thin and partly obscured, so separation appears maintained."
3,R00421,37.131198,-122.134220,-1,5,True,"[tall_nearby, severity 4/10] Conductors visible crossing upper-left of frame. Large redwood and roadside foliage are near the line corridor, but the wires pass through open sky with visible separation from the dense vegetation. No branches clearly overhang or contact the conductors; tall trees nearby only."
3,R00425,37.131341,-122.119508,-1,5,True,"[tall_nearby, severity 6/10] A utility pole with conductors running left is visible on the right. Tall conifers stand close to the line, and a conductor passes near the tree canopy, but the wire path is thin and partly obscured against background foliage, making direct contact/overhang uncertain. Capping at 6 due to unclear geometry."
3,R00433,37.131597,-122.136574,-1,5,True,"[tall_nearby, severity 4/10] A single conductor spans the road with faint wires visible against the sky. Tall redwoods flank the line on both sides, but the wire path over the roadway shows clear separation from foliage. No branches clearly overhang or contact the conductor; dense canopy is behind, not on, the wire."
3,R00438,37.131906,-122.135476,-1,5,True,"[encroach, severity 6/10] Conductors run along the left side of the road with dense foliage from roadside trees very close to and possibly touching the wire path on the left, but backlighting and overlapping background canopy make it hard to confirm actual contact. Capping at 6 due to unclear wire-vegetation geometry."
3,R00441,37.132007,-122.124812,-1,5,True,"[tall_nearby, severity 4/10] Conductors run along the left side of the road with dense redwood forest nearby on both sides. Tall trees are close to the line but there is visible separation; foliage crowding near wires appears to be background canopy rather than direct overhang or contact. No branch clearly touches or overhangs a conductor."
3,R00445,37.132223,-122.137381,-1,5,True,"[tall_nearby, severity 4/10] Conductors span the road with tall redwoods and firs flanking both sides. The wires appear to have visible separation from the trees against the open sky; no clear overhang or contact is visible along the wire path. Tall trees near the line but with separation."
3,R00446,37.132235,-122.120028,-1,5,True,"[encroach, severity 6/10] A utility pole is visible on the right with conductors running along the road, and dense tree foliage on the right side grows immediately adjacent to the pole and wire path. Vegetation appears within the ~12 ft envelope beside the conductor, but the wire path is faint against the sky and overhead contact/overhang cannot be clearly confirmed, so severity is capped at 6."
3,R00454,37.132479,-122.137842,-1,5,True,"[encroach, severity 6/10] Conductors span across the scene with dense roadside vegetation on the left. Foliage appears near the wire path on the left side but no clear contact or overhang is confirmed; the large redwood at center-right is close but separation is ambiguous. Rating capped at moderate encroachment given unclear geometry."
3,R00461,37.132748,-122.103650,-1,5,True,"[encroach, severity 6/10] Multiple conductors span the scene with dense trees on the right side close to the line path, but strong sun flare and backlighting obscure the exact wire geometry. Vegetation on the right appears within the envelope beside the conductors, but contact/overhang cannot be confirmed. Capping at 6 due to poor visibility from glare."
3,R00475,37.133384,-122.138764,-1,5,True,"[encroach, severity 5/10] Conductors run along the left side of the road with dense foliage from the left-side trees very close to the wire path. Vegetation appears to be beside/within the envelope on the left, but no clear direct contact or overhang is visible. Backlighting and dense canopy make exact geometry uncertain."
3,R00481,37.133689,-122.102184,-1,5,True,"[tall_nearby, severity 4/10] Conductors run along the left side attached to a pole, but strong sun glare and backlighting obscure the wire path. Large trees are present near the line, yet no clear overhang or contact geometry is visible. Capping at moderate due to poor visibility of the actual conductor-vegetation interaction."
3,R00485,37.133891,-122.126208,-1,5,True,"[encroach, severity 6/10] Tall redwoods on the right stand very close to the conductors crossing the frame, with foliage in the immediate envelope, but no clear direct contact or overhang is visible; the wire path against dense background canopy makes true separation hard to confirm, so capped at 6."
3,R00490,37.134263,-122.126529,-1,5,True,"[encroach, severity 5/10] Conductors run along the left side of the road with dense vegetation crowding the poles and lines on the left. Foliage appears within the clearance envelope beside the wires, but no clear overhang or contact is visible against the bright sky background. Distant trees on the right have visible separation from the line path."
3,R00495,37.134718,-122.126910,-1,5,True,"[tall_nearby, severity 4/10] Conductors run along the right side of the road with tall redwoods and dense forest close by, but there is visible separation between the wires and the foliage. No clear overhang or contact is evident; the trees are simply tall and near the line."
3,R00502,37.135218,-122.128663,-1,5,True,"[tall_nearby, severity 4/10] Conductors run across the upper frame from the pole on the right into dense redwood forest. Tall trees flank the line but the visible wire span shows separation from adjacent foliage; no clear overhang or contact is evident. Background canopy is dense but does not demonstrate direct interaction with the conductors."
3,R00513,37.135879,-122.100742,-1,5,True,"[encroach, severity 6/10] Conductors span the road with dense redwood and mixed forest canopy crowding both sides. Trees on the right appear very close to the wire path in the envelope, but I cannot confirm direct overhang or contact due to overlapping background canopy. Capping at 6 given the ambiguous geometry."
3,R00520,37.136655,-122.141751,-1,5,True,"[encroach, severity 6/10] Conductors run along the right side and cross the frame at upper right; tall redwoods on the right stand immediately adjacent to the line with dense foliage close to the wire path, but true contact or clear overhang cannot be confirmed from this angle. Dense canopy behind wires makes geometry ambiguous, so capping at 6."
3,R00523,37.136949,-122.128195,-1,5,True,"[encroach, severity 5/10] Conductors run along the left side of the road with dense roadside vegetation immediately adjacent. Trees on the left crowd the line corridor within the envelope, but no branch clearly overhangs or contacts the wires; separation above the conductors appears open sky. Rated as beside-the-line encroachment."
3,R00524,37.136987,-122.141242,-1,5,True,"[encroach, severity 6/10] Conductors run across upper frame with a large oak canopy on the left near the line. Backlit sun and dense foliage make the exact wire-to-branch geometry unclear; foliage appears close to the line path but no clear contact or definite overhang can be confirmed, so capped at 6."
3,R00525,37.137085,-122.141927,-1,5,True,"[encroach, severity 6/10] Conductors run diagonally across the upper right and span the road, with dense redwood and mixed foliage crowding close to the line path on the right side. Backlit sun glare and busy canopy make exact wire-to-branch geometry unclear, so severity is capped at 6. Vegetation appears within the envelope beside the wire but no definite contact or clear overhang can be confirmed."
3,R00526,37.137119,-122.100041,-1,5,True,"[encroach, severity 6/10] Conductors run across the frame from the pole on the right. Dense vegetation on the right side is close to the line near the pole, likely within the 12 ft envelope, but no branch clearly overhangs or touches the wires. Much of the apparent proximity is background canopy behind the conductors, so I cannot confirm contact or overhang; capping at 6."
3,R00530,37.137416,-122.128551,-1,5,True,"[encroach, severity 5/10] Conductors span the road with a pole visible mid-frame. Dense trees on both sides sit close to the line, with foliage beside the wires within the envelope, but no clear overhang or contact is visible against the sky-backed wire path."
3,R00539,37.137788,-122.128876,-1,5,True,"[encroach, severity 6/10] Conductors run along the left side of the road with tall trees on both sides. Foliage on the left appears close to the line path but distinct wire-to-branch contact is not clearly visible; dense canopy behind the wires makes geometry ambiguous, so capped at 6."
3,R00540,37.137833,-122.142372,-1,5,True,"[encroach, severity 6/10] Conductors run across the top of the frame with a large redwood trunk rising very close to the wire path on the right, and foliage from adjacent trees is near the lines. However, no branch clearly contacts or overhangs a conductor; the tall redwood beside the line and surrounding canopy place vegetation within the envelope. Capped at 6 due to backlit/unclear wire path against dense canopy."
3,R00543,37.138091,-122.144420,-1,5,True,"[tall_nearby, severity 4/10] Conductors span the road with visible sky background; tall redwoods flank both sides but foliage shows clear separation from the wires. No overhang or contact visible along the wire path."
3,R00544,37.138110,-122.141815,-1,5,True,"[encroach, severity 6/10] Conductors span from the pole at left across the scene toward the right pole. Tall redwoods flank the line on the right side and dense foliage sits close to the wire path, but the geometry is hazy against the bright sky and no clear branch-on-wire contact is visible. Vegetation appears within the envelope beside the line; capping at 6 due to unclear wire path against backlit background."
3,R00546,37.138275,-122.145074,-1,5,True,"[tall_nearby, severity 4/10] Conductors span across the road from the pole at center-right into the tree line. Tall redwoods flank both sides, but the visible wire path shows separation from foliage; no clear overhang or contact at the conductors themselves. Trees are near the line but with visible gaps."
3,R00548,37.138305,-122.129318,-1,5,True,"[encroach, severity 6/10] Multiple conductors span the frame with large redwoods and dense foliage close beside the wire path. Vegetation appears near the lines within the envelope, but no clear direct contact or overhang is confirmable; the dense canopy behind the wires obscures true separation, so capped at 6."
3,R00552,37.138583,-122.128271,-1,5,True,"[encroach, severity 6/10] Conductors span the frame diagonally from upper left toward the right. Dense trees on the left crowd close to the wires and foliage appears within the ~12 ft envelope beside the line, but I cannot confirm direct contact or overhang because the wire path against the busy canopy is ambiguous. Capping at 6 due to unclear geometry."
3,R00554,37.138670,-122.128970,-1,5,True,"[encroach, severity 6/10] Conductors run across the top of the frame and down to a pole on the right; dense redwood foliage on the right side is close to the wire path but the exact geometry is hard to resolve against the background canopy. No clear branch-on-wire contact visible, so capping at 6 for vegetation within the envelope beside the line."
3,R00557,37.138769,-122.100880,-1,5,True,"[encroach, severity 6/10] Conductors run from upper-left down to a pole in mid-frame. Dense foliage sits close beside the wire path, and background canopy behind the lines makes true contact hard to confirm. Wire path partly obscured by vegetation and shadow, so capping at 6; vegetation appears within the envelope but no clear overhang/contact is visible."
3,R00560,37.139226,-122.130169,-1,5,True,"[encroach, severity 6/10] Conductors run along the right side of the road near a large redwood and dense roadside vegetation. Foliage appears close to the line envelope on the right, but no branch clearly overhangs or contacts the wire. Backlighting and canopy behind the wires make the exact geometry hard to confirm, so capping at 6."
3,R00562,37.139593,-122.130517,-1,5,True,"[encroach, severity 6/10] Conductors run along the left/center of the road with dense foliage on the left closely bordering the lines. Vegetation appears beside the wire within the envelope but no clear overhang or contact is visible; background canopy makes exact geometry uncertain, so capped at 6."
3,R00567,37.140341,-122.101475,-1,5,True,"[tall_nearby, severity 4/10] A conductor spans across the upper frame against open sky, with dense redwood canopy on both sides. Tall trees flank the line but I do not see foliage directly overhanging or touching the visible wire span; the canopy appears to have separation from the wire path."
3,R00570,37.140721,-122.131464,-1,5,True,"[encroach, severity 6/10] A conductor runs across the frame from upper left, and dense roadside canopy on both sides crowds near the wire path, particularly on the left where foliage is close to the line. However the exact wire path becomes hard to trace against the bright sky and background canopy, so I cannot confirm overhang or contact; capping at 6 due to unclear geometry."
3,R00573,37.141178,-122.128916,-1,5,True,"[encroach, severity 6/10] A conductor runs from upper left across the frame toward a pole area on the right. Dense vegetation on the left rises close to the wire path, appearing to encroach within the envelope, but much of the apparent contact is background canopy behind the wire. Geometry is ambiguous, so capping at 6."
3,R00575,37.141589,-122.128955,-1,5,True,"[encroach, severity 6/10] Backlit/hazy scene with sun glare obscuring the conductor path. Multiple wires cross the frame with dense foliage (large green tree left, redwoods behind) close to the lines, but the geometry of any direct contact or overhang cannot be confirmed due to glare. Capping at 6 for unclear wire path; vegetation appears within the envelope beside the lines."
3,R00578,37.141852,-122.131777,-1,5,True,"[tall_nearby, severity 4/10] Heavy sun glare/lens flare washes out much of the scene. A conductor appears to span the road around mid-frame with a pole on the right, but tall redwoods flank both sides with apparent separation from the wire. No clear overhang or contact visible; glare limits certainty so capped."
3,R00583,37.142365,-122.131835,-1,5,True,"[encroach, severity 6/10] Conductors run along the left side where dense broadleaf foliage grows immediately adjacent to and possibly touching the wire path, but the exact geometry is obscured by heavy canopy behind the lines, so contact cannot be confirmed. Vegetation is clearly within the envelope beside the wires."
3,R00600,37.143749,-122.134034,-1,5,True,"[encroach, severity 6/10] Conductors span across the upper frame with tall conifers on both sides. Trees on the right appear to grow close to the wire path, within the ~12 ft envelope, but I cannot confirm direct overhang or contact; the wire runs mostly through open sky. Rated as beside-the-line encroachment."
3,R00602,37.144040,-122.131062,-1,5,True,"[encroach, severity 6/10] Conductors run along the left side of the road, and dense foliage crowds close to the wire path on both sides. Vegetation appears within the clearance envelope beside the lines, but I cannot confirm direct overhang or contact given the busy background canopy and distance."
3,R00605,37.144160,-122.102528,-1,5,True,"[tall_nearby, severity 3/10] A thin conductor is faintly visible crossing the road area in the mid-distance, with dense forest surrounding it. Tall trees flank the wire path but no clear branch contact or overhang is discernible; the apparent overlap is mostly background canopy behind the line. Separation appears present, supporting a tall_nearby rating."
3,R00606,37.144200,-122.134101,-1,5,True,"[tall_nearby, severity 6/10] Conductors span across the frame from left toward the pole on the right, with tall redwoods flanking the road. Strong sun flare washes out much of the upper canopy, making the wire path near foliage unclear. Trees are close to the line but no distinct branch overhang or contact can be confidently confirmed, so severity capped at 6."
3,R00608,37.144611,-122.132145,-1,5,True,"[encroach, severity 6/10] Conductors span the road with dense redwood/conifer canopy immediately adjacent on the right side, appearing to encroach into the wire envelope. However, much of the apparent overlap is background canopy behind the wires and the exact geometry of foliage-to-conductor separation is unclear, so severity is capped at 6."
3,R00609,37.144615,-122.130757,-1,5,True,"[tall_nearby, severity 4/10] A single conductor runs diagonally across the upper frame with tall redwoods in the background. The wire appears to have visible separation from foliage; nearby trees are tall but no clear overhang or contact with the conductor is visible against the sky."
3,R00610,37.144626,-122.102681,-1,5,True,"[tall_nearby, severity 4/10] A utility pole and faint conductor line are visible mid-frame along the road, surrounded by tall redwoods and dense roadside vegetation. The wire path is thin and hard to trace, but no clear branch contact or direct overhang is visible; trees are near the line with apparent separation. Capping at moderate due to unclear wire geometry."
3,R00043,37.107140,-122.143119,-1,3,True,"Overhead distribution conductors are clearly visible crossing the sky from upper right toward a pole down the road. Tall trees (including a conifer near the pole and roadside trees) are at or above conductor height within falling distance, though nearest vegetation in the immediate span appears somewhat below and to the side. Trees taller than the line pose fall-in risk."
