id,line_idx,lat,lng,green,score,reason
C000000,0,32.908183,-105.973251,0.002,0,desert cull (greenness below threshold)
C000001,5,32.907459,-105.973030,0.003,0,desert cull (greenness below threshold)
C000002,8,32.906333,-105.974570,0.006,0,desert cull (greenness below threshold)
C000003,12,32.904714,-105.977973,0.008,0,desert cull (greenness below threshold)
C000004,15,32.903495,-105.980566,0.008,0,desert cull (greenness below threshold)
C000005,20,32.900041,-105.980505,0.008,0,desert cull (greenness below threshold)
C000006,21,32.899303,-105.980493,0.008,0,desert cull (greenness below threshold)
C000007,25,32.895845,-105.980434,0.007,0,desert cull (greenness below threshold)
C000008,29,32.892267,-105.980371,0.008,0,desert cull (greenness below threshold)
C000009,35,32.891768,-105.984595,0.007,0,desert cull (greenness below threshold)
C000010,39,32.891649,-105.988834,0.008,0,desert cull (greenness below threshold)
C000011,43,32.891546,-105.992912,0.008,0,desert cull (greenness below threshold)
C000012,48,32.891508,-105.997951,0.007,0,desert cull (greenness below threshold)
C000013,53,32.891487,-106.002070,0.008,0,desert cull (greenness below threshold)
C000014,57,32.888142,-106.003060,0.009,0,desert cull (greenness below threshold)
C000015,61,32.888137,-106.007137,0.009,0,desert cull (greenness below threshold)
C000016,66,32.888129,-106.012233,0.009,0,desert cull (greenness below threshold)
C000017,70,32.888124,-106.016312,0.009,0,desert cull (greenness below threshold)
C000018,74,32.888115,-106.020390,0.009,0,desert cull (greenness below threshold)
C000019,79,32.888114,-106.025494,0.009,0,desert cull (greenness below threshold)
C000020,81,32.888993,-106.026526,0.009,0,desert cull (greenness below threshold)
C000021,82,32.889869,-106.026535,0.009,0,desert cull (greenness below threshold)
C000022,85,32.892507,-106.026561,0.009,0,desert cull (greenness below threshold)
C000023,87,32.894264,-106.026578,0.008,0,desert cull (greenness below threshold)
C000024,90,32.896902,-106.026599,0.008,0,desert cull (greenness below threshold)
C000025,91,32.897782,-106.026607,0.008,0,desert cull (greenness below threshold)
C000026,94,32.900422,-106.026632,0.008,0,desert cull (greenness below threshold)
C000027,95,32.901300,-106.026637,0.008,0,desert cull (greenness below threshold)
C000028,98,32.903943,-106.026661,0.009,0,desert cull (greenness below threshold)
C000029,99,32.904817,-106.026672,0.008,0,desert cull (greenness below threshold)
C000030,103,32.908338,-106.026697,0.008,0,desert cull (greenness below threshold)
C000031,104,32.909216,-106.026705,0.008,0,desert cull (greenness below threshold)
C000032,107,32.911853,-106.026730,0.009,0,desert cull (greenness below threshold)
C000033,108,32.912728,-106.026722,0.008,0,desert cull (greenness below threshold)
C000034,111,32.915356,-106.026769,0.007,0,desert cull (greenness below threshold)
C000035,112,32.916264,-106.026750,0.007,0,desert cull (greenness below threshold)
C000036,117,32.917110,-106.022538,0.008,0,desert cull (greenness below threshold)
C000037,121,32.917149,-106.018318,0.009,0,desert cull (greenness below threshold)
C000038,125,32.917172,-106.014027,0.008,0,desert cull (greenness below threshold)
C000039,129,32.917195,-106.009765,0.008,0,desert cull (greenness below threshold)
C000040,133,32.917218,-106.005470,0.008,0,desert cull (greenness below threshold)
C000041,138,32.917238,-106.000208,0.007,0,desert cull (greenness below threshold)
C000042,143,32.885456,-106.026520,0.009,0,desert cull (greenness below threshold)
C000043,144,32.884546,-106.026522,0.009,0,desert cull (greenness below threshold)
C000044,147,32.881924,-106.026493,0.008,0,desert cull (greenness below threshold)
C000045,148,32.881047,-106.026477,0.009,0,desert cull (greenness below threshold)
C000046,152,32.881040,-106.030455,0.008,0,desert cull (greenness below threshold)
C000047,156,32.879336,-106.032413,0.008,0,desert cull (greenness below threshold)
C000048,159,32.876794,-106.032384,0.007,0,desert cull (greenness below threshold)
C000049,161,32.875090,-106.032370,0.008,0,desert cull (greenness below threshold)
C000050,166,32.874104,-106.035696,0.008,0,desert cull (greenness below threshold)
C000051,170,32.874119,-106.039835,0.007,0,desert cull (greenness below threshold)
C000052,173,32.873429,-106.041989,0.009,0,desert cull (greenness below threshold)
C000053,175,32.873435,-106.044077,0.008,0,desert cull (greenness below threshold)
C000054,179,32.873442,-106.048262,0.008,0,desert cull (greenness below threshold)
C000055,184,32.870506,-106.049477,0.008,0,desert cull (greenness below threshold)
C000056,189,32.869832,-106.053380,0.007,0,desert cull (greenness below threshold)
C000057,193,32.869810,-106.057479,0.009,0,desert cull (greenness below threshold)
C000058,197,32.869801,-106.061596,0.009,0,desert cull (greenness below threshold)
C000059,202,32.869784,-106.066746,0.008,0,desert cull (greenness below threshold)
C000060,203,32.868923,-106.066855,0.009,0,desert cull (greenness below threshold)
C000061,206,32.866279,-106.067192,0.008,0,desert cull (greenness below threshold)
C000062,207,32.865793,-106.067193,0.008,0,desert cull (greenness below threshold)
C000063,211,32.862841,-106.067233,0.007,0,desert cull (greenness below threshold)
C000064,212,32.862047,-106.067268,0.008,0,desert cull (greenness below threshold)
C000065,216,32.858957,-106.067289,0.008,0,desert cull (greenness below threshold)
C000066,217,32.858182,-106.067290,0.008,0,desert cull (greenness below threshold)
C000067,221,32.855175,-106.067313,0.009,0,desert cull (greenness below threshold)
C000068,222,32.854216,-106.067315,0.009,0,desert cull (greenness below threshold)
C000069,225,32.851520,-106.067358,0.009,0,desert cull (greenness below threshold)
C000070,226,32.850574,-106.067359,0.009,0,desert cull (greenness below threshold)
C000071,229,32.847883,-106.067406,0.009,0,desert cull (greenness below threshold)
C000072,230,32.846974,-106.067408,0.008,0,desert cull (greenness below threshold)
C000073,237,32.842667,-106.065108,0.007,0,desert cull (greenness below threshold)
C000074,243,32.839306,-106.064233,0.007,0,desert cull (greenness below threshold)
C000075,245,32.839084,-106.065740,0.006,0,desert cull (greenness below threshold)
C000076,250,32.838899,-106.070434,0.003,0,desert cull (greenness below threshold)
C000077,253,32.839724,-106.070650,0.003,0,desert cull (greenness below threshold)
C000078,254,32.840188,-106.070759,0.003,0,desert cull (greenness below threshold)
C000079,274,32.835043,-106.063169,0.007,0,desert cull (greenness below threshold)
C000080,281,32.834517,-106.059722,0.008,0,desert cull (greenness below threshold)
C000081,284,32.836273,-106.055318,0.010,0,desert cull (greenness below threshold)
C000082,286,32.837458,-106.052380,0.010,0,desert cull (greenness below threshold)
C000083,288,32.838629,-106.049446,0.011,0,desert cull (greenness below threshold)
C000084,290,32.839809,-106.046507,0.011,0,desert cull (greenness below threshold)
C000085,292,32.840994,-106.043564,0.011,0,desert cull (greenness below threshold)
C000086,294,32.842169,-106.040624,0.011,0,desert cull (greenness below threshold)
C000087,296,32.843348,-106.037684,0.011,0,desert cull (greenness below threshold)
C000088,298,32.844323,-106.035254,0.011,0,desert cull (greenness below threshold)
C000089,301,32.845801,-106.031570,0.011,0,desert cull (greenness below threshold)
C000090,303,32.847005,-106.028569,0.010,0,desert cull (greenness below threshold)
C000091,304,32.847597,-106.027099,0.010,0,desert cull (greenness below threshold)
C000092,305,32.848186,-106.025631,0.010,0,desert cull (greenness below threshold)
C000093,307,32.849307,-106.022835,0.010,0,desert cull (greenness below threshold)
C000094,310,32.850424,-106.020039,0.010,0,desert cull (greenness below threshold)
C000095,311,32.851010,-106.018571,0.010,0,desert cull (greenness below threshold)
C000096,313,32.852061,-106.015956,0.010,0,desert cull (greenness below threshold)
C000097,315,32.853092,-106.013360,0.011,0,desert cull (greenness below threshold)
C000098,318,32.832927,-106.063677,0.005,0,desert cull (greenness below threshold)
C000099,323,32.831791,-106.066108,0.005,0,desert cull (greenness below threshold)
C000100,330,32.829532,-106.067411,0.006,0,desert cull (greenness below threshold)
C000101,336,32.829193,-106.071434,0.006,0,desert cull (greenness below threshold)
C000102,339,32.827981,-106.073943,0.004,0,desert cull (greenness below threshold)
C000103,341,32.827705,-106.074518,0.004,0,desert cull (greenness below threshold)
C000104,345,32.826094,-106.078346,0.005,0,desert cull (greenness below threshold)
C000105,347,32.824920,-106.080711,0.006,0,desert cull (greenness below threshold)
C000106,349,32.824036,-106.082400,0.006,0,desert cull (greenness below threshold)
C000107,350,32.823370,-106.083763,0.008,0,desert cull (greenness below threshold)
C000108,352,32.822058,-106.086304,0.010,0,desert cull (greenness below threshold)
C000109,354,32.820786,-106.088821,0.010,0,desert cull (greenness below threshold)
C000110,355,32.820080,-106.090214,0.010,0,desert cull (greenness below threshold)
C000111,356,32.819378,-106.091593,0.010,0,desert cull (greenness below threshold)
C000112,359,32.817438,-106.095469,0.011,0,desert cull (greenness below threshold)
C000113,360,32.816749,-106.096826,0.011,0,desert cull (greenness below threshold)
C000114,361,32.816060,-106.098186,0.011,0,desert cull (greenness below threshold)
C000115,363,32.814736,-106.100797,0.011,0,desert cull (greenness below threshold)
C000116,365,32.813366,-106.103500,0.011,0,desert cull (greenness below threshold)
C000117,366,32.812677,-106.104854,0.011,0,desert cull (greenness below threshold)
C000118,367,32.812001,-106.106193,0.011,0,desert cull (greenness below threshold)
C000119,369,32.810626,-106.108901,0.011,0,desert cull (greenness below threshold)
C000120,371,32.809253,-106.111608,0.010,0,desert cull (greenness below threshold)
C000121,372,32.808564,-106.112967,0.010,0,desert cull (greenness below threshold)
C000122,373,32.807880,-106.114317,0.010,0,desert cull (greenness below threshold)
C000123,375,32.806507,-106.117027,0.010,0,desert cull (greenness below threshold)
C000124,377,32.805385,-106.119236,0.011,0,desert cull (greenness below threshold)
C000125,378,32.804823,-106.120343,0.010,0,desert cull (greenness below threshold)
C000126,380,32.803546,-106.122762,0.010,0,desert cull (greenness below threshold)
C000127,382,32.802095,-106.125712,0.010,0,desert cull (greenness below threshold)
C000128,383,32.801539,-106.126810,0.010,0,desert cull (greenness below threshold)
C000129,384,32.800846,-106.128139,0.010,0,desert cull (greenness below threshold)
C000130,386,32.799470,-106.130855,0.012,0,desert cull (greenness below threshold)
C000131,389,32.797653,-106.134433,0.011,0,desert cull (greenness below threshold)
C000132,391,32.796477,-106.136756,0.012,0,desert cull (greenness below threshold)
C000133,393,32.798889,-106.136777,0.013,0,desert cull (greenness below threshold)
C000134,396,32.802582,-106.136778,0.014,0,desert cull (greenness below threshold)
C000135,398,32.805039,-106.136826,0.013,0,desert cull (greenness below threshold)
C000136,402,32.797886,-106.138485,0.012,0,desert cull (greenness below threshold)
C000137,405,32.802012,-106.139838,0.014,0,desert cull (greenness below threshold)
C000138,408,32.806231,-106.141201,0.014,0,desert cull (greenness below threshold)
C000139,411,32.810277,-106.142516,0.012,0,desert cull (greenness below threshold)
C000140,413,32.813122,-106.143438,0.011,0,desert cull (greenness below threshold)
C000141,417,32.813639,-106.147607,0.011,0,desert cull (greenness below threshold)
C000142,421,32.817024,-106.151801,0.009,0,desert cull (greenness below threshold)
C000143,425,32.814512,-106.143897,0.011,0,desert cull (greenness below threshold)
C000144,428,32.795227,-106.139224,0.012,0,desert cull (greenness below threshold)
C000145,430,32.793848,-106.141921,0.011,0,desert cull (greenness below threshold)
C000146,432,32.792481,-106.144651,0.012,0,desert cull (greenness below threshold)
C000147,435,32.790422,-106.148705,0.013,0,desert cull (greenness below threshold)
C000148,436,32.789732,-106.150058,0.013,0,desert cull (greenness below threshold)
C000149,437,32.789041,-106.151418,0.011,0,desert cull (greenness below threshold)
C000150,439,32.787669,-106.154112,0.011,0,desert cull (greenness below threshold)
C000151,441,32.786310,-106.155881,0.011,0,desert cull (greenness below threshold)
C000152,444,32.784491,-106.159283,0.011,0,desert cull (greenness below threshold)
C000153,446,32.783246,-106.162056,0.011,0,desert cull (greenness below threshold)
C000154,447,32.782584,-106.163453,0.011,0,desert cull (greenness below threshold)
C000155,448,32.781939,-106.164841,0.011,0,desert cull (greenness below threshold)
C000156,450,32.780683,-106.167611,0.010,0,desert cull (greenness below threshold)
C000157,452,32.779289,-106.170329,0.008,0,desert cull (greenness below threshold)
C000158,453,32.778670,-106.171412,0.008,0,desert cull (greenness below threshold)
C000159,454,32.778048,-106.172568,0.006,0,desert cull (greenness below threshold)
C000160,463,32.828175,-106.075519,0.004,0,desert cull (greenness below threshold)
C000161,490,32.828143,-106.079343,0.003,0,desert cull (greenness below threshold)
C000162,502,32.828119,-106.083653,0.003,0,desert cull (greenness below threshold)
C000163,518,32.884601,-106.004099,0.009,0,desert cull (greenness below threshold)
C000164,520,32.882287,-106.004778,0.009,0,desert cull (greenness below threshold)
C000165,522,32.879964,-106.005462,0.009,0,desert cull (greenness below threshold)
C000166,523,32.878529,-106.005887,0.009,0,desert cull (greenness below threshold)
C000167,524,32.877135,-106.006292,0.009,0,desert cull (greenness below threshold)
C000168,525,32.875756,-106.006701,0.009,0,desert cull (greenness below threshold)
C000169,528,32.872246,-106.007738,0.009,0,desert cull (greenness below threshold)
C000170,530,32.869469,-106.008552,0.009,0,desert cull (greenness below threshold)
C000171,532,32.866678,-106.009369,0.009,0,desert cull (greenness below threshold)
C000172,533,32.865284,-106.009779,0.009,0,desert cull (greenness below threshold)
C000173,534,32.863884,-106.010192,0.009,0,desert cull (greenness below threshold)
C000174,536,32.861112,-106.011006,0.009,0,desert cull (greenness below threshold)
C000175,538,32.858348,-106.011818,0.010,0,desert cull (greenness below threshold)
C000176,549,32.908017,-105.971444,0.004,0,desert cull (greenness below threshold)
C000177,555,32.907943,-105.966700,0.003,0,desert cull (greenness below threshold)
C000178,566,32.911837,-105.967624,0.008,0,desert cull (greenness below threshold)
C000179,567,32.912656,-105.967633,0.008,0,desert cull (greenness below threshold)
C000180,571,32.915467,-105.967659,0.007,0,desert cull (greenness below threshold)
C000181,572,32.916222,-105.967666,0.006,0,desert cull (greenness below threshold)
C000182,576,32.919205,-105.967697,0.008,0,desert cull (greenness below threshold)
C000183,577,32.919910,-105.967705,0.007,0,desert cull (greenness below threshold)
C000184,581,32.923215,-105.967721,0.008,0,desert cull (greenness below threshold)
C000185,582,32.924080,-105.967746,0.007,0,desert cull (greenness below threshold)
C000186,585,32.926507,-105.967769,0.008,0,desert cull (greenness below threshold)
C000187,586,32.927373,-105.967779,0.008,0,desert cull (greenness below threshold)
C000188,590,32.930371,-105.967809,0.008,0,desert cull (greenness below threshold)
C000189,591,32.931197,-105.967819,0.008,0,desert cull (greenness below threshold)
C000190,595,32.934301,-105.967940,0.007,0,desert cull (greenness below threshold)
C000191,596,32.934870,-105.968017,0.008,0,desert cull (greenness below threshold)
C000192,600,32.938212,-105.967580,0.007,0,desert cull (greenness below threshold)
C000193,601,32.939069,-105.967589,0.008,0,desert cull (greenness below threshold)
C000194,605,32.942333,-105.967603,0.008,0,desert cull (greenness below threshold)
C000195,608,32.944309,-105.965403,0.008,0,desert cull (greenness below threshold)
C000196,610,32.945486,-105.964092,0.007,0,desert cull (greenness below threshold)
C000197,612,32.946644,-105.962792,0.007,0,desert cull (greenness below threshold)
C000198,615,32.948298,-105.960948,0.007,0,desert cull (greenness below threshold)
C000199,617,32.949403,-105.959707,0.007,0,desert cull (greenness below threshold)
C000200,619,32.950422,-105.958567,0.007,0,desert cull (greenness below threshold)
C000201,622,32.952139,-105.956649,0.006,0,desert cull (greenness below threshold)
C000202,624,32.953140,-105.955531,0.006,0,desert cull (greenness below threshold)
C000203,626,32.954200,-105.954348,0.007,0,desert cull (greenness below threshold)
C000204,629,32.955814,-105.952538,0.008,0,desert cull (greenness below threshold)
C000205,631,32.957871,-105.950270,0.010,0,desert cull (greenness below threshold)
C000206,633,32.960016,-105.947793,0.010,0,desert cull (greenness below threshold)
C000207,634,32.960796,-105.946898,0.010,0,desert cull (greenness below threshold)
C000208,635,32.962824,-105.945236,0.010,0,desert cull (greenness below threshold)
C000209,636,32.964876,-105.943546,0.010,0,desert cull (greenness below threshold)
C000210,638,32.966457,-105.942266,0.010,0,desert cull (greenness below threshold)
C000211,640,32.969580,-105.939734,0.010,0,desert cull (greenness below threshold)
C000212,642,32.970971,-105.938604,0.010,0,desert cull (greenness below threshold)
C000213,644,32.973001,-105.936943,0.010,0,desert cull (greenness below threshold)
C000214,646,32.975695,-105.934756,0.010,0,desert cull (greenness below threshold)
C000215,648,32.977764,-105.933062,0.011,0,desert cull (greenness below threshold)
C000216,650,32.980207,-105.931077,0.010,0,desert cull (greenness below threshold)
C000217,652,32.983299,-105.928531,0.009,0,desert cull (greenness below threshold)
C000218,653,32.983425,-105.926743,0.011,0,desert cull (greenness below threshold)
C000219,656,32.983859,-105.921079,0.009,0,desert cull (greenness below threshold)
C000220,658,32.983860,-105.917085,0.009,0,desert cull (greenness below threshold)
C000221,660,32.982815,-105.913314,0.011,0,desert cull (greenness below threshold)
C000222,661,32.981684,-105.910762,0.011,0,desert cull (greenness below threshold)
C000223,664,32.981531,-105.905916,0.010,0,desert cull (greenness below threshold)
C000224,667,32.982687,-105.902271,0.009,0,desert cull (greenness below threshold)
C000225,669,32.983378,-105.900112,0.010,0,desert cull (greenness below threshold)
C000226,670,32.983776,-105.898960,0.008,0,desert cull (greenness below threshold)
C000227,672,32.984789,-105.895724,0.007,0,desert cull (greenness below threshold)
C000228,674,32.985555,-105.893276,0.006,0,desert cull (greenness below threshold)
C000229,677,32.987139,-105.888400,0.008,0,desert cull (greenness below threshold)
C000230,679,32.987658,-105.886669,0.011,0,desert cull (greenness below threshold)
C000231,682,32.989022,-105.882349,0.011,0,desert cull (greenness below threshold)
C000232,684,32.989850,-105.879850,0.012,0,desert cull (greenness below threshold)
C000233,687,32.990873,-105.876542,0.009,0,desert cull (greenness below threshold)
C000234,691,32.990860,-105.872543,0.008,0,desert cull (greenness below threshold)
C000235,692,32.990669,-105.871371,0.008,0,desert cull (greenness below threshold)
C000236,694,32.989966,-105.867118,0.009,0,desert cull (greenness below threshold)
C000237,697,32.989007,-105.861510,0.011,0,desert cull (greenness below threshold)
C000238,701,32.988088,-105.855296,0.010,0,desert cull (greenness below threshold)
C000239,704,32.987409,-105.849893,0.015,0,desert cull (greenness below threshold)
C000240,706,32.986951,-105.846486,0.026,0,desert cull (greenness below threshold)
C000241,708,32.986386,-105.844712,0.021,0,desert cull (greenness below threshold)
C000242,711,32.986051,-105.839232,0.025,0,desert cull (greenness below threshold)
C000243,714,32.986140,-105.834920,0.027,0,desert cull (greenness below threshold)
C000244,716,32.986238,-105.830680,0.051,2,"The cyan line is clearly visible and mostly passes through open desert/scrub terrain with sparse, low vegetation. However, there are scattered trees and some denser tree patches visible in the lower left portion and along what appears to be a riparian corridor. The line passes near but not directly through significant tree cover. The vegetation is generally low shrub desert with only occasional isolated trees near the route, warranting a score of 2 rather than 1 due to the proximity to some tree patches, though the line predominantly traverses open terrain."
C000245,719,32.987651,-105.827634,0.053,2,"The cyan line is clearly visible traversing the terrain. The landscape shows sparse, low desert scrub and shrubland vegetation throughout. While there are scattered darker patches that may represent sparse woody vegetation or low shrubs near and along portions of the line, there are no substantial tree cover areas, forest, or woodland that the line passes through. The vegetation appears uniformly low and scattered across the desert terrain. A few isolated darker patches near the line could represent sparse shrubs or very small trees, but these are not clearly substantial tree cover. This falls between scores 1-2; given the recall instruction to pick higher when unsure, a score of 2 is appropriate for the sparse low shrubs and isolated vegetation elements visible near the line."
C000246,721,32.991410,-105.830494,0.017,0,desert cull (greenness below threshold)
C000247,723,32.995119,-105.833312,0.064,4,"The cyan line is clearly visible running diagonally across the image through woodland terrain. The entire path of the drawn line passes through or directly beside substantial tree cover - the darker green vegetation patches are distributed throughout the corridor. While not uniformly dense forest, there is considerable woodland coverage along the route with scattered darker patches indicating trees, meeting the criteria for score 4 (passes through or directly beside substantial tree cover in places)."
C000248,725,32.996376,-105.834270,0.083,3,"The cyan line is clearly visible and passes through terrain with scattered woodland patches and tree cover. The landscape shows a mix of darker (tree-covered) areas and lighter (open/sparse) areas. The line traverses through several sections with noticeable tree clusters and patches of woodland vegetation, particularly visible as darker green areas throughout the image. While not dense forest for the entire route, there are multiple locations where the line passes through or very close to scattered trees and woodland patches, justifying a score of 3."
C000249,727,32.998482,-105.835863,0.072,3,"The cyan line is clearly visible across the image, passing through terrain with scattered tree cover (dark green patches) distributed throughout. The vegetation appears to be woodland/forest patches typical of pinyon-juniper forest in southern New Mexico. While the trees are not uniformly dense along the entire route, there are multiple patches of tree cover adjacent to and crossed by the line, with scattered trees visible throughout the corridor. This constitutes scattered woodland patches close to the line, consistent with a score of 3."
C000250,731,33.004003,-105.840068,0.026,0,desert cull (greenness below threshold)
C000251,734,33.006740,-105.842135,0.012,0,desert cull (greenness below threshold)
C000252,738,33.010497,-105.844999,0.010,0,desert cull (greenness below threshold)
C000253,741,33.014232,-105.847841,0.012,0,desert cull (greenness below threshold)
C000254,743,33.017223,-105.850098,0.016,0,desert cull (greenness below threshold)
C000255,744,33.018467,-105.851045,0.021,0,desert cull (greenness below threshold)
C000256,746,33.020559,-105.849156,0.023,0,desert cull (greenness below threshold)
C000257,747,33.021688,-105.848137,0.049,2,"The cyan line is clearly visible running through the landscape. The terrain is predominantly sparse, scattered desert shrubland with dispersed low vegetation typical of southern New Mexico. While there are some darker patches that may represent slightly denser vegetation or tree cover in places (particularly visible in the upper left and middle portions), the line mostly passes through open terrain with scattered low shrubs. A few isolated darker areas suggest possible isolated trees or dense shrub patches, but these are not substantial tree cover and the line does not run through continuous forest or woodland. The overall landscape is open desert/scrub with sparse vegetation, fitting a score of 2."
C000258,748,33.022860,-105.847077,0.060,2,"The cyan line is clearly visible running diagonally across the image. The terrain is predominantly sparse desert scrub and low shrubby vegetation typical of southern New Mexico. While there are scattered patches of darker vegetation (likely small juniper or pinyon trees) distributed across the landscape and some riparian vegetation visible along what appears to be a creek corridor in the upper left, the line itself primarily runs through open desert scrub. The scattered trees and woodland patches are not directly along the line's path but rather interspersed throughout the terrain. This warrants a score of 2 for sparse low shrubs near the line with a few isolated trees not clearly near it."
C000259,751,33.025110,-105.845016,0.059,3,"The cyan line is clearly visible and passes through an area with scattered woodland/tree patches. The route runs through and alongside riparian vegetation in what appears to be a creek or wash corridor (visible as the lighter-colored meandering feature), with tree cover in patches adjacent to and near the line. The surrounding terrain shows typical sparse desert scrub, but the line specifically traverses areas with notable concentrations of trees, particularly in the central valley area. This warrants a score of 3 for scattered trees/woodland patches close to the line."
C000260,755,33.027957,-105.842444,0.023,0,desert cull (greenness below threshold)
C000261,756,33.029196,-105.841343,0.034,0,desert cull (greenness below threshold)
C000262,758,33.031438,-105.839311,0.020,0,desert cull (greenness below threshold)
C000263,759,33.032635,-105.838225,0.028,0,desert cull (greenness below threshold)
C000264,760,33.033885,-105.837105,0.031,0,desert cull (greenness below threshold)
C000265,763,33.036296,-105.836334,0.044,4,"The cyan line passes through and directly beside substantial tree cover, particularly in the central portion where it runs through a cleared or lighter corridor surrounded by dense darker forest/woodland on both sides. The line clearly traverses areas with significant tree coverage, with darker forested patches visible along much of the route. This represents substantial tree cover interaction warranting a score of 4."
C000266,765,33.038949,-105.835480,0.038,0,desert cull (greenness below threshold)
C000267,771,32.982453,-105.827303,0.058,3,"The cyan line is clearly visible running diagonally (and with a horizontal branch) across the tile. The terrain shows scattered low woodland/shrub vegetation throughout, with darker patches indicating tree cover in various locations. The line passes through areas with visible scattered trees and woodland patches, particularly noticeable in the darker green areas. However, the vegetation is not dense forest—it appears to be semi-arid woodland/scrubland typical of southern New Mexico. The scattered nature of the tree cover and its proximity to the line supports a score of 3."
C000268,775,32.979424,-105.826661,0.062,4,"The cyan line is clearly visible running north-south through the tile. The line passes through and directly beside substantial tree cover in multiple places, particularly in the upper and middle portions of the image where darker green forested areas are adjacent to and crossed by the route. The surrounding terrain shows mixed woodland and open areas with scattered vegetation typical of piñon-juniper forest in southern New Mexico. The line's proximity to multiple patches of denser tree cover throughout its path justifies a score of 4."
C000269,777,32.977743,-105.826299,0.071,2,"The cyan line is clearly visible running north-south through the image. The surrounding terrain consists primarily of sparse, scattered low shrubs and desert vegetation typical of southern New Mexico. While there are some darker patches that may represent slightly denser vegetation or small tree clusters in the upper right and scattered throughout, the vegetation along the line itself and in the immediate vicinity is predominantly low scrub and sparse desert plants. The line does not pass through any substantial or concentrated tree cover, and most trees, if present, are isolated and not clearly adjacent to the corridor. This fits the score 2 profile of sparse low shrubs near the line with a few isolated trees not clearly near it."
C000270,781,32.975264,-105.825761,0.026,0,desert cull (greenness below threshold)
C000271,783,32.973803,-105.825445,0.021,0,desert cull (greenness below threshold)
C000272,786,32.971121,-105.825132,0.036,0,desert cull (greenness below threshold)
C000273,788,32.969690,-105.825215,0.051,3,"The cyan line is clearly visible running north-south through the tile. The surrounding terrain shows scattered tree cover (dark green patches) distributed across the landscape, which appears to be semi-arid woodland/scrubland typical of southern New Mexico. The line passes through or very near scattered patches of woodland rather than dense forest, and portions run through more open areas. This represents scattered trees/woodland patches close to the line, fitting the score 3 definition."
C000274,791,32.967015,-105.825375,0.050,3,"The cyan line is clearly visible running north-south through the image. The terrain shows scattered low shrub and tree cover (appearing as darker vegetation patches) throughout the area. The line passes through or very close to multiple vegetation patches, particularly visible in the upper and middle sections where there are darker vegetated areas adjacent to or crossed by the route. The vegetation appears to be scattered woodland/shrub patches typical of semi-arid New Mexico terrain, not dense forest, but substantial enough to warrant a score of 3 for scattered trees/woodland patches close to the line."
C000275,792,32.965784,-105.825442,0.037,0,desert cull (greenness below threshold)
C000276,794,32.963939,-105.825556,0.062,4,"The cyan line runs through continuous scrubland/woodland vegetation across the entire visible path. The terrain shows scattered to moderate tree cover with darker patches indicating denser vegetation on both sides of the line. The line passes directly through areas with visible tree cover and woodland patches throughout its course, meeting criteria for substantial tree cover in places along the route."
C000277,796,32.962217,-105.825652,0.078,4,"The bright cyan line is clearly visible running north-south through the tile. The line passes through and directly beside substantial tree cover (dark green woodland/forest patches) throughout much of its path. The terrain shows a mix of darker forested areas and lighter scrub/desert areas, with the line routing through significant tree coverage in multiple sections, particularly evident on both sides of the line's corridor."
C000278,799,32.960163,-105.825767,0.082,4,"The cyan line is clearly visible running north-south through the image, passing through substantial tree cover (woodland/forest visible as darker vegetation patches) for much of its length. The vegetation appears to be conifer forest typical of southern New Mexico, and the line traverses directly through this forested terrain rather than around it. This qualifies as passing through or directly beside substantial tree cover in places."
C000279,801,32.958815,-105.825845,0.073,4,"The cyan line runs through substantial woodland/forest cover for most of its visible path. The surrounding terrain shows dense tree coverage (dark green areas indicating piñon-juniper woodland typical of southern New Mexico), and the line passes directly through this tree-covered landscape. While there is some clearing visible at the southern portion near agricultural areas, the majority of the line's route is through or immediately adjacent to significant tree cover, justifying a score of 4."
C000280,804,32.956267,-105.825998,0.078,4,"The cyan line is clearly visible running through the image in a north-south orientation. The line passes directly through or immediately adjacent to substantial tree cover, particularly in the northern portion where it traverses an area with dense woodland/forest vegetation (darker green patches visible throughout). The lower portion shows the line passing through more open cultivated/cleared areas with scattered trees, but the overall path includes significant interaction with tree cover that qualifies as 'passes through or directly beside substantial tree cover in places.'"
C000281,811,32.955283,-105.826237,0.076,3,"The cyan line is clearly visible running through the image. The route passes through or very near scattered woodland patches and tree clusters, particularly visible in the darker forested areas surrounding the central agricultural/cleared lands. There are isolated trees and riparian vegetation patches (along the curved waterways) near the line's path. The terrain shows a mix of open cultivated ground and woodland, with the line traversing areas that have scattered to moderate tree cover rather than dense forest. This scores as scattered trees/woodland patches close to the line."
C000282,815,32.954483,-105.829853,0.062,3,"The cyan line is clearly visible throughout the image. The route passes through or very close to scattered woodland and tree patches, particularly along the upper-left portion where denser coniferous forest is visible, and in the middle sections where trees cluster near the line. However, significant portions of the route also traverse more open terrain with sparse vegetation, cultivated fields, and agricultural areas. This is consistent with score 3: scattered trees/woodland patches close to the line."
C000283,818,32.952690,-105.832420,0.064,4,"The cyan line is clearly visible and passes through or directly beside substantial tree cover in multiple places. The area shows scattered to moderate woodland/forest coverage with darker green vegetation patches throughout. The line runs through sections with visible tree density, particularly in the upper-left and central portions of the route, indicating passage through or adjacent to significant tree cover rather than purely open desert terrain."
C000284,823,32.950928,-105.835602,0.079,4,"The cyan line passes through and directly beside substantial tree cover in multiple places. The entire surrounding area shows dense woodland and forest patches with scattered trees throughout. The line runs through mixed terrain with significant tree cover adjacent to and along portions of the route, particularly visible in the darker green forested areas surrounding the central corridor. This meets the criteria for score 4 - substantial tree cover in places along the drawn line."
C000285,828,32.948951,-105.836681,0.103,4,"The cyan line is clearly visible and passes through a landscape with substantial tree cover throughout. The line runs through areas with scattered to moderate woodland/tree patches, and there are significant forested or tree-covered areas adjacent to and near the route. While not uniformly dense forest, there is clearly substantial tree cover in multiple places along the drawn line path, particularly in the broader corridors visible. This merits a score of 4 for passing through or directly beside substantial tree cover in places."
C000286,835,32.947545,-105.839070,0.111,3,"The cyan line is clearly visible and passes through a landscape with scattered tree cover and woodland patches. The southern portions of the route run through areas with moderate tree density, particularly visible in the forested patches below the main road crossings. The northern portion passes over more open terrain with scattered trees. The line approaches and borders tree cover in multiple places but does not run continuously through dense forest. This is consistent with scattered trees and woodland patches close to the line."
C000287,847,32.950655,-105.838484,0.087,4,"The cyan line is clearly visible and passes through or directly beside substantial tree cover in multiple locations. The terrain shows a mix of piñon-juniper woodland and scattered vegetation typical of southern New Mexico. The route runs through areas with visible dark green tree patches and woodland, with the line clearly intersecting or running adjacent to tree cover throughout most of its path in this tile. This constitutes substantial tree coverage interaction warranting a score of 4."
C000288,854,32.949687,-105.841911,0.114,4,"The cyan line is clearly visible and passes through or directly beside substantial tree cover in multiple locations. The terrain shows a mix of woodland patches and scattered trees throughout the image. The line runs through areas with significant tree density, particularly along its upper section where it winds through forested areas, and continues through tree-covered terrain in the lower portion. There are also cleared areas with buildings and sparse vegetation, but the overall path demonstrates passage through notable tree cover in several sections, warranting a score of 4."
C000289,869,32.952735,-105.825817,0.147,4,"The cyan line passes through and directly beside substantial tree cover in multiple locations. The line runs through areas with dark green tree clusters and woodland patches, particularly visible on the left side of the main corridor and adjacent to the right-of-way. While portions traverse cleared/agricultural land, significant tree cover is clearly present along and immediately beside the route, warranting a score of 4."
C000290,871,32.951429,-105.825811,0.162,2,"The cyan line is clearly visible tracing across the terrain. The route passes through a mixed landscape with scattered low vegetation and sparse shrubs throughout. There are isolated tree patches and clusters visible in the surrounding area, but the line itself primarily follows through open agricultural fields and low scrub vegetation. A few scattered trees appear near or close to portions of the line, but they are not substantial or dense tree cover. This corresponds to sparse low shrubs with some isolated trees not clearly integrated with the corridor."
C000291,880,32.951964,-105.821208,0.182,4,"The cyan line passes directly through and beside substantial tree cover throughout much of the visible tile. The line runs through areas of dense woodland and tree patches, particularly visible along the lower and middle portions of the route where darker green forested areas are clearly adjacent to or intersecting with the drawn line. While there are some open areas, the predominant pattern shows the line passing through or immediately beside significant tree vegetation rather than open desert or scrub."
C000292,886,32.953231,-105.818625,0.153,4,"The cyan line passes through or directly beside substantial tree cover in multiple places. The route runs through scattered to moderate tree patches, particularly visible in the central portion where clusters of darker vegetation (indicating trees) are present along and immediately adjacent to the line. While not dense forest for the entire path, there are clear sections with significant woodland/tree presence that warrant a score of 4."
C000293,890,32.954931,-105.815828,0.062,4,"The cyan line is clearly visible and passes through and directly beside substantial tree cover in multiple places. The route runs along what appears to be a riparian corridor with darker vegetation (trees) visible along parts of the path, particularly in the lower portion and along the right side of the route where darker forested areas are evident. While not dense forest for the entire path, the line clearly passes through or immediately adjacent to significant tree cover in multiple segments."
C000294,892,32.956758,-105.814175,0.052,4,"The cyan line is clearly visible running diagonally across the image through riparian forest/woodland along what appears to be a river or stream corridor. The line passes directly through and beside substantial tree cover for a significant portion of its path, particularly in the lower-right to middle sections where darker vegetation patches are dense. While parts of the route traverse more open terrain with scattered trees, the overall path shows considerable interaction with woodland areas, warranting a score of 4 (passes through or directly beside substantial tree cover in places)."
C000295,893,32.957338,-105.813640,0.020,0,desert cull (greenness below threshold)
C000296,896,32.958848,-105.810832,0.011,0,desert cull (greenness below threshold)
C000297,900,32.960155,-105.807986,0.013,0,desert cull (greenness below threshold)
C000298,902,32.960542,-105.805703,0.016,0,desert cull (greenness below threshold)
C000299,903,32.960807,-105.804938,0.021,0,desert cull (greenness below threshold)
C000300,906,32.961947,-105.801609,0.013,0,desert cull (greenness below threshold)
C000301,912,32.960499,-105.796708,0.013,0,desert cull (greenness below threshold)
C000302,913,32.960584,-105.795159,0.017,0,desert cull (greenness below threshold)
C000303,915,32.960485,-105.793053,0.038,0,desert cull (greenness below threshold)
C000304,917,32.960100,-105.790671,0.057,3,"The cyan line is clearly visible running across the image through a relatively open valley or corridor. The line passes through scattered tree cover and patches of woodland, particularly visible along the upper (northern) portion of the image where denser forest/woodland is present. While the line itself runs primarily through open terrain with sparse vegetation, there are scattered trees and woodland patches close to or adjacent to the route. The surrounding landscape shows a mix of coniferous forest (darker patches) and open scrubland/grassland with isolated trees, characteristic of high-altitude southwestern terrain. This falls between scattered trees/patches near the line and sparse shrubs, warranting a score of 3."
C000305,922,32.959894,-105.786012,0.099,4,"The cyan line runs along a cleared corridor/right-of-way that has substantial tree cover on both sides. The line passes directly beside dense forest/woodland patches (darker green areas) particularly visible to the north and south of the corridor. While the immediate corridor itself appears relatively clear, the line is intimately associated with significant tree cover throughout its visible path, meeting the criteria for score 4: passing through or directly beside substantial tree cover in places."
C000306,928,32.959041,-105.780316,0.174,4,"The cyan line is clearly visible and runs through substantial tree cover throughout most of its path. The surrounding terrain shows dense woodland with dark green tree patches interspersed with lighter tan/brown areas. The line passes directly through or immediately beside these tree-covered areas for a significant portion of its route, particularly in the lower sections where conifer forest is evident. While there are some cleared areas and a valley/corridor visible, the predominant character of the line's path involves close proximity to substantial tree cover, warranting a score of 4."
C000307,933,32.958844,-105.775552,0.230,4,"The cyan line represents an overhead electric line route that passes through and directly beside substantial tree cover in multiple locations. The line runs through forested/woodland areas with dense coniferous vegetation visible throughout much of its path, particularly along the right side and through the valley sections where darker green tree cover is prominent. While portions cross more open terrain, the overall route demonstrates significant interaction with forest and woodland patches, meriting a score of 4."
C000308,935,32.960057,-105.772642,0.227,4,"The cyan line is clearly visible and passes through substantial tree cover, particularly along the lower and right portions of the route. The line traverses a corridor that includes dense woodland patches (dark green areas) on the lower right side of the image and passes adjacent to or through tree-covered terrain. While portions cross more open areas with scattered trees and lighter vegetation, the overall route shows significant interaction with forest/woodland areas, meeting the criteria for a score of 4."
C000309,937,32.960676,-105.771351,0.253,4,"The cyan line is clearly visible running diagonally across the image. It passes directly beside and through substantial tree cover, particularly the dense dark green woodland/forest visible on the lower right and scattered throughout the upper portions of the tile. The line runs along what appears to be a cleared corridor or road with forest patches on both sides, meeting the criteria for score 4 - passing through or directly beside substantial tree cover in places."
C000310,938,32.960839,-105.769041,0.249,4,"The cyan line is clearly visible running through the image. The route passes directly beside and through substantial tree cover throughout most of its path. The line runs along the edge of dense dark green forest/woodland (lower right and center portions) and continues through areas where it borders significant tree clusters. While the upper left portion shows some open terrain with scattered vegetation, the overall route is heavily associated with substantial woodland coverage, particularly in the lower and central sections where the line runs directly adjacent to dense forest stands. This warrants a score of 4 for passing through or directly beside substantial tree cover in significant places along its route."
C000311,942,32.960144,-105.764773,0.337,4,"The cyan line is clearly visible running through and directly beside substantial tree cover (dark green forest/woodland) for a significant portion of its path. The line passes through dense forested areas on the left and right sides of the image, with scattered open areas and sparser vegetation in the upper portions. The route clearly intersects with substantial woodland patches multiple times across the visible corridor."
C000312,947,32.956753,-105.761005,0.473,5,"The cyan overhead line runs through dense forest/woodland for the entire visible length of its path across this tile. The line traverses through substantial coniferous forest coverage (dark green), appearing to follow a ridge or valley through heavily forested mountainous terrain. Both sides of the line show dense tree cover throughout the route."
C000313,950,32.955600,-105.758335,0.541,5,"The cyan line runs through dense forest/woodland for the entire visible length of the tile. The surrounding area shows continuous tree cover with darker green coloration characteristic of coniferous forest, with only scattered clearings or lighter patches. The line passes directly through this substantial woodland without crossing open desert or grassland."
C000314,957,32.955069,-105.752835,0.653,5,"The cyan line is clearly visible running diagonally across the image from upper left to lower right. The entire length of the drawn line passes through dense forest/woodland cover with dark green tree canopy visible throughout. The vegetation appears to be consistent coniferous or mixed forest with minimal open ground, and the line traverses this dense tree cover for essentially its entire visible path across the tile."
C000315,970,32.948992,-105.817423,0.116,4,"The cyan line is clearly visible and passes through substantial tree cover throughout most of its path in this tile. The entire area shows dense woodland/forest with scattered clearings, and the line runs directly through multiple patches of this tree cover. While not uniformly dense forest across the entire route, the line consistently passes through or directly beside significant tree coverage rather than open areas, warranting a score of 4."
C000316,973,32.948224,-105.817591,0.133,4,"The cyan line is clearly visible and passes through or directly beside substantial tree cover in multiple segments. The terrain shows extensive dark green forest/woodland patches throughout the tile, and the route passes through or immediately adjacent to these wooded areas in several places, particularly in the upper and middle portions of the line. While some segments traverse more open areas, the overall pattern shows significant interaction with tree cover."
C000317,978,32.945312,-105.816662,0.197,4,"The cyan line passes directly through and beside substantial tree cover (dark green forested areas) in multiple segments. The route runs adjacent to dense woodland patches in the upper portion and passes through tree-covered terrain in the middle and lower sections. There are also scattered trees and forest patches throughout the line's path. This represents substantial tree cover interaction rather than sparse vegetation, warranting a score of 4."
C000318,990,32.941581,-105.811835,0.135,3,"The cyan line is clearly visible running diagonally across the tile. The line passes through scattered woodland and tree patches, with piñon-juniper forest visible throughout the area. The route traverses terrain with moderate tree cover interspersed with open areas, but does not run through dense continuous forest. Scattered trees and woodland patches are present close to portions of the line, particularly in the southwestern section, fitting a score of 3."
C000319,994,32.943278,-105.817415,0.216,4,"The cyan line is clearly visible running through the central portion of the tile. The line passes through and directly beside substantial tree cover in multiple places. Significant darker green forest and woodland patches are visible throughout the surrounding area, with the line routing through areas with noticeable tree density, particularly in the upper and eastern portions. While there are also cleared areas and lighter vegetation, the line clearly encounters meaningful tree cover in several segments of its path."
C000320,999,32.941997,-105.820010,0.248,4,"The cyan line is clearly visible and passes through and adjacent to substantial tree cover throughout much of this tile. The line traverses areas with dense woodland and forest patches, particularly in the upper left and surrounding regions. While there are some cleared areas (residential/developed land in the center), the line predominantly runs through or directly beside significant tree cover, meeting the criteria for a score of 4."
C000321,1000,32.941235,-105.820404,0.239,3,"The cyan line is clearly visible running through the terrain. The lower portion of the route passes through areas with scattered tree cover and woodland patches. The line transitions from more open/cleared areas in the middle section to denser forest/woodland coverage, particularly visible in the bottom right and lower left portions of the image. While not running through dense forest for its entire path, there are multiple scattered woodland patches and tree clusters situated along or very close to the line route, justifying a score of 3."
C000322,1002,32.940302,-105.822179,0.208,4,"The cyan line is clearly visible and passes through substantial tree cover in multiple segments. The lower-left portion of the route runs directly through dense woodland/forest areas (darker green patches), and the upper-right segment also passes through or immediately adjacent to significant tree cover. While there are some open/cleared areas, the line predominantly traverses wooded terrain with substantial canopy coverage visible throughout the route."
C000323,1009,32.985144,-105.824776,0.069,3,"The cyan line is clearly visible and passes through terrain with scattered tree cover. The landscape shows a mix of open scrubland and darker vegetation patches (trees/woodland). The line passes through or very close to several areas of darker vegetation visible as riparian corridors along what appear to be drainage channels and scattered woodland patches throughout the tile. While not dense forest, there are clearly multiple instances of tree cover near the route, justifying a score of 3 for scattered trees/woodland patches close to the line."
C000324,1011,32.985261,-105.820582,0.097,3,"The cyan line is clearly visible running across the satellite image. The line passes through or very near scattered woodland patches and tree cover, particularly in the lower right portion of the tile where darker green vegetation is concentrated. While not dense forest throughout, there are definite tree clusters and riparian vegetation adjacent to and crossed by the line. The upper left portion shows more sparse, low scrub, but the overall route includes multiple instances of approaching or passing through tree cover patches, supporting a score of 3 for scattered trees/woodland patches close to the line."
C000325,1013,32.985401,-105.815540,0.035,0,desert cull (greenness below threshold)
C000326,1016,32.985574,-105.810023,0.048,4,"The cyan line is clearly visible running horizontally across the image. While much of the terrain appears to be open desert/scrub with scattered low vegetation in the upper portion, the line passes directly through and beside substantial tree cover, particularly in the lower half of the image where darker green vegetation indicating denser woodland/riparian growth is evident. The line clearly intersects with this tree cover area, warranting a score of 4 for passing through or directly beside substantial tree cover in places."
C000327,1018,32.985664,-105.806179,0.022,0,desert cull (greenness below threshold)
C000328,1020,32.985765,-105.802696,0.049,4,"The cyan line runs through substantial tree cover along what appears to be a riparian corridor with denser vegetation (darker green) compared to the surrounding desert scrubland. The line passes directly through and beside significant tree canopy for much of its visible path across the tile, particularly in the central portion where vegetation density is notably higher."
C000329,1023,32.985906,-105.797358,0.046,4,"The bright cyan line is clearly visible running across the image from lower-left to upper-right. The line passes through or directly beside substantial tree cover (shown as dark green patches) for significant portions of its path. The landscape shows scattered woodland/tree patches throughout, and the line runs near or through these darker vegetated areas in multiple locations, particularly in the upper-left and lower portions of the image. While not dense continuous forest, the substantial tree cover adjacent to the line warrants a score of 4."
C000330,1026,32.986453,-105.794152,0.056,3,"The cyan line follows a corridor with scattered tree/shrub patches visible throughout. The surrounding terrain shows patchy woodland and desert scrub, with darker green vegetation scattered along both sides of the route. The line passes through areas with recognizable tree cover clusters, though not dense forest, warranting a score of 3 for scattered trees/woodland patches close to the line."
C000331,1028,32.988030,-105.790694,0.110,4,"The cyan line passes through and directly beside substantial tree cover (woodland/forest patches) for significant portions of its route. The line runs through scattered to moderate coniferous forest, particularly visible along the left-center and right portions of the route. While there are some open areas (including what appears to be a cleared corridor or road), the line consistently passes adjacent to or through tree-covered terrain rather than open desert. This warrants a score of 4 for substantial tree cover interactions."
C000332,1030,32.988945,-105.787999,0.108,4,"The cyan line passes through and directly beside substantial tree cover throughout most of its path. The route runs alongside a river/drainage corridor with riparian vegetation on both sides, and transitions through areas with scattered to moderate forest coverage. While not uniformly dense forest, there is clear interaction with significant tree clusters and woodland patches along the entire visible route, particularly on the right (eastern) side where denser forest is evident."
C000333,1033,32.986617,-105.785036,0.138,4,"The cyan line is clearly visible and passes through substantial tree cover throughout much of its path. The terrain shows mixed woodland/forest with scattered open areas. The line runs directly through darker green forested areas, particularly along the southern portion and through the central section of the image. While there are some sparser areas with lighter vegetation, the predominant character along the line route is passage through notable tree cover/woodland, justifying a score of 4."
C000334,1038,32.983003,-105.779703,0.249,5,"The cyan line is clearly visible running diagonally across the entire tile. The terrain shows dense forest/woodland coverage throughout, with dark green tree canopy dominating the landscape. The line passes directly through this substantial tree cover for its entire visible length. The scattered brown/tan patches are clearings or lighter vegetation within the forest matrix, but the predominant vegetation is clearly dense tree cover that the power line traverses."
C000335,1042,32.980710,-105.774440,0.259,5,"The bright cyan electric line is clearly visible running diagonally across the entire tile. The line passes through dense forest/woodland coverage throughout its path. The terrain is heavily forested with coniferous trees (appearing dark green), with scattered clearings or lighter patches interspersed. The line traverses almost exclusively through this substantial tree cover for the majority of its visible route, with no significant gaps of open desert or grassland. This warrants a score of 5 as the line runs through dense forest/woodland for much of its path."
C000336,1045,32.979332,-105.771253,0.275,5,"The cyan line runs through dense forest/woodland throughout most of its path across this tile. The entire landscape is dominated by dark green tree cover (coniferous forest), with scattered lighter patches of cleared or sparse areas. The line passes consistently through this substantial woodland with no significant breaks into open terrain."
C000337,1051,32.975058,-105.766054,0.301,5,"The cyan line runs through dense forest/woodland across virtually the entire visible path in this tile. The surrounding terrain is heavily covered with dark green tree canopy with only scattered bare patches visible between the trees. The line is clearly passing through substantial, continuous woodland rather than open terrain."
C000338,1055,32.974099,-105.761138,0.581,5,"The cyan line runs through dense forest/woodland covering the entire tile. The vegetation is predominantly coniferous forest with scattered clearings, and the line traverses this forested terrain throughout its visible path across the image. This represents substantial tree cover that the overhead line passes through for much of its route."
C000339,1055,32.973406,-105.755842,0.692,5,"The cyan-colored overhead electric line runs across the entire image through dense, continuous coniferous forest/woodland. The line passes directly through substantial tree cover throughout its visible path, with dense forest on both sides. This represents a clear case of a transmission line traversing through substantial, well-established woodland terrain."
C000340,1061,32.994555,-105.870605,0.009,0,desert cull (greenness below threshold)
C000341,1062,32.995258,-105.870093,0.009,0,desert cull (greenness below threshold)
C000342,1063,32.996155,-105.869480,0.008,0,desert cull (greenness below threshold)
C000343,1066,32.998297,-105.868086,0.009,0,desert cull (greenness below threshold)
C000344,1067,32.999273,-105.867441,0.009,0,desert cull (greenness below threshold)
C000345,1068,33.000629,-105.866497,0.008,0,desert cull (greenness below threshold)
C000346,1086,32.907501,-105.964901,0.004,0,desert cull (greenness below threshold)
C000347,1093,32.903794,-105.962719,0.009,0,desert cull (greenness below threshold)
C000348,1094,32.902701,-105.962707,0.010,0,desert cull (greenness below threshold)
C000349,1097,32.899156,-105.962640,0.010,0,desert cull (greenness below threshold)
C000350,1100,32.895596,-105.962624,0.009,0,desert cull (greenness below threshold)
C000351,1103,32.892382,-105.962760,0.010,0,desert cull (greenness below threshold)
C000352,1107,32.888725,-105.962778,0.009,0,desert cull (greenness below threshold)
C000353,1108,32.887471,-105.962777,0.009,0,desert cull (greenness below threshold)
C000354,1111,32.884256,-105.962741,0.009,0,desert cull (greenness below threshold)
C000355,1114,32.881005,-105.962705,0.009,0,desert cull (greenness below threshold)
C000356,1117,32.877405,-105.963644,0.008,0,desert cull (greenness below threshold)
C000357,1118,32.876185,-105.963963,0.008,0,desert cull (greenness below threshold)
C000358,1119,32.875011,-105.964264,0.009,0,desert cull (greenness below threshold)
C000359,1121,32.872423,-105.964280,0.009,0,desert cull (greenness below threshold)
C000360,1122,32.870927,-105.964660,0.009,0,desert cull (greenness below threshold)
C000361,1124,32.868667,-105.965245,0.009,0,desert cull (greenness below threshold)
C000362,1125,32.867464,-105.965546,0.009,0,desert cull (greenness below threshold)
C000363,1127,32.864434,-105.966315,0.009,0,desert cull (greenness below threshold)
C000364,1129,32.861615,-105.967019,0.009,0,desert cull (greenness below threshold)
C000365,1132,32.858270,-105.967576,0.012,0,desert cull (greenness below threshold)
C000366,1135,32.854615,-105.968184,0.009,0,desert cull (greenness below threshold)
C000367,1136,32.853486,-105.968382,0.009,0,desert cull (greenness below threshold)
C000368,1138,32.853436,-105.969782,0.008,0,desert cull (greenness below threshold)
C000369,1145,32.850770,-105.971007,0.009,0,desert cull (greenness below threshold)
C000370,1146,32.850100,-105.971125,0.009,0,desert cull (greenness below threshold)
C000371,1151,32.846793,-105.971674,0.008,0,desert cull (greenness below threshold)
C000372,1157,32.843497,-105.972230,0.008,0,desert cull (greenness below threshold)
C000373,1158,32.842835,-105.972338,0.008,0,desert cull (greenness below threshold)
C000374,1162,32.840194,-105.972781,0.008,0,desert cull (greenness below threshold)
C000375,1164,32.838858,-105.973006,0.008,0,desert cull (greenness below threshold)
C000376,1167,32.837197,-105.973280,0.008,0,desert cull (greenness below threshold)
C000377,1170,32.835353,-105.973583,0.008,0,desert cull (greenness below threshold)
C000378,1173,32.833384,-105.973915,0.008,0,desert cull (greenness below threshold)
C000379,1176,32.831395,-105.974249,0.008,0,desert cull (greenness below threshold)
C000380,1177,32.830736,-105.974364,0.008,0,desert cull (greenness below threshold)
C000381,1182,32.828099,-105.974799,0.008,0,desert cull (greenness below threshold)
C000382,1183,32.827438,-105.974912,0.007,0,desert cull (greenness below threshold)
C000383,1190,32.826092,-105.978251,0.009,0,desert cull (greenness below threshold)
C000384,1195,32.824111,-105.975470,0.008,0,desert cull (greenness below threshold)
C000385,1201,32.820839,-105.976010,0.007,0,desert cull (greenness below threshold)
C000386,1202,32.820162,-105.976127,0.008,0,desert cull (greenness below threshold)
C000387,1206,32.817543,-105.976568,0.007,0,desert cull (greenness below threshold)
C000388,1208,32.816126,-105.976805,0.008,0,desert cull (greenness below threshold)
C000389,1211,32.814251,-105.977117,0.006,0,desert cull (greenness below threshold)
C000390,1215,32.812927,-105.977338,0.006,0,desert cull (greenness below threshold)
C000391,1220,32.810945,-105.977668,0.004,0,desert cull (greenness below threshold)
C000392,1224,32.808969,-105.977998,0.004,0,desert cull (greenness below threshold)
C000393,1228,32.807585,-105.978230,0.004,0,desert cull (greenness below threshold)
C000394,1233,32.804985,-105.978644,0.007,0,desert cull (greenness below threshold)
C000395,1234,32.804294,-105.978766,0.007,0,desert cull (greenness below threshold)
C000396,1241,32.801515,-105.979224,0.005,0,desert cull (greenness below threshold)
C000397,1242,32.800840,-105.979337,0.006,0,desert cull (greenness below threshold)
C000398,1246,32.797526,-105.979889,0.007,0,desert cull (greenness below threshold)
C000399,1250,32.793885,-105.980494,0.010,0,desert cull (greenness below threshold)
C000400,1253,32.789925,-105.981164,0.010,0,desert cull (greenness below threshold)
C000401,1255,32.787257,-105.981600,0.010,0,desert cull (greenness below threshold)
C000402,1256,32.786264,-105.981769,0.010,0,desert cull (greenness below threshold)
C000403,1260,32.783253,-105.982270,0.010,0,desert cull (greenness below threshold)
C000404,1261,32.781957,-105.982482,0.010,0,desert cull (greenness below threshold)
C000405,1262,32.780975,-105.982650,0.009,0,desert cull (greenness below threshold)
C000406,1264,32.778910,-105.982993,0.009,0,desert cull (greenness below threshold)
C000407,1266,32.777373,-105.983235,0.009,0,desert cull (greenness below threshold)
C000408,1269,32.773916,-105.983947,0.010,0,desert cull (greenness below threshold)
C000409,1272,32.771287,-105.984285,0.008,0,desert cull (greenness below threshold)
C000410,1273,32.769956,-105.984500,0.008,0,desert cull (greenness below threshold)
C000411,1276,32.767422,-105.984922,0.008,0,desert cull (greenness below threshold)
C000412,1279,32.763757,-105.985456,0.011,0,desert cull (greenness below threshold)
C000413,1281,32.761111,-105.985959,0.012,0,desert cull (greenness below threshold)
C000414,1284,32.759759,-105.986196,0.011,0,desert cull (greenness below threshold)
C000415,1286,32.757382,-105.986652,0.011,0,desert cull (greenness below threshold)
C000416,1287,32.756059,-105.986943,0.010,0,desert cull (greenness below threshold)
C000417,1288,32.754733,-105.987236,0.011,0,desert cull (greenness below threshold)
C000418,1290,32.752124,-105.987802,0.011,0,desert cull (greenness below threshold)
C000419,1291,32.750813,-105.988105,0.011,0,desert cull (greenness below threshold)
C000420,1293,32.748305,-105.988661,0.011,0,desert cull (greenness below threshold)
C000421,1307,32.846924,-105.970125,0.008,0,desert cull (greenness below threshold)
C000422,1329,32.823943,-105.973958,0.008,0,desert cull (greenness below threshold)
C000423,1355,32.797069,-105.978457,0.009,0,desert cull (greenness below threshold)
C000424,1358,32.793931,-105.978982,0.010,0,desert cull (greenness below threshold)
C000425,1376,32.774202,-105.982262,0.011,0,desert cull (greenness below threshold)
C000426,1400,32.748520,-105.986549,0.012,0,desert cull (greenness below threshold)
C000427,1404,32.744488,-105.987255,0.009,0,desert cull (greenness below threshold)
C000428,1406,32.743701,-105.988450,0.007,0,desert cull (greenness below threshold)
C000429,1412,32.740813,-105.990270,0.010,0,desert cull (greenness below threshold)
C000430,1414,32.738203,-105.990840,0.011,0,desert cull (greenness below threshold)
C000431,1415,32.736895,-105.991160,0.011,0,desert cull (greenness below threshold)
C000432,1416,32.735645,-105.991519,0.011,0,desert cull (greenness below threshold)
C000433,1418,32.733194,-105.991960,0.011,0,desert cull (greenness below threshold)
C000434,1419,32.731887,-105.992261,0.011,0,desert cull (greenness below threshold)
C000435,1421,32.729234,-105.992703,0.011,0,desert cull (greenness below threshold)
C000436,1422,32.727906,-105.992917,0.011,0,desert cull (greenness below threshold)
C000437,1424,32.725260,-105.993370,0.011,0,desert cull (greenness below threshold)
C000438,1427,32.721289,-105.994041,0.010,0,desert cull (greenness below threshold)
C000439,1430,32.718868,-105.994449,0.010,0,desert cull (greenness below threshold)
C000440,1431,32.717750,-105.994635,0.010,0,desert cull (greenness below threshold)
C000441,1433,32.715102,-105.995070,0.011,0,desert cull (greenness below threshold)
C000442,1434,32.713776,-105.995295,0.011,0,desert cull (greenness below threshold)
C000443,1435,32.712449,-105.995517,0.012,0,desert cull (greenness below threshold)
C000444,1437,32.709805,-105.995976,0.012,0,desert cull (greenness below threshold)
C000445,1438,32.708480,-105.996195,0.012,0,desert cull (greenness below threshold)
C000446,1440,32.705831,-105.996633,0.011,0,desert cull (greenness below threshold)
C000447,1442,32.703208,-105.997086,0.011,0,desert cull (greenness below threshold)
C000448,1443,32.701894,-105.997314,0.011,0,desert cull (greenness below threshold)
C000449,1445,32.699201,-105.997725,0.011,0,desert cull (greenness below threshold)
C000450,1448,32.695274,-105.998429,0.012,0,desert cull (greenness below threshold)
C000451,1450,32.692624,-105.998867,0.011,0,desert cull (greenness below threshold)
C000452,1451,32.691303,-105.999091,0.012,0,desert cull (greenness below threshold)
C000453,1453,32.688647,-105.999538,0.012,0,desert cull (greenness below threshold)
C000454,1454,32.687320,-105.999759,0.011,0,desert cull (greenness below threshold)
C000455,1455,32.685997,-105.999982,0.011,0,desert cull (greenness below threshold)
C000456,1457,32.683347,-106.000424,0.011,0,desert cull (greenness below threshold)
C000457,1458,32.682023,-106.000644,0.011,0,desert cull (greenness below threshold)
C000458,1460,32.679365,-106.001086,0.012,0,desert cull (greenness below threshold)
C000459,1462,32.676715,-106.001531,0.012,0,desert cull (greenness below threshold)
C000460,1463,32.675390,-106.001754,0.012,0,desert cull (greenness below threshold)
C000461,1465,32.672740,-106.002187,0.012,0,desert cull (greenness below threshold)
C000462,1468,32.668932,-106.002835,0.011,0,desert cull (greenness below threshold)
C000463,1471,32.664961,-106.003482,0.011,0,desert cull (greenness below threshold)
C000464,1473,32.662311,-106.003942,0.011,0,desert cull (greenness below threshold)
C000465,1474,32.660985,-106.004160,0.011,0,desert cull (greenness below threshold)
C000466,1476,32.658329,-106.004592,0.011,0,desert cull (greenness below threshold)
C000467,1477,32.657001,-106.004816,0.012,0,desert cull (greenness below threshold)
C000468,1478,32.655674,-106.005035,0.012,0,desert cull (greenness below threshold)
C000469,1480,32.653266,-106.005451,0.010,0,desert cull (greenness below threshold)
C000470,1481,32.651946,-106.005675,0.009,0,desert cull (greenness below threshold)
C000471,1483,32.649293,-106.006104,0.009,0,desert cull (greenness below threshold)
C000472,1486,32.645549,-106.006741,0.009,0,desert cull (greenness below threshold)
C000473,1489,32.641787,-106.007364,0.010,0,desert cull (greenness below threshold)
C000474,1491,32.639491,-106.007746,0.010,0,desert cull (greenness below threshold)
C000475,1492,32.638164,-106.007964,0.011,0,desert cull (greenness below threshold)
C000476,1494,32.635512,-106.008408,0.011,0,desert cull (greenness below threshold)
C000477,1495,32.634185,-106.008641,0.012,0,desert cull (greenness below threshold)
C000478,1496,32.632863,-106.008848,0.012,0,desert cull (greenness below threshold)
C000479,1498,32.630184,-106.009297,0.012,0,desert cull (greenness below threshold)
C000480,1499,32.628889,-106.009512,0.012,0,desert cull (greenness below threshold)
C000481,1500,32.627564,-106.009732,0.012,0,desert cull (greenness below threshold)
C000482,1501,32.626236,-106.009955,0.012,0,desert cull (greenness below threshold)
C000483,1503,32.623575,-106.010398,0.012,0,desert cull (greenness below threshold)
C000484,1504,32.622248,-106.010621,0.012,0,desert cull (greenness below threshold)
C000485,1506,32.619572,-106.011066,0.012,0,desert cull (greenness below threshold)
C000486,1509,32.615934,-106.011672,0.012,0,desert cull (greenness below threshold)
C000487,1512,32.612005,-106.012329,0.012,0,desert cull (greenness below threshold)
C000488,1514,32.609585,-106.012733,0.012,0,desert cull (greenness below threshold)
C000489,1515,32.608272,-106.012954,0.012,0,desert cull (greenness below threshold)
C000490,1517,32.605851,-106.013355,0.012,0,desert cull (greenness below threshold)
C000491,1518,32.604764,-106.013536,0.012,0,desert cull (greenness below threshold)
C000492,1520,32.602024,-106.013992,0.012,0,desert cull (greenness below threshold)
C000493,1522,32.600064,-106.014318,0.012,0,desert cull (greenness below threshold)
C000494,1523,32.598894,-106.014515,0.012,0,desert cull (greenness below threshold)
C000495,1525,32.596488,-106.014916,0.012,0,desert cull (greenness below threshold)
C000496,1526,32.595375,-106.015102,0.012,0,desert cull (greenness below threshold)
C000497,1528,32.592764,-106.015537,0.012,0,desert cull (greenness below threshold)
C000498,1531,32.588923,-106.016175,0.012,0,desert cull (greenness below threshold)
C000499,1534,32.585249,-106.016787,0.012,0,desert cull (greenness below threshold)
C000500,1536,32.582945,-106.017171,0.011,0,desert cull (greenness below threshold)
C000501,1537,32.581585,-106.017400,0.011,0,desert cull (greenness below threshold)
C000502,1539,32.578988,-106.017842,0.012,0,desert cull (greenness below threshold)
C000503,1540,32.577671,-106.018053,0.012,0,desert cull (greenness below threshold)
C000504,1542,32.575233,-106.018458,0.012,0,desert cull (greenness below threshold)
C000505,1543,32.574005,-106.018665,0.012,0,desert cull (greenness below threshold)
C000506,1544,32.572871,-106.018853,0.012,0,desert cull (greenness below threshold)
C000507,1546,32.570336,-106.019278,0.012,0,desert cull (greenness below threshold)
C000508,1547,32.569030,-106.019495,0.012,0,desert cull (greenness below threshold)
C000509,1549,32.566350,-106.019940,0.012,0,desert cull (greenness below threshold)
C000510,1558,32.743579,-105.982483,0.007,0,desert cull (greenness below threshold)
C000511,1562,32.747993,-105.982490,0.014,0,desert cull (greenness below threshold)
C000512,1565,32.751655,-105.982499,0.009,0,desert cull (greenness below threshold)
C000513,1569,32.754626,-105.982516,0.008,0,desert cull (greenness below threshold)
C000514,1574,32.758299,-105.982097,0.009,0,desert cull (greenness below threshold)
C000515,1578,32.760240,-105.979121,0.008,0,desert cull (greenness below threshold)
C000516,1582,32.760242,-105.974808,0.007,0,desert cull (greenness below threshold)
C000517,1586,32.758908,-105.971234,0.010,0,desert cull (greenness below threshold)
C000518,1590,32.757616,-105.967419,0.011,0,desert cull (greenness below threshold)
C000519,1592,32.760621,-105.971224,0.010,0,desert cull (greenness below threshold)
C000520,1604,32.800731,-105.974429,0.008,0,desert cull (greenness below threshold)
C000521,1608,32.799727,-105.968224,0.011,0,desert cull (greenness below threshold)
C000522,1612,32.798860,-105.962966,0.009,0,desert cull (greenness below threshold)
C000523,1616,32.800797,-105.960695,0.010,0,desert cull (greenness below threshold)
C000524,1617,32.801785,-105.960701,0.010,0,desert cull (greenness below threshold)
C000525,1624,32.797777,-105.956360,0.008,0,desert cull (greenness below threshold)
C000526,1628,32.796917,-105.951400,0.011,0,desert cull (greenness below threshold)
C000527,1632,32.793552,-105.948178,0.010,0,desert cull (greenness below threshold)
C000528,1635,32.789617,-105.947942,0.011,0,desert cull (greenness below threshold)
C000529,1638,32.786136,-105.947749,0.009,0,desert cull (greenness below threshold)
C000530,1639,32.785049,-105.947699,0.009,0,desert cull (greenness below threshold)
C000531,1642,32.782575,-105.947591,0.009,0,desert cull (greenness below threshold)
C000532,1643,32.781374,-105.947550,0.011,0,desert cull (greenness below threshold)
C000533,1646,32.777933,-105.947423,0.011,0,desert cull (greenness below threshold)
C000534,1649,32.775004,-105.947313,0.012,0,desert cull (greenness below threshold)
C000535,1650,32.773561,-105.947270,0.012,0,desert cull (greenness below threshold)
C000536,1652,32.771106,-105.947177,0.012,0,desert cull (greenness below threshold)
C000537,1655,32.780242,-105.950495,0.010,0,desert cull (greenness below threshold)
C000538,1659,32.795899,-105.945503,0.008,0,desert cull (greenness below threshold)
C000539,1662,32.793726,-105.942227,0.009,0,desert cull (greenness below threshold)
C000540,1673,32.824236,-105.969819,0.009,0,desert cull (greenness below threshold)
C000541,1676,32.824252,-105.966394,0.011,0,desert cull (greenness below threshold)
C000542,1680,32.825359,-105.962824,0.009,0,desert cull (greenness below threshold)
C000543,1688,32.828011,-105.969807,0.007,0,desert cull (greenness below threshold)
C000544,1698,32.829058,-105.962828,0.007,0,desert cull (greenness below threshold)
C000545,1705,32.853574,-105.965131,0.011,0,desert cull (greenness below threshold)
C000546,1707,32.908265,-105.978899,0.007,0,desert cull (greenness below threshold)
C000547,1712,32.910089,-105.983819,0.007,0,desert cull (greenness below threshold)
C000548,1716,32.910051,-105.988111,0.008,0,desert cull (greenness below threshold)
C000549,1720,32.910124,-105.992921,0.009,0,desert cull (greenness below threshold)
C000550,1724,32.910077,-105.997914,0.009,0,desert cull (greenness below threshold)
C000551,1726,32.912202,-105.997951,0.010,0,desert cull (greenness below threshold)
C000552,1733,32.918526,-105.997995,0.008,0,desert cull (greenness below threshold)
C000553,1734,32.919654,-105.997998,0.009,0,desert cull (greenness below threshold)
C000554,1737,32.923037,-105.997992,0.009,0,desert cull (greenness below threshold)
C000555,1740,32.926414,-105.997963,0.008,0,desert cull (greenness below threshold)
C000556,1741,32.927535,-105.997953,0.009,0,desert cull (greenness below threshold)
C000557,1743,32.929789,-105.997946,0.009,0,desert cull (greenness below threshold)
C000558,1744,32.930922,-105.997928,0.010,0,desert cull (greenness below threshold)
C000559,1748,32.934311,-105.997919,0.011,0,desert cull (greenness below threshold)
C000560,1751,32.937688,-105.997910,0.009,0,desert cull (greenness below threshold)
C000561,1752,32.938813,-105.997911,0.008,0,desert cull (greenness below threshold)
C000562,1754,32.941072,-105.997896,0.010,0,desert cull (greenness below threshold)
C000563,1755,32.942197,-105.997897,0.010,0,desert cull (greenness below threshold)
C000564,1758,32.945030,-105.997885,0.009,0,desert cull (greenness below threshold)
C000565,1759,32.945961,-105.997881,0.009,0,desert cull (greenness below threshold)
C000566,1762,32.949073,-105.997743,0.010,0,desert cull (greenness below threshold)
C000567,1763,32.950195,-105.997721,0.009,0,desert cull (greenness below threshold)
C000568,1765,32.952465,-105.997696,0.010,0,desert cull (greenness below threshold)
C000569,1766,32.953275,-105.997689,0.009,0,desert cull (greenness below threshold)
C000570,1770,32.954074,-105.994556,0.009,0,desert cull (greenness below threshold)
C000571,1774,32.957060,-105.993064,0.007,0,desert cull (greenness below threshold)
C000572,1777,32.960016,-105.992560,0.007,0,desert cull (greenness below threshold)
C000573,1778,32.960931,-105.992561,0.008,0,desert cull (greenness below threshold)
C000574,1781,32.963694,-105.992562,0.006,0,desert cull (greenness below threshold)
C000575,1783,32.964777,-105.992555,0.005,0,desert cull (greenness below threshold)
C000576,1786,32.967362,-105.992589,0.009,0,desert cull (greenness below threshold)
C000577,1788,32.968454,-105.992608,0.009,0,desert cull (greenness below threshold)
C000578,1790,32.970661,-105.992608,0.008,0,desert cull (greenness below threshold)
C000579,1795,32.969144,-105.995978,0.007,0,desert cull (greenness below threshold)
C000580,1797,32.972071,-105.992550,0.008,0,desert cull (greenness below threshold)
C000581,1799,32.974497,-105.992550,0.008,0,desert cull (greenness below threshold)
C000582,1801,32.976991,-105.992526,0.007,0,desert cull (greenness below threshold)
C000583,1802,32.978339,-105.992585,0.008,0,desert cull (greenness below threshold)
C000584,1804,32.980211,-105.992587,0.008,0,desert cull (greenness below threshold)
C000585,1806,32.982039,-105.992591,0.008,0,desert cull (greenness below threshold)
C000586,1808,32.983433,-105.992924,0.007,0,desert cull (greenness below threshold)
C000587,1812,32.987108,-105.994830,0.005,0,desert cull (greenness below threshold)
C000588,1813,32.988057,-105.995312,0.006,0,desert cull (greenness below threshold)
C000589,1817,32.991018,-105.996836,0.008,0,desert cull (greenness below threshold)
C000590,1820,32.994044,-105.998395,0.010,0,desert cull (greenness below threshold)
C000591,1821,32.995056,-105.998916,0.009,0,desert cull (greenness below threshold)
C000592,1825,32.998716,-106.000788,0.009,0,desert cull (greenness below threshold)
C000593,1827,33.000758,-106.001849,0.010,0,desert cull (greenness below threshold)
C000594,1829,33.002927,-106.002962,0.010,0,desert cull (greenness below threshold)
C000595,1832,33.003878,-106.006041,0.010,0,desert cull (greenness below threshold)
C000596,1836,33.003864,-106.010620,0.007,0,desert cull (greenness below threshold)
C000597,1841,33.003861,-106.014961,0.007,0,desert cull (greenness below threshold)
C000598,1845,33.003860,-106.019709,0.011,0,desert cull (greenness below threshold)
C000599,1849,33.003861,-106.024911,0.008,0,desert cull (greenness below threshold)
C000600,1857,33.007041,-106.027799,0.008,0,desert cull (greenness below threshold)
C000601,1858,33.008594,-106.027797,0.010,0,desert cull (greenness below threshold)
C000602,1859,33.010182,-106.027800,0.010,0,desert cull (greenness below threshold)
C000603,1860,33.011017,-106.027796,0.010,0,desert cull (greenness below threshold)
C000604,1863,33.014849,-106.027814,0.008,0,desert cull (greenness below threshold)
C000605,1866,33.017306,-106.027809,0.007,0,desert cull (greenness below threshold)
C000606,1868,33.019717,-106.027821,0.008,0,desert cull (greenness below threshold)
C000607,1869,33.021308,-106.027834,0.008,0,desert cull (greenness below threshold)
C000608,1870,33.022877,-106.027836,0.007,0,desert cull (greenness below threshold)
C000609,1873,33.025619,-106.027846,0.008,0,desert cull (greenness below threshold)
C000610,1875,33.025615,-106.027073,0.008,0,desert cull (greenness below threshold)
C000611,1880,33.025630,-106.021468,0.010,0,desert cull (greenness below threshold)
C000612,1883,33.024366,-106.019336,0.010,0,desert cull (greenness below threshold)
C000613,1887,33.025650,-106.018293,0.010,0,desert cull (greenness below threshold)
C000614,1892,33.027359,-106.015877,0.007,0,desert cull (greenness below threshold)
C000615,1900,33.028704,-106.027848,0.009,0,desert cull (greenness below threshold)
C000616,1901,33.030279,-106.027847,0.010,0,desert cull (greenness below threshold)
C000617,1904,33.032947,-106.027867,0.008,0,desert cull (greenness below threshold)
C000618,1905,33.033880,-106.027867,0.009,0,desert cull (greenness below threshold)
C000619,1908,33.036591,-106.027888,0.007,0,desert cull (greenness below threshold)
C000620,1909,33.037895,-106.027887,0.018,0,desert cull (greenness below threshold)
C000621,1912,33.040228,-106.027882,0.020,0,desert cull (greenness below threshold)
C000622,1914,33.042075,-106.027886,0.017,0,desert cull (greenness below threshold)
C000623,1916,33.044621,-106.027898,0.018,0,desert cull (greenness below threshold)
C000624,1917,33.045226,-106.027902,0.023,0,desert cull (greenness below threshold)
C000625,1921,33.048915,-106.027908,0.013,0,desert cull (greenness below threshold)
C000626,1923,33.051397,-106.027919,0.011,0,desert cull (greenness below threshold)
C000627,1926,33.053687,-106.029109,0.009,0,desert cull (greenness below threshold)
C000628,1928,33.055884,-106.030266,0.008,0,desert cull (greenness below threshold)
C000629,1938,33.047472,-106.036641,0.019,0,desert cull (greenness below threshold)
C000630,1942,33.047460,-106.040142,0.016,0,desert cull (greenness below threshold)
C000631,1946,33.047466,-106.045382,0.008,0,desert cull (greenness below threshold)
C000632,1952,33.047732,-106.049339,0.008,0,desert cull (greenness below threshold)
C000633,1954,33.047515,-106.050952,0.007,0,desert cull (greenness below threshold)
C000634,1957,33.047516,-106.054405,0.006,0,desert cull (greenness below threshold)
C000635,1958,33.048692,-106.054403,0.007,0,desert cull (greenness below threshold)
C000636,1965,33.047541,-106.059113,0.010,0,desert cull (greenness below threshold)
C000637,1970,33.043491,-106.054387,0.008,0,desert cull (greenness below threshold)
C000638,1973,33.048669,-106.045523,0.008,0,desert cull (greenness below threshold)
C000639,1977,33.051821,-106.045671,0.009,0,desert cull (greenness below threshold)
C000640,1978,33.053398,-106.045751,0.007,0,desert cull (greenness below threshold)
C000641,1981,33.056593,-106.045911,0.007,0,desert cull (greenness below threshold)
C000642,1984,33.059550,-106.045818,0.007,0,desert cull (greenness below threshold)
C000643,1985,33.060064,-106.045754,0.007,0,desert cull (greenness below threshold)
C000644,1989,33.063589,-106.045307,0.008,0,desert cull (greenness below threshold)
C000645,1993,33.066745,-106.045338,0.006,0,desert cull (greenness below threshold)
C000646,1994,33.067603,-106.045344,0.008,0,desert cull (greenness below threshold)
C000647,2004,33.069637,-106.053767,0.008,0,desert cull (greenness below threshold)
C000648,2010,33.066345,-106.053763,0.005,0,desert cull (greenness below threshold)
C000649,2011,33.065378,-106.053753,0.006,0,desert cull (greenness below threshold)
C000650,2015,33.070708,-106.053787,0.008,0,desert cull (greenness below threshold)
C000651,2020,33.071002,-106.045360,0.008,0,desert cull (greenness below threshold)
C000652,2025,33.074928,-106.045394,0.006,0,desert cull (greenness below threshold)
C000653,2027,33.047746,-106.036658,0.019,0,desert cull (greenness below threshold)
C000654,2028,33.048609,-106.036712,0.007,0,desert cull (greenness below threshold)
C000655,2032,33.052161,-106.036940,0.007,0,desert cull (greenness below threshold)
C000656,2033,33.053365,-106.036972,0.006,0,desert cull (greenness below threshold)
C000657,2041,33.043738,-106.036563,0.022,0,desert cull (greenness below threshold)
C000658,2047,33.003539,-106.029043,0.006,0,desert cull (greenness below threshold)
C000659,2050,33.003550,-106.032647,0.009,0,desert cull (greenness below threshold)
C000660,2055,33.003552,-106.037371,0.010,0,desert cull (greenness below threshold)
C000661,2059,33.003564,-106.041924,0.009,0,desert cull (greenness below threshold)
C000662,2065,33.006739,-106.045333,0.011,0,desert cull (greenness below threshold)
C000663,2066,33.007781,-106.045331,0.011,0,desert cull (greenness below threshold)
C000664,2068,33.009848,-106.045326,0.010,0,desert cull (greenness below threshold)
C000665,2069,33.010914,-106.045346,0.011,0,desert cull (greenness below threshold)
C000666,2072,33.014041,-106.045425,0.011,0,desert cull (greenness below threshold)
C000667,2073,33.015083,-106.045422,0.011,0,desert cull (greenness below threshold)
C000668,2076,33.018213,-106.045437,0.011,0,desert cull (greenness below threshold)
C000669,2079,33.021333,-106.045472,0.011,0,desert cull (greenness below threshold)
C000670,2080,33.022380,-106.045470,0.011,0,desert cull (greenness below threshold)
C000671,2083,33.025482,-106.045477,0.010,0,desert cull (greenness below threshold)
C000672,2087,33.025487,-106.050267,0.011,0,desert cull (greenness below threshold)
C000673,2091,33.025495,-106.055057,0.011,0,desert cull (greenness below threshold)
C000674,2095,33.025502,-106.059847,0.011,0,desert cull (greenness below threshold)
C000675,2098,33.025508,-106.063439,0.011,0,desert cull (greenness below threshold)
C000676,2102,33.025515,-106.068219,0.010,0,desert cull (greenness below threshold)
C000677,2106,33.025513,-106.072989,0.010,0,desert cull (greenness below threshold)
C000678,2110,33.025447,-106.077739,0.009,0,desert cull (greenness below threshold)
C000679,2117,33.029474,-106.080330,0.008,0,desert cull (greenness below threshold)
C000680,2120,33.032346,-106.080324,0.010,0,desert cull (greenness below threshold)
C000681,2121,33.033299,-106.080382,0.010,0,desert cull (greenness below threshold)
C000682,2124,33.036179,-106.080396,0.009,0,desert cull (greenness below threshold)
C000683,2125,33.037138,-106.080394,0.009,0,desert cull (greenness below threshold)
C000684,2128,33.040021,-106.080428,0.008,0,desert cull (greenness below threshold)
C000685,2132,33.043869,-106.080480,0.009,0,desert cull (greenness below threshold)
C000686,2136,33.047684,-106.080531,0.008,0,desert cull (greenness below threshold)
C000687,2140,33.051629,-106.080512,0.011,0,desert cull (greenness below threshold)
C000688,2144,33.055556,-106.080504,0.010,0,desert cull (greenness below threshold)
C000689,2147,33.058497,-106.080499,0.010,0,desert cull (greenness below threshold)
C000690,2148,33.059481,-106.080497,0.010,0,desert cull (greenness below threshold)
C000691,2151,33.062411,-106.080491,0.009,0,desert cull (greenness below threshold)
C000692,2152,33.063370,-106.080469,0.009,0,desert cull (greenness below threshold)
C000693,2155,33.066255,-106.080364,0.009,0,desert cull (greenness below threshold)
C000694,2156,33.067211,-106.080343,0.009,0,desert cull (greenness below threshold)
C000695,2159,33.070085,-106.080238,0.009,0,desert cull (greenness below threshold)
C000696,2160,33.071044,-106.080216,0.010,0,desert cull (greenness below threshold)
C000697,2163,33.073937,-106.080131,0.007,0,desert cull (greenness below threshold)
C000698,2164,33.074895,-106.080089,0.007,0,desert cull (greenness below threshold)
C000699,2173,33.077003,-106.085255,0.008,0,desert cull (greenness below threshold)
C000700,2177,33.077060,-106.089352,0.009,0,desert cull (greenness below threshold)
C000701,2181,33.077150,-106.095197,0.010,0,desert cull (greenness below threshold)
C000702,2184,33.077172,-106.099581,0.010,0,desert cull (greenness below threshold)
C000703,2187,33.077180,-106.103988,0.010,0,desert cull (greenness below threshold)
C000704,2190,33.077182,-106.108395,0.010,0,desert cull (greenness below threshold)
C000705,2193,33.077196,-106.112792,0.009,0,desert cull (greenness below threshold)
C000706,2197,33.077261,-106.118084,0.009,0,desert cull (greenness below threshold)
C000707,2201,33.077301,-106.122469,0.009,0,desert cull (greenness below threshold)
C000708,2204,33.077332,-106.126474,0.009,0,desert cull (greenness below threshold)
C000709,2207,33.077370,-106.130512,0.007,0,desert cull (greenness below threshold)
C000710,2211,33.076785,-106.078853,0.006,0,desert cull (greenness below threshold)
C000711,2216,33.076697,-106.074861,0.006,0,desert cull (greenness below threshold)
C000712,2222,33.076670,-106.070398,0.008,0,desert cull (greenness below threshold)
C000713,2227,33.076652,-106.065925,0.008,0,desert cull (greenness below threshold)
C000714,2235,33.073600,-106.062348,0.009,0,desert cull (greenness below threshold)
C000715,2236,33.072160,-106.062339,0.011,0,desert cull (greenness below threshold)
C000716,2238,33.069462,-106.062318,0.008,0,desert cull (greenness below threshold)
C000717,2243,33.066163,-106.062291,0.007,0,desert cull (greenness below threshold)
C000718,2244,33.065826,-106.062288,0.007,0,desert cull (greenness below threshold)
C000719,2248,33.062118,-106.062262,0.008,0,desert cull (greenness below threshold)
C000720,2249,33.062113,-106.063140,0.010,0,desert cull (greenness below threshold)
C000721,2253,33.062103,-106.067024,0.008,0,desert cull (greenness below threshold)
C000722,2255,33.062895,-106.067089,0.008,0,desert cull (greenness below threshold)
C000723,2260,33.066516,-106.067381,0.006,0,desert cull (greenness below threshold)
C000724,2266,33.062082,-106.071619,0.008,0,desert cull (greenness below threshold)
C000725,2271,33.058450,-106.063129,0.009,0,desert cull (greenness below threshold)
C000726,2279,33.054894,-106.063113,0.007,0,desert cull (greenness below threshold)
C000727,2286,33.076621,-106.061392,0.007,0,desert cull (greenness below threshold)
C000728,2291,33.076601,-106.057084,0.008,0,desert cull (greenness below threshold)
C000729,2295,33.076577,-106.052480,0.007,0,desert cull (greenness below threshold)
C000730,2308,33.078574,-106.045289,0.006,0,desert cull (greenness below threshold)
C000731,2312,33.082278,-106.045235,0.006,0,desert cull (greenness below threshold)
C000732,2317,33.083201,-106.048096,0.008,0,desert cull (greenness below threshold)
C000733,2322,33.083863,-106.052512,0.008,0,desert cull (greenness below threshold)
C000734,2333,33.085819,-106.045362,0.005,0,desert cull (greenness below threshold)
C000735,2341,33.089401,-106.045174,0.005,0,desert cull (greenness below threshold)
C000736,2348,33.091704,-106.048605,0.008,0,desert cull (greenness below threshold)
C000737,2352,33.091781,-106.053774,0.009,0,desert cull (greenness below threshold)
C000738,2355,33.091632,-106.058183,0.008,0,desert cull (greenness below threshold)
C000739,2359,33.091660,-106.062528,0.008,0,desert cull (greenness below threshold)
C000740,2361,33.093041,-106.062493,0.008,0,desert cull (greenness below threshold)
C000741,2365,33.096454,-106.062422,0.008,0,desert cull (greenness below threshold)
C000742,2366,33.097613,-106.062411,0.007,0,desert cull (greenness below threshold)
C000743,2370,33.091695,-106.066740,0.008,0,desert cull (greenness below threshold)
C000744,2374,33.091721,-106.071084,0.005,0,desert cull (greenness below threshold)
C000745,2380,33.091692,-106.076176,0.006,0,desert cull (greenness below threshold)
C000746,2385,33.093674,-106.077466,0.005,0,desert cull (greenness below threshold)
C000747,2386,33.093660,-106.078482,0.007,0,desert cull (greenness below threshold)
C000748,2395,33.097125,-106.079587,0.005,0,desert cull (greenness below threshold)
C000749,2411,33.092696,-106.044619,0.007,0,desert cull (greenness below threshold)
C000750,2412,33.093736,-106.044592,0.007,0,desert cull (greenness below threshold)
C000751,2419,33.096911,-106.047246,0.008,0,desert cull (greenness below threshold)
C000752,2421,33.098666,-106.047232,0.006,0,desert cull (greenness below threshold)
C000753,2426,33.100421,-106.045134,0.007,0,desert cull (greenness below threshold)
C000754,2432,33.101378,-106.045135,0.006,0,desert cull (greenness below threshold)
C000755,2435,33.104170,-106.045098,0.009,0,desert cull (greenness below threshold)
C000756,2436,33.105074,-106.045068,0.008,0,desert cull (greenness below threshold)
C000757,2441,33.108037,-106.045293,0.009,0,desert cull (greenness below threshold)
C000758,2442,33.109136,-106.045323,0.010,0,desert cull (greenness below threshold)
C000759,2445,33.112434,-106.045383,0.008,0,desert cull (greenness below threshold)
C000760,2450,33.115732,-106.045439,0.009,0,desert cull (greenness below threshold)
C000761,2454,33.120157,-106.045520,0.008,0,desert cull (greenness below threshold)
C000762,2459,33.122518,-106.044270,0.008,0,desert cull (greenness below threshold)
C000763,2460,33.123828,-106.044536,0.009,0,desert cull (greenness below threshold)
C000764,2462,33.126472,-106.045014,0.009,0,desert cull (greenness below threshold)
C000765,2463,33.127832,-106.045275,0.010,0,desert cull (greenness below threshold)
C000766,2466,33.131946,-106.046070,0.009,0,desert cull (greenness below threshold)
C000767,2469,33.135675,-106.046464,0.008,0,desert cull (greenness below threshold)
C000768,2472,33.139658,-106.047053,0.009,0,desert cull (greenness below threshold)
C000769,2474,33.142295,-106.047487,0.010,0,desert cull (greenness below threshold)
C000770,2475,33.143632,-106.047700,0.010,0,desert cull (greenness below threshold)
C000771,2477,33.146149,-106.048128,0.009,0,desert cull (greenness below threshold)
C000772,2479,33.148808,-106.048565,0.008,0,desert cull (greenness below threshold)
C000773,2481,33.150125,-106.048792,0.008,0,desert cull (greenness below threshold)
C000774,2483,33.152772,-106.049232,0.009,0,desert cull (greenness below threshold)
C000775,2484,33.154101,-106.049449,0.009,0,desert cull (greenness below threshold)
C000776,2487,33.157248,-106.049983,0.008,0,desert cull (greenness below threshold)
C000777,2488,33.158068,-106.050115,0.009,0,desert cull (greenness below threshold)
C000778,2491,33.162054,-106.050788,0.009,0,desert cull (greenness below threshold)
C000779,2494,33.165850,-106.051409,0.010,0,desert cull (greenness below threshold)
C000780,2497,33.169993,-106.052103,0.009,0,desert cull (greenness below threshold)
C000781,2499,33.172517,-106.052531,0.010,0,desert cull (greenness below threshold)
C000782,2501,33.175153,-106.052972,0.009,0,desert cull (greenness below threshold)
C000783,2502,33.176297,-106.053163,0.008,0,desert cull (greenness below threshold)
C000784,2504,33.178679,-106.053566,0.010,0,desert cull (greenness below threshold)
C000785,2506,33.180230,-106.053822,0.010,0,desert cull (greenness below threshold)
C000786,2508,33.182886,-106.054261,0.011,0,desert cull (greenness below threshold)
C000787,2509,33.184205,-106.054483,0.009,0,desert cull (greenness below threshold)
C000788,2512,33.188028,-106.055118,0.009,0,desert cull (greenness below threshold)
C000789,2515,33.191671,-106.055722,0.009,0,desert cull (greenness below threshold)
C000790,2518,33.195494,-106.056363,0.010,0,desert cull (greenness below threshold)
C000791,2519,33.196834,-106.056585,0.010,0,desert cull (greenness below threshold)
C000792,2521,33.199356,-106.057008,0.010,0,desert cull (greenness below threshold)
C000793,2522,33.200437,-106.057198,0.010,0,desert cull (greenness below threshold)
C000794,2524,33.202773,-106.057582,0.010,0,desert cull (greenness below threshold)
C000795,2526,33.205315,-106.058007,0.010,0,desert cull (greenness below threshold)
C000796,2527,33.206621,-106.058226,0.010,0,desert cull (greenness below threshold)
C000797,2529,33.209237,-106.058659,0.009,0,desert cull (greenness below threshold)
C000798,2530,33.210543,-106.058878,0.009,0,desert cull (greenness below threshold)
C000799,2533,33.210888,-106.056737,0.009,0,desert cull (greenness below threshold)
C000800,2538,33.211172,-106.052038,0.007,0,desert cull (greenness below threshold)
C000801,2542,33.210963,-106.047584,0.009,0,desert cull (greenness below threshold)
C000802,2547,33.210699,-106.042012,0.009,0,desert cull (greenness below threshold)
C000803,2555,33.214249,-106.059503,0.010,0,desert cull (greenness below threshold)
C000804,2558,33.218208,-106.060162,0.009,0,desert cull (greenness below threshold)
C000805,2561,33.222164,-106.060824,0.009,0,desert cull (greenness below threshold)
C000806,2564,33.226082,-106.061461,0.010,0,desert cull (greenness below threshold)
C000807,2567,33.230100,-106.062142,0.010,0,desert cull (greenness below threshold)
C000808,2568,33.231395,-106.062355,0.010,0,desert cull (greenness below threshold)
C000809,2570,33.234035,-106.062797,0.009,0,desert cull (greenness below threshold)
C000810,2571,33.235234,-106.062998,0.010,0,desert cull (greenness below threshold)
C000811,2573,33.237890,-106.063439,0.009,0,desert cull (greenness below threshold)
C000812,2574,33.239225,-106.063663,0.009,0,desert cull (greenness below threshold)
C000813,2576,33.241849,-106.064101,0.010,0,desert cull (greenness below threshold)
C000814,2578,33.244498,-106.064536,0.009,0,desert cull (greenness below threshold)
C000815,2581,33.248462,-106.065201,0.009,0,desert cull (greenness below threshold)
C000816,2584,33.252426,-106.065854,0.010,0,desert cull (greenness below threshold)
C000817,2587,33.256176,-106.066472,0.010,0,desert cull (greenness below threshold)
C000818,2590,33.260117,-106.067129,0.009,0,desert cull (greenness below threshold)
C000819,2591,33.261445,-106.067353,0.009,0,desert cull (greenness below threshold)
C000820,2593,33.263878,-106.067750,0.009,0,desert cull (greenness below threshold)
C000821,2594,33.265198,-106.067975,0.009,0,desert cull (greenness below threshold)
C000822,2596,33.267595,-106.068369,0.009,0,desert cull (greenness below threshold)
C000823,2598,33.270246,-106.068820,0.009,0,desert cull (greenness below threshold)
C000824,2599,33.271565,-106.069033,0.009,0,desert cull (greenness below threshold)
C000825,2601,33.274214,-106.069473,0.010,0,desert cull (greenness below threshold)
C000826,2602,33.275541,-106.069697,0.011,0,desert cull (greenness below threshold)
C000827,2604,33.278039,-106.070105,0.011,0,desert cull (greenness below threshold)
C000828,2605,33.279354,-106.070338,0.011,0,desert cull (greenness below threshold)
C000829,2608,33.283327,-106.070986,0.010,0,desert cull (greenness below threshold)
C000830,2610,33.285964,-106.071426,0.010,0,desert cull (greenness below threshold)
C000831,2611,33.287300,-106.071655,0.012,0,desert cull (greenness below threshold)
C000832,2613,33.289946,-106.072086,0.012,0,desert cull (greenness below threshold)
C000833,2614,33.291268,-106.072310,0.012,0,desert cull (greenness below threshold)
C000834,2616,33.293908,-106.072748,0.012,0,desert cull (greenness below threshold)
C000835,2617,33.295215,-106.072967,0.012,0,desert cull (greenness below threshold)
C000836,2619,33.297897,-106.073410,0.010,0,desert cull (greenness below threshold)
C000837,2621,33.300523,-106.073849,0.011,0,desert cull (greenness below threshold)
C000838,2622,33.301617,-106.074026,0.010,0,desert cull (greenness below threshold)
C000839,2624,33.303850,-106.074400,0.010,0,desert cull (greenness below threshold)
C000840,2625,33.304918,-106.074585,0.010,0,desert cull (greenness below threshold)
C000841,2628,33.307995,-106.075096,0.010,0,desert cull (greenness below threshold)
C000842,2629,33.309288,-106.075419,0.010,0,desert cull (greenness below threshold)
C000843,2632,33.313227,-106.076412,0.010,0,desert cull (greenness below threshold)
C000844,2635,33.316914,-106.077346,0.005,0,desert cull (greenness below threshold)
C000845,2636,33.317528,-106.077503,0.005,0,desert cull (greenness below threshold)
C000846,2643,33.320844,-106.078344,0.009,0,desert cull (greenness below threshold)
C000847,2645,33.323279,-106.078961,0.009,0,desert cull (greenness below threshold)
C000848,2646,33.324608,-106.079300,0.010,0,desert cull (greenness below threshold)
C000849,2648,33.327191,-106.079956,0.010,0,desert cull (greenness below threshold)
C000850,2649,33.328503,-106.080288,0.010,0,desert cull (greenness below threshold)
C000851,2652,33.332430,-106.081280,0.011,0,desert cull (greenness below threshold)
C000852,2655,33.336362,-106.082277,0.009,0,desert cull (greenness below threshold)
C000853,2657,33.338967,-106.082942,0.009,0,desert cull (greenness below threshold)
C000854,2659,33.341304,-106.083538,0.009,0,desert cull (greenness below threshold)
C000855,2661,33.343792,-106.083720,0.009,0,desert cull (greenness below threshold)
C000856,2662,33.344874,-106.083595,0.009,0,desert cull (greenness below threshold)
C000857,2664,33.346799,-106.083200,0.009,0,desert cull (greenness below threshold)
C000858,2666,33.348921,-106.082733,0.009,0,desert cull (greenness below threshold)
C000859,2668,33.351139,-106.082256,0.009,0,desert cull (greenness below threshold)
C000860,2671,33.355090,-106.081387,0.009,0,desert cull (greenness below threshold)
C000861,2673,33.357725,-106.080817,0.009,0,desert cull (greenness below threshold)
C000862,2674,33.358772,-106.080585,0.010,0,desert cull (greenness below threshold)
C000863,2676,33.361172,-106.080062,0.010,0,desert cull (greenness below threshold)
C000864,2677,33.362245,-106.079830,0.010,0,desert cull (greenness below threshold)
C000865,2679,33.364419,-106.079362,0.010,0,desert cull (greenness below threshold)
C000866,2680,33.365768,-106.079065,0.010,0,desert cull (greenness below threshold)
C000867,2681,33.367083,-106.078778,0.011,0,desert cull (greenness below threshold)
C000868,2683,33.369708,-106.078199,0.009,0,desert cull (greenness below threshold)
C000869,2684,33.371026,-106.077914,0.010,0,desert cull (greenness below threshold)
C000870,2686,33.373479,-106.077380,0.010,0,desert cull (greenness below threshold)
C000871,2689,33.377114,-106.076583,0.009,0,desert cull (greenness below threshold)
C000872,2691,33.379694,-106.076021,0.009,0,desert cull (greenness below threshold)
C000873,2692,33.381013,-106.075733,0.011,0,desert cull (greenness below threshold)
C000874,2694,33.383634,-106.075159,0.011,0,desert cull (greenness below threshold)
C000875,2695,33.384946,-106.074873,0.010,0,desert cull (greenness below threshold)
C000876,2696,33.386285,-106.074588,0.009,0,desert cull (greenness below threshold)
C000877,2698,33.388888,-106.074010,0.007,0,desert cull (greenness below threshold)
C000878,2704,33.323507,-106.074963,0.008,0,desert cull (greenness below threshold)
C000879,2711,33.319292,-106.071337,0.010,0,desert cull (greenness below threshold)
C000880,2715,33.316095,-106.068226,0.008,0,desert cull (greenness below threshold)
C000881,2720,33.326384,-106.074030,0.010,0,desert cull (greenness below threshold)
C000882,2723,33.326787,-106.070064,0.010,0,desert cull (greenness below threshold)
C000883,2726,33.327193,-106.066131,0.011,0,desert cull (greenness below threshold)
C000884,2728,33.327908,-106.064345,0.010,0,desert cull (greenness below threshold)
C000885,2729,33.328412,-106.063170,0.011,0,desert cull (greenness below threshold)
C000886,2732,33.329966,-106.059387,0.011,0,desert cull (greenness below threshold)
C000887,2734,33.331079,-106.056742,0.011,0,desert cull (greenness below threshold)
C000888,2735,33.331636,-106.055404,0.012,0,desert cull (greenness below threshold)
C000889,2736,33.332237,-106.053977,0.012,0,desert cull (greenness below threshold)
C000890,2738,33.333407,-106.051162,0.011,0,desert cull (greenness below threshold)
C000891,2740,33.334545,-106.048422,0.010,0,desert cull (greenness below threshold)
C000892,2743,33.335267,-106.043765,0.010,0,desert cull (greenness below threshold)
C000893,2745,33.335756,-106.040604,0.010,0,desert cull (greenness below threshold)
C000894,2748,33.336463,-106.036046,0.012,0,desert cull (greenness below threshold)
C000895,2750,33.336945,-106.032944,0.012,0,desert cull (greenness below threshold)
C000896,2753,33.338112,-106.028668,0.012,0,desert cull (greenness below threshold)
C000897,2755,33.338964,-106.026322,0.012,0,desert cull (greenness below threshold)
C000898,2758,33.340459,-106.022091,0.011,0,desert cull (greenness below threshold)
C000899,2760,33.341494,-106.019157,0.010,0,desert cull (greenness below threshold)
C000900,2762,33.342507,-106.016302,0.012,0,desert cull (greenness below threshold)
C000901,2763,33.343026,-106.014865,0.012,0,desert cull (greenness below threshold)
C000902,2764,33.343536,-106.013415,0.012,0,desert cull (greenness below threshold)
C000903,2766,33.344578,-106.010445,0.011,0,desert cull (greenness below threshold)
C000904,2770,33.345597,-106.006188,0.011,0,desert cull (greenness below threshold)
C000905,2772,33.346716,-106.003689,0.011,0,desert cull (greenness below threshold)
C000906,2774,33.347970,-106.000893,0.012,0,desert cull (greenness below threshold)
C000907,2776,33.349135,-105.998291,0.012,0,desert cull (greenness below threshold)
C000908,2782,33.350875,-105.994433,0.011,0,desert cull (greenness below threshold)
C000909,2784,33.352083,-105.991741,0.012,0,desert cull (greenness below threshold)
C000910,2786,33.353365,-105.988859,0.010,0,desert cull (greenness below threshold)
C000911,2787,33.354114,-105.987281,0.010,0,desert cull (greenness below threshold)
C000912,2788,33.354554,-105.986315,0.010,0,desert cull (greenness below threshold)
C000913,2790,33.355887,-105.983378,0.010,0,desert cull (greenness below threshold)
C000914,2792,33.357227,-105.980445,0.010,0,desert cull (greenness below threshold)
C000915,2793,33.357876,-105.979001,0.010,0,desert cull (greenness below threshold)
C000916,2794,33.358494,-105.977589,0.010,0,desert cull (greenness below threshold)
C000917,2796,33.359899,-105.974545,0.010,0,desert cull (greenness below threshold)
C000918,2798,33.361126,-105.971811,0.011,0,desert cull (greenness below threshold)
C000919,2800,33.362029,-105.969819,0.011,0,desert cull (greenness below threshold)
C000920,2801,33.362775,-105.968192,0.011,0,desert cull (greenness below threshold)
C000921,2803,33.363737,-105.966047,0.012,0,desert cull (greenness below threshold)
C000922,2806,33.365237,-105.962179,0.012,0,desert cull (greenness below threshold)
C000923,2807,33.366387,-105.961611,0.012,0,desert cull (greenness below threshold)
C000924,2808,33.367370,-105.961089,0.012,0,desert cull (greenness below threshold)
C000925,2810,33.369285,-105.960116,0.012,0,desert cull (greenness below threshold)
C000926,2811,33.370258,-105.959616,0.012,0,desert cull (greenness below threshold)
C000927,2814,33.373624,-105.959547,0.011,0,desert cull (greenness below threshold)
C000928,2817,33.377674,-105.960126,0.009,0,desert cull (greenness below threshold)
C000929,2820,33.381871,-105.960738,0.009,0,desert cull (greenness below threshold)
C000930,2823,33.385515,-105.962502,0.009,0,desert cull (greenness below threshold)
C000931,2826,33.388993,-105.964839,0.010,0,desert cull (greenness below threshold)
C000932,2829,33.392785,-105.967361,0.010,0,desert cull (greenness below threshold)
C000933,2832,33.396532,-105.969890,0.010,0,desert cull (greenness below threshold)
C000934,2836,33.400309,-105.972431,0.010,0,desert cull (greenness below threshold)
C000935,2839,33.403687,-105.974734,0.010,0,desert cull (greenness below threshold)
C000936,2840,33.405005,-105.975615,0.011,0,desert cull (greenness below threshold)
C000937,2843,33.408189,-105.977643,0.011,0,desert cull (greenness below threshold)
C000938,2846,33.411973,-105.980170,0.010,0,desert cull (greenness below threshold)
C000939,2847,33.413228,-105.981009,0.010,0,desert cull (greenness below threshold)
C000940,2848,33.414706,-105.982009,0.010,0,desert cull (greenness below threshold)
C000941,2852,33.418986,-105.983503,0.010,0,desert cull (greenness below threshold)
C000942,2855,33.422347,-105.983901,0.009,0,desert cull (greenness below threshold)
C000943,2863,33.426712,-105.989038,0.009,0,desert cull (greenness below threshold)
C000944,2864,33.428356,-105.989374,0.008,0,desert cull (greenness below threshold)
C000945,2870,33.367064,-105.956000,0.008,0,desert cull (greenness below threshold)
C000946,2878,33.334988,-106.031658,0.011,0,desert cull (greenness below threshold)
C000947,2882,33.332614,-106.033158,0.009,0,desert cull (greenness below threshold)
C000948,2896,33.318244,-106.083349,0.010,0,desert cull (greenness below threshold)
C000949,2900,33.318250,-106.088754,0.011,0,desert cull (greenness below threshold)
C000950,2903,33.318263,-106.092730,0.010,0,desert cull (greenness below threshold)
C000951,2907,33.318326,-106.097967,0.010,0,desert cull (greenness below threshold)
C000952,2910,33.318363,-106.101895,0.009,0,desert cull (greenness below threshold)
C000953,2914,33.318390,-106.107133,0.009,0,desert cull (greenness below threshold)
C000954,2917,33.318449,-106.111060,0.008,0,desert cull (greenness below threshold)
C000955,2921,33.318484,-106.115646,0.006,0,desert cull (greenness below threshold)
C000956,2927,33.178718,-106.059567,0.011,0,desert cull (greenness below threshold)
C000957,2930,33.178749,-106.064218,0.009,0,desert cull (greenness below threshold)
C000958,2933,33.178780,-106.068917,0.009,0,desert cull (greenness below threshold)
C000959,2936,33.178808,-106.073433,0.009,0,desert cull (greenness below threshold)
C000960,2939,33.178839,-106.078125,0.009,0,desert cull (greenness below threshold)
C000961,2942,33.178863,-106.082733,0.009,0,desert cull (greenness below threshold)
C000962,2944,33.178883,-106.085871,0.009,0,desert cull (greenness below threshold)
C000963,2948,33.178920,-106.091675,0.010,0,desert cull (greenness below threshold)
C000964,2951,33.178946,-106.096008,0.009,0,desert cull (greenness below threshold)
C000965,2954,33.178974,-106.100379,0.009,0,desert cull (greenness below threshold)
C000966,2957,33.179000,-106.104514,0.009,0,desert cull (greenness below threshold)
C000967,2960,33.179015,-106.108832,0.009,0,desert cull (greenness below threshold)
C000968,2963,33.179046,-106.113406,0.008,0,desert cull (greenness below threshold)
C000969,2967,33.179081,-106.118698,0.009,0,desert cull (greenness below threshold)
C000970,2970,33.179106,-106.123206,0.009,0,desert cull (greenness below threshold)
C000971,2973,33.179132,-106.127945,0.010,0,desert cull (greenness below threshold)
C000972,2976,33.179158,-106.132343,0.009,0,desert cull (greenness below threshold)
C000973,2979,33.179176,-106.137013,0.010,0,desert cull (greenness below threshold)
C000974,2982,33.179189,-106.141681,0.010,0,desert cull (greenness below threshold)
C000975,2985,33.179187,-106.146270,0.012,0,desert cull (greenness below threshold)
C000976,2988,33.179220,-106.150968,0.011,0,desert cull (greenness below threshold)
C000977,2991,33.179274,-106.155382,0.011,0,desert cull (greenness below threshold)
C000978,2994,33.178092,-106.157455,0.010,0,desert cull (greenness below threshold)
C000979,2996,33.175805,-106.158588,0.009,0,desert cull (greenness below threshold)
C000980,2997,33.174854,-106.159057,0.010,0,desert cull (greenness below threshold)
C000981,2999,33.172706,-106.160120,0.009,0,desert cull (greenness below threshold)
C000982,3000,33.171627,-106.160654,0.009,0,desert cull (greenness below threshold)
C000983,3002,33.169469,-106.161719,0.009,0,desert cull (greenness below threshold)
C000984,3003,33.168392,-106.162252,0.009,0,desert cull (greenness below threshold)
C000985,3004,33.167310,-106.162788,0.009,0,desert cull (greenness below threshold)
C000986,3007,33.164078,-106.164383,0.009,0,desert cull (greenness below threshold)
C000987,3009,33.161940,-106.165443,0.010,0,desert cull (greenness below threshold)
C000988,3010,33.160843,-106.165984,0.010,0,desert cull (greenness below threshold)
C000989,3012,33.158693,-106.167060,0.010,0,desert cull (greenness below threshold)
C000990,3014,33.156535,-106.168126,0.009,0,desert cull (greenness below threshold)
C000991,3017,33.153810,-106.169472,0.009,0,desert cull (greenness below threshold)
C000992,3022,33.158217,-106.170780,0.010,0,desert cull (greenness below threshold)
C000993,3025,33.161084,-106.171779,0.010,0,desert cull (greenness below threshold)
C000994,3030,33.165281,-106.175974,0.011,0,desert cull (greenness below threshold)
C000995,3034,33.168850,-106.179559,0.011,0,desert cull (greenness below threshold)
C000996,3038,33.172433,-106.183138,0.011,0,desert cull (greenness below threshold)
C000997,3043,33.176852,-106.187556,0.011,0,desert cull (greenness below threshold)
C000998,3044,33.177740,-106.188444,0.011,0,desert cull (greenness below threshold)
C000999,3047,33.180425,-106.191128,0.011,0,desert cull (greenness below threshold)
C001000,3051,33.183999,-106.194703,0.011,0,desert cull (greenness below threshold)
C001001,3055,33.187573,-106.198279,0.011,0,desert cull (greenness below threshold)
C001002,3060,33.192028,-106.202761,0.011,0,desert cull (greenness below threshold)
C001003,3064,33.195447,-106.206195,0.011,0,desert cull (greenness below threshold)
C001004,3070,33.199393,-106.212438,0.011,0,desert cull (greenness below threshold)
C001005,3074,33.201255,-106.217254,0.011,0,desert cull (greenness below threshold)
C001006,3077,33.203257,-106.220559,0.011,0,desert cull (greenness below threshold)
C001007,3082,33.206861,-106.226015,0.011,0,desert cull (greenness below threshold)
C001008,3087,33.210435,-106.231409,0.011,0,desert cull (greenness below threshold)
C001009,3093,33.214731,-106.237896,0.011,0,desert cull (greenness below threshold)
C001010,3098,33.218352,-106.243346,0.011,0,desert cull (greenness below threshold)
C001011,3103,33.221992,-106.248781,0.011,0,desert cull (greenness below threshold)
C001012,3108,33.225633,-106.254181,0.012,0,desert cull (greenness below threshold)
C001013,3113,33.229278,-106.259515,0.011,0,desert cull (greenness below threshold)
C001014,3116,33.231482,-106.262738,0.011,0,desert cull (greenness below threshold)
C001015,3119,33.233672,-106.265943,0.011,0,desert cull (greenness below threshold)
C001016,3124,33.237225,-106.271136,0.007,0,desert cull (greenness below threshold)
C001017,3126,33.180367,-106.152715,0.010,0,desert cull (greenness below threshold)
C001018,3128,33.182542,-106.152690,0.009,0,desert cull (greenness below threshold)
C001019,3138,33.148224,-106.042979,0.009,0,desert cull (greenness below threshold)
C001020,3141,33.149836,-106.041271,0.010,0,desert cull (greenness below threshold)
C001021,3146,33.148060,-106.038429,0.011,0,desert cull (greenness below threshold)
C001022,3153,33.145166,-106.035323,0.007,0,desert cull (greenness below threshold)
C001023,3154,33.144273,-106.035288,0.008,0,desert cull (greenness below threshold)
C001024,3162,33.141068,-106.036773,0.011,0,desert cull (greenness below threshold)
C001025,3168,33.138822,-106.032435,0.010,0,desert cull (greenness below threshold)
C001026,3171,33.138813,-106.028214,0.006,0,desert cull (greenness below threshold)
C001027,3175,33.150069,-106.036981,0.010,0,desert cull (greenness below threshold)
C001028,3179,33.154291,-106.036971,0.011,0,desert cull (greenness below threshold)
C001029,3182,33.157471,-106.036964,0.011,0,desert cull (greenness below threshold)
C001030,3186,33.161670,-106.036953,0.010,0,desert cull (greenness below threshold)
C001031,3189,33.164848,-106.036747,0.011,0,desert cull (greenness below threshold)
C001032,3190,33.165906,-106.036744,0.011,0,desert cull (greenness below threshold)
C001033,3193,33.169081,-106.036737,0.011,0,desert cull (greenness below threshold)
C001034,3194,33.169083,-106.038071,0.008,0,desert cull (greenness below threshold)
C001035,3200,33.172041,-106.036729,0.009,0,desert cull (greenness below threshold)
C001036,3201,33.173027,-106.036727,0.009,0,desert cull (greenness below threshold)
C001037,3204,33.173342,-106.039017,0.008,0,desert cull (greenness below threshold)
C001038,3215,33.145036,-106.041404,0.009,0,desert cull (greenness below threshold)
C001039,3221,33.106098,-106.048400,0.010,0,desert cull (greenness below threshold)
C001040,3224,33.106195,-106.053357,0.007,0,desert cull (greenness below threshold)
C001041,3229,33.106282,-106.057715,0.007,0,desert cull (greenness below threshold)
C001042,3234,33.106350,-106.061522,0.006,0,desert cull (greenness below threshold)
C001043,3239,33.108723,-106.062158,0.006,0,desert cull (greenness below threshold)
C001044,3249,33.108469,-106.053644,0.006,0,desert cull (greenness below threshold)
C001045,3252,33.113451,-106.053584,0.007,0,desert cull (greenness below threshold)
C001046,3256,33.113799,-106.057037,0.009,0,desert cull (greenness below threshold)
C001047,3273,33.091555,-106.038113,0.011,0,desert cull (greenness below threshold)
C001048,3277,33.091476,-106.032818,0.010,0,desert cull (greenness below threshold)
C001049,3280,33.091429,-106.029198,0.011,0,desert cull (greenness below threshold)
C001050,3283,33.093300,-106.028253,0.007,0,desert cull (greenness below threshold)
C001051,3284,33.093802,-106.028150,0.008,0,desert cull (greenness below threshold)
C001052,3288,33.097642,-106.027886,0.009,0,desert cull (greenness below threshold)
C001053,3299,33.078313,-106.066827,0.009,0,desert cull (greenness below threshold)
C001054,3308,32.951628,-106.002279,0.010,0,desert cull (greenness below threshold)
C001055,3310,32.950943,-106.005940,0.009,0,desert cull (greenness below threshold)
C001056,3314,32.950267,-106.009583,0.008,0,desert cull (greenness below threshold)
C001057,3317,32.949630,-106.012977,0.009,0,desert cull (greenness below threshold)
C001058,3319,32.949187,-106.015360,0.011,0,desert cull (greenness below threshold)
C001059,3320,32.948892,-106.016908,0.011,0,desert cull (greenness below threshold)
C001060,3323,32.947978,-106.021778,0.009,0,desert cull (greenness below threshold)
C001061,3325,32.947500,-106.024340,0.008,0,desert cull (greenness below threshold)
C001062,3329,32.944728,-106.026468,0.010,0,desert cull (greenness below threshold)
C001063,3331,32.942880,-106.027889,0.010,0,desert cull (greenness below threshold)
C001064,3333,32.941107,-106.029241,0.008,0,desert cull (greenness below threshold)
C001065,3334,32.940221,-106.029936,0.008,0,desert cull (greenness below threshold)
C001066,3337,32.937972,-106.031339,0.008,0,desert cull (greenness below threshold)
C001067,3339,32.936952,-106.031343,0.008,0,desert cull (greenness below threshold)
C001068,3341,32.934977,-106.031375,0.007,0,desert cull (greenness below threshold)
C001069,3345,32.946872,-106.027661,0.010,0,desert cull (greenness below threshold)
C001070,3348,32.945927,-106.032445,0.009,0,desert cull (greenness below threshold)
C001071,3353,32.949899,-106.027672,0.009,0,desert cull (greenness below threshold)
C001072,3354,32.950851,-106.027679,0.010,0,desert cull (greenness below threshold)
C001073,3357,32.953844,-106.027698,0.012,0,desert cull (greenness below threshold)
C001074,3358,32.955038,-106.027702,0.012,0,desert cull (greenness below threshold)
C001075,3360,32.958323,-106.027729,0.013,0,desert cull (greenness below threshold)
C001076,3362,32.960904,-106.027734,0.012,0,desert cull (greenness below threshold)
C001077,3364,32.962945,-106.027743,0.011,0,desert cull (greenness below threshold)
C001078,3366,32.964980,-106.027746,0.011,0,desert cull (greenness below threshold)
C001079,3367,32.965997,-106.027750,0.010,0,desert cull (greenness below threshold)
C001080,3369,32.968382,-106.027747,0.009,0,desert cull (greenness below threshold)
C001081,3370,32.969985,-106.027765,0.010,0,desert cull (greenness below threshold)
C001082,3372,32.973180,-106.027790,0.012,0,desert cull (greenness below threshold)
C001083,3373,32.974794,-106.027810,0.013,0,desert cull (greenness below threshold)
C001084,3374,32.976352,-106.027819,0.012,0,desert cull (greenness below threshold)
C001085,3375,32.977910,-106.027831,0.014,0,desert cull (greenness below threshold)
C001086,3376,32.979504,-106.027869,0.013,0,desert cull (greenness below threshold)
C001087,3377,32.981105,-106.027897,0.013,0,desert cull (greenness below threshold)
C001088,3379,32.984281,-106.027956,0.013,0,desert cull (greenness below threshold)
C001089,3380,32.985861,-106.027985,0.013,0,desert cull (greenness below threshold)
C001090,3381,32.987450,-106.028018,0.011,0,desert cull (greenness below threshold)
C001091,3382,32.988993,-106.028050,0.012,0,desert cull (greenness below threshold)
C001092,3384,32.992155,-106.028100,0.010,0,desert cull (greenness below threshold)
C001093,3385,32.992734,-106.028116,0.010,0,desert cull (greenness below threshold)
C001094,3387,32.995071,-106.027936,0.012,0,desert cull (greenness below threshold)
C001095,3388,32.996434,-106.027740,0.011,0,desert cull (greenness below threshold)
C001096,3390,32.999121,-106.027754,0.010,0,desert cull (greenness below threshold)
C001097,3393,33.000713,-106.027763,0.009,0,desert cull (greenness below threshold)
C001098,3397,32.981785,-106.024017,0.013,0,desert cull (greenness below threshold)
C001099,3400,32.981838,-106.019275,0.007,0,desert cull (greenness below threshold)
C001100,3406,32.981872,-106.014499,0.007,0,desert cull (greenness below threshold)
C001101,3409,32.981908,-106.009990,0.010,0,desert cull (greenness below threshold)
C001102,3411,32.981931,-106.006455,0.009,0,desert cull (greenness below threshold)
C001103,3414,32.981984,-106.001243,0.010,0,desert cull (greenness below threshold)
C001104,3415,32.983442,-106.001267,0.010,0,desert cull (greenness below threshold)
C001105,3417,32.986223,-106.001293,0.008,0,desert cull (greenness below threshold)
C001106,3420,32.983976,-106.009995,0.010,0,desert cull (greenness below threshold)
C001107,3427,32.948337,-105.990128,0.012,0,desert cull (greenness below threshold)
C001108,3430,32.945058,-105.986515,0.010,0,desert cull (greenness below threshold)
C001109,3433,32.941589,-105.982689,0.007,0,desert cull (greenness below threshold)
C001110,3436,32.932149,-105.995384,0.011,0,desert cull (greenness below threshold)
C001111,3439,32.932175,-105.991572,0.007,0,desert cull (greenness below threshold)
C001112,3461,32.912037,-105.980695,0.007,0,desert cull (greenness below threshold)
C001113,3465,32.915180,-105.980751,0.009,0,desert cull (greenness below threshold)
C001114,3466,32.916754,-105.980778,0.010,0,desert cull (greenness below threshold)
C001115,3469,32.919893,-105.980832,0.009,0,desert cull (greenness below threshold)
C001116,3472,32.921256,-105.978492,0.010,0,desert cull (greenness below threshold)
C001117,3479,32.922953,-105.972021,0.008,0,desert cull (greenness below threshold)
C001118,3487,32.930717,-105.972135,0.009,0,desert cull (greenness below threshold)
C001119,3490,32.949045,-105.827536,0.162,4,"The cyan-colored electric line is clearly visible and passes through or directly beside substantial tree cover in multiple places. The lower western portion of the route runs adjacent to and through wooded areas with visible darker tree patches. The route then extends through more open terrain with scattered woodland, particularly along the eastern segments where darker green tree clusters are adjacent to the line. While not continuously through dense forest, the line demonstrates clear interaction with significant tree cover in several sections, meeting the score 4 criteria of passing through or directly beside substantial tree cover in places."
C001120,3495,32.947548,-105.830638,0.130,4,"The cyan line passes through and directly beside substantial tree cover in multiple places. The line runs through wooded areas with visible tree patches, particularly in the center and lower portions of the image where darker forested areas are clearly adjacent to or intersected by the route. The upper portion shows more scattered trees, but overall the route demonstrates significant interaction with tree cover rather than open desert terrain."
C001121,3509,32.818151,-105.982083,0.006,0,desert cull (greenness below threshold)
C001122,3515,32.974840,-106.024554,0.012,0,desert cull (greenness below threshold)
C001123,3518,32.974928,-106.019664,0.009,0,desert cull (greenness below threshold)
C001124,3530,32.807715,-105.983399,0.006,0,desert cull (greenness below threshold)
C001125,3535,32.807722,-105.987791,0.006,0,desert cull (greenness below threshold)
C001126,3542,32.805789,-105.989924,0.006,0,desert cull (greenness below threshold)
C001127,3548,32.805805,-105.994282,0.006,0,desert cull (greenness below threshold)
C001128,3551,32.805276,-105.989302,0.006,0,desert cull (greenness below threshold)
C001129,3559,32.804053,-105.992230,0.006,0,desert cull (greenness below threshold)
C001130,3598,32.843360,-106.069528,0.003,0,desert cull (greenness below threshold)
C001131,3646,32.832346,-106.070773,0.006,0,desert cull (greenness below threshold)
C001132,3654,32.979391,-105.903970,0.008,0,desert cull (greenness below threshold)
C001133,3655,32.979025,-105.904576,0.008,0,desert cull (greenness below threshold)
C001134,3658,32.976669,-105.905634,0.009,0,desert cull (greenness below threshold)
C001135,3660,32.975333,-105.904336,0.009,0,desert cull (greenness below threshold)
C001136,3664,32.971476,-105.902243,0.010,0,desert cull (greenness below threshold)
C001137,3669,32.967426,-105.898530,0.009,0,desert cull (greenness below threshold)
C001138,3675,32.964242,-105.893311,0.007,0,desert cull (greenness below threshold)
C001139,3684,32.963131,-105.888263,0.007,0,desert cull (greenness below threshold)
C001140,3700,32.982997,-105.891937,0.006,0,desert cull (greenness below threshold)
C001141,3707,32.987003,-105.864909,0.009,0,desert cull (greenness below threshold)
C001142,3710,33.009209,-105.845553,0.021,0,desert cull (greenness below threshold)
C001143,3717,33.009227,-105.850156,0.011,0,desert cull (greenness below threshold)
C001144,3723,33.009225,-105.855023,0.008,0,desert cull (greenness below threshold)
C001145,3731,33.006833,-105.856310,0.008,0,desert cull (greenness below threshold)
C001146,3733,33.005547,-105.858736,0.008,0,desert cull (greenness below threshold)
C001147,3734,33.004986,-105.859811,0.009,0,desert cull (greenness below threshold)
C001148,3737,33.002892,-105.861175,0.010,0,desert cull (greenness below threshold)
C001149,3747,33.004941,-105.853608,0.009,0,desert cull (greenness below threshold)
C001150,3751,33.005841,-105.850135,0.015,0,desert cull (greenness below threshold)
C001151,3763,33.001538,-105.849283,0.022,0,desert cull (greenness below threshold)
C001152,3770,32.998506,-105.846276,0.034,0,desert cull (greenness below threshold)
C001153,3806,33.029276,-105.842944,0.042,4,"The cyan line passes through or directly beside substantial tree cover (darker riparian vegetation and woodland patches visible along what appears to be a river corridor) in multiple places. The line follows a river valley with clear tree cover on both sides and within the corridor. While not dense continuous forest, the tree cover is substantial and clearly adjacent to the routed line throughout most of the visible path."
C001154,3891,32.938279,-105.823536,0.171,4,"The cyan line is clearly visible and passes through or directly beside substantial tree cover in multiple locations. The terrain shows a mix of woodland/forest patches (darker green areas) and more open areas. The line passes through wooded sections, particularly along the lower and right portions of the route, where darker tree cover is evident. While not dense continuous forest for the entire path, the line clearly intersects with and runs beside significant tree patches, warranting a score of 4."
C001155,3894,32.937384,-105.822427,0.166,4,"The cyan line is clearly visible and passes through substantial tree cover throughout much of its path in this tile. The terrain shows mixed woodland and forest patches with darker green areas indicating denser tree coverage. The line traverses directly through these forested/wooded areas rather than avoiding them, though there are some open areas as well. This represents substantial tree cover interaction along the route, warranting a score of 4."
C001156,3898,32.935639,-105.820199,0.165,4,"The cyan line is clearly visible and passes through or directly beside substantial tree cover in multiple places along its path. The upper portion of the route runs through areas with dense forest/woodland patches (darker green areas), and the lower portions pass beside significant tree coverage. While there are also some more open areas with sparse trees, the overall route demonstrates multiple substantial interactions with tree cover typical of score 4."
C001157,3902,32.934021,-105.817881,0.178,3,"The cyan electric line is clearly visible and passes through terrain with scattered tree cover. The line runs through areas with dispersed woodland patches and isolated trees throughout much of its path. There are notable tree concentrations on both sides of the route, particularly visible in the darker green areas, with scattered pinyon-juniper type vegetation typical of this southern New Mexico terrain. The trees are not so dense as to constitute a continuous forest (which would be 4-5), but they are sufficiently present and close enough to the route to warrant a score of 3 for scattered trees/woodland patches close to the line."
C001158,3907,32.933880,-105.818835,0.184,2,"The cyan line is clearly visible running through the center of the tile. The surrounding terrain shows sparse, low scrubby vegetation typical of semi-arid New Mexico landscape with scattered pinyon-juniper woodland. The line passes primarily through open areas with low shrubs and sparse trees, though there is woodland visible in patches around the periphery of the tile. The immediate corridor along the line contains mostly low vegetation rather than dense tree cover, warranting a score of 2 for sparse low shrubs and scattered isolated trees not clearly adjacent to the route itself."
C001159,3912,32.930150,-105.816464,0.169,3,"The cyan line is clearly visible and passes through terrain with scattered woodland patches and isolated tree groups throughout the region. The vegetation appears to be piñon-juniper woodland typical of southern New Mexico, with trees interspersed across the landscape rather than forming dense continuous cover. The line passes near and through areas with scattered tree cover, particularly visible along what appears to be a drainage or valley feature in the lower portion of the image, and among scattered trees across the upper sections. This constitutes scattered trees/woodland patches close to the line, fitting a score of 3."
C001160,3915,32.929989,-105.818515,0.146,3,"The cyan line is clearly visible and follows a corridor through mixed terrain. The route passes through or directly adjacent to scattered tree cover (dark green patches) in multiple locations along its path, particularly visible along what appears to be a drainage or valley bottom. The trees appear to be sparse to moderate woodland rather than dense forest, with significant open areas of lighter terrain (grassland/scrub) interspersed. The line is not in dense forest but clearly interacts with tree patches in several segments, warranting a score of 3."
C001161,3920,32.926468,-105.817703,0.176,4,"The cyan line passes through and directly beside substantial tree cover throughout much of its path. The terrain shows mixed pinyon-juniper woodland with scattered patches of denser vegetation. The line runs along corridors and through areas with clear tree presence on both sides, particularly in the lower and middle portions of the route. While not dense continuous forest, the tree cover is substantial and the line is consistently near or passing through wooded areas rather than open desert."
C001162,3921,32.925506,-105.818033,0.162,4,"The cyan line is clearly visible and passes through substantial piñon-juniper woodland throughout most of its path. The line runs directly through tree cover characterized by scattered to moderate density conifer trees typical of southern New Mexico high desert forest. While not dense continuous forest, the tree coverage is consistent and substantial along the route, with the line clearly traversing woodland rather than open terrain. This warrants a score of 4 for passing through or directly beside substantial tree cover in multiple locations."
C001163,3925,32.923151,-105.819836,0.198,4,"The cyan line is clearly visible running through an area with substantial tree cover. The terrain shows scattered to moderate woodland with juniper and piñon trees typical of southern New Mexico. The line passes directly through and beside tree clusters throughout its route across the tile, with trees visible both along and immediately adjacent to the drawn corridor. While not dense forest, the tree coverage is substantial enough and sufficiently close to the line to warrant a score of 4."
C001164,3926,32.922389,-105.819774,0.181,4,"The cyan line is clearly visible and runs through substantial tree cover throughout most of its path. The line passes through wooded/forested terrain with scattered open areas and clearings. While not uniformly dense forest, the line consistently encounters significant tree cover rather than open desert or sparse vegetation, qualifying it as substantial tree cover in places along much of its route."
C001165,3938,32.918466,-105.815091,0.234,4,"The cyan line is clearly visible and passes through or directly beside substantial tree cover in multiple places. The line runs through mixed woodland/forest patches (darker green areas indicating denser tree cover) on both the western and northern portions of its route, and also passes through scattered tree clusters. While the central portion crosses more open/cleared areas, the overall path demonstrates significant interaction with tree cover, warranting a score of 4 for substantial tree cover presence along the route."
C001166,3948,32.921414,-105.816548,0.223,4,"The cyan line is clearly visible and passes through and directly beside substantial tree cover throughout most of its path. The terrain shows a mix of darker green woodland/forest patches (particularly on the left and surrounding areas) and lighter tan/brown open areas. The line runs primarily through or immediately adjacent to tree-covered regions, with the vegetation appearing dense enough in places to constitute woodland or forest cover. While there are some open areas on the right side, the majority of the line's route intersects with meaningful tree cover, warranting a score of 4."
C001167,3973,32.926191,-105.811512,0.110,3,"The cyan line is clearly visible and passes through scattered woodland/tree patches throughout the tile. The terrain shows a mix of sparse to moderate tree cover (likely piñon-juniper woodland typical of southern New Mexico) with scattered dark green tree clusters distributed across the landscape. The line passes through or very close to several of these tree patches, particularly in the central and eastern portions of the route. While not dense forest, the scattered woodland patches are close enough to the line to warrant a score of 3."
C001168,3979,32.926657,-105.808775,0.029,0,desert cull (greenness below threshold)
C001169,3986,32.921794,-105.810597,0.120,4,"The cyan line is clearly visible and runs through terrain with scattered to moderately dense tree cover throughout most of its path. The landscape shows piñon-juniper woodland with individual trees and patches of tree clusters distributed across the terrain. While not continuous dense forest, the line passes directly through or immediately beside substantial tree cover in multiple locations along its route, particularly in the upper and middle portions of the drawn line. The vegetation is clearly above sparse shrub level and consists of recognizable trees."
C001170,3990,32.918849,-105.808997,0.116,4,"The cyan line representing the overhead electric route passes through or directly beside substantial tree cover in multiple sections. The route traverses areas with scattered woodland and tree patches throughout its path, particularly visible in the eastern and central portions where darker vegetation clusters are adjacent to or crossed by the line. While not dense continuous forest, the presence of notable tree cover alongside significant portions of the route qualifies this for a score of 4."
C001171,3997,32.916478,-105.810021,0.173,4,"The cyan line is clearly visible and runs through mixed terrain. A significant portion of the route passes through or directly beside substantial tree cover, particularly in the lower left and right portions of the image where darker green woodland/forest patches are evident. The middle section crosses more open cleared areas, but overall the line has notable tree cover interactions along its path. This meets the threshold for score 4: passing through or directly beside substantial tree cover in places."
C001172,4032,32.990301,-105.873224,0.008,0,desert cull (greenness below threshold)
C001173,4044,32.986506,-105.888152,0.008,0,desert cull (greenness below threshold)
C001174,4064,32.814561,-105.982074,0.008,0,desert cull (greenness below threshold)
C001175,4075,32.812135,-105.983604,0.005,0,desert cull (greenness below threshold)
C001176,4116,32.667564,-106.000100,0.011,0,desert cull (greenness below threshold)
C001177,4119,32.671235,-105.999489,0.012,0,desert cull (greenness below threshold)
C001178,4125,32.678404,-105.998288,0.012,0,desert cull (greenness below threshold)
C001179,4131,32.684108,-105.997336,0.011,0,desert cull (greenness below threshold)
C001180,4134,32.687618,-105.996751,0.012,0,desert cull (greenness below threshold)
C001181,4137,32.691128,-105.996166,0.012,0,desert cull (greenness below threshold)
C001182,4140,32.694633,-105.995576,0.010,0,desert cull (greenness below threshold)
C001183,4145,32.698149,-105.994991,0.009,0,desert cull (greenness below threshold)
C001184,4152,32.638796,-106.004908,0.010,0,desert cull (greenness below threshold)
C001185,4156,32.634173,-106.005681,0.012,0,desert cull (greenness below threshold)
C001186,4170,32.618826,-106.008235,0.012,0,desert cull (greenness below threshold)
C001187,4173,32.615561,-106.008779,0.012,0,desert cull (greenness below threshold)
C001188,4176,32.612295,-106.009326,0.012,0,desert cull (greenness below threshold)
C001189,4180,32.607908,-106.010055,0.012,0,desert cull (greenness below threshold)
C001190,4183,32.604510,-106.010619,0.012,0,desert cull (greenness below threshold)
C001191,4193,32.593319,-106.012477,0.012,0,desert cull (greenness below threshold)
C001192,4197,32.588689,-106.013245,0.012,0,desert cull (greenness below threshold)
C001193,4200,32.585218,-106.013820,0.011,0,desert cull (greenness below threshold)
C001194,4203,32.582155,-106.014329,0.011,0,desert cull (greenness below threshold)
C001195,4207,32.577939,-106.015029,0.012,0,desert cull (greenness below threshold)
C001196,4210,32.574472,-106.015607,0.012,0,desert cull (greenness below threshold)
C001197,4217,32.566306,-106.016960,0.012,0,desert cull (greenness below threshold)
C001198,4220,32.563040,-106.017504,0.011,0,desert cull (greenness below threshold)
C001199,4223,32.559844,-106.018032,0.011,0,desert cull (greenness below threshold)
C001200,4224,32.558686,-106.018224,0.011,0,desert cull (greenness below threshold)
C001201,4226,32.556439,-106.018597,0.008,0,desert cull (greenness below threshold)
C001202,4227,32.555282,-106.018788,0.008,0,desert cull (greenness below threshold)
C001203,4228,32.554129,-106.018979,0.007,0,desert cull (greenness below threshold)
C001204,4231,32.725136,-105.991805,0.010,0,desert cull (greenness below threshold)
C001205,4235,32.724787,-105.987236,0.007,0,desert cull (greenness below threshold)
C001206,4239,32.721339,-105.986267,0.009,0,desert cull (greenness below threshold)
C001207,4241,32.719184,-105.986275,0.012,0,desert cull (greenness below threshold)
C001208,4249,32.724408,-105.982513,0.006,0,desert cull (greenness below threshold)
C001209,4254,32.723907,-105.976046,0.012,0,desert cull (greenness below threshold)
C001210,4257,32.723556,-105.971519,0.010,0,desert cull (greenness below threshold)
C001211,4260,32.723183,-105.966806,0.010,0,desert cull (greenness below threshold)
C001212,4263,32.722809,-105.962069,0.011,0,desert cull (greenness below threshold)
C001213,4266,32.722439,-105.957344,0.012,0,desert cull (greenness below threshold)
C001214,4269,32.720912,-105.953736,0.012,0,desert cull (greenness below threshold)
C001215,4272,32.717314,-105.952405,0.012,0,desert cull (greenness below threshold)
C001216,4275,32.713479,-105.950987,0.011,0,desert cull (greenness below threshold)
C001217,4276,32.712202,-105.950510,0.011,0,desert cull (greenness below threshold)
C001218,4278,32.710105,-105.950514,0.009,0,desert cull (greenness below threshold)
C001219,4286,32.708194,-105.945070,0.010,0,desert cull (greenness below threshold)
C001220,4290,32.709413,-105.941090,0.011,0,desert cull (greenness below threshold)
C001221,4292,32.711887,-105.941085,0.012,0,desert cull (greenness below threshold)
C001222,4297,32.708150,-105.936150,0.009,0,desert cull (greenness below threshold)
C001223,4305,32.706968,-105.945272,0.011,0,desert cull (greenness below threshold)
C001224,4308,32.703510,-105.945267,0.013,0,desert cull (greenness below threshold)
C001225,4309,32.702297,-105.945262,0.012,0,desert cull (greenness below threshold)
C001226,4313,32.701083,-105.941247,0.011,0,desert cull (greenness below threshold)
C001227,4316,32.698966,-105.939687,0.008,0,desert cull (greenness below threshold)
C001228,4320,32.699920,-105.945258,0.012,0,desert cull (greenness below threshold)
C001229,4321,32.698648,-105.945253,0.012,0,desert cull (greenness below threshold)
C001230,4323,32.696179,-105.945246,0.011,0,desert cull (greenness below threshold)
C001231,4324,32.694929,-105.945241,0.011,0,desert cull (greenness below threshold)
C001232,4328,32.693679,-105.940855,0.011,0,desert cull (greenness below threshold)
C001233,4333,32.693690,-105.936586,0.010,0,desert cull (greenness below threshold)
C001234,4336,32.693706,-105.932479,0.008,0,desert cull (greenness below threshold)
C001235,4346,32.707671,-105.949697,0.008,0,desert cull (greenness below threshold)
C001236,4352,32.711750,-105.955452,0.012,0,desert cull (greenness below threshold)
C001237,4354,32.711456,-105.958690,0.011,0,desert cull (greenness below threshold)
C001238,4357,32.711114,-105.962407,0.009,0,desert cull (greenness below threshold)
C001239,4358,32.710119,-105.962431,0.010,0,desert cull (greenness below threshold)
C001240,4361,32.706959,-105.962482,0.010,0,desert cull (greenness below threshold)
C001241,4364,32.703446,-105.962499,0.010,0,desert cull (greenness below threshold)
C001242,4365,32.702275,-105.962503,0.008,0,desert cull (greenness below threshold)
C001243,4367,32.699933,-105.962502,0.011,0,desert cull (greenness below threshold)
C001244,4368,32.698762,-105.962506,0.011,0,desert cull (greenness below threshold)
C001245,4372,32.696413,-105.963908,0.007,0,desert cull (greenness below threshold)
C001246,4375,32.696401,-105.967701,0.009,0,desert cull (greenness below threshold)
C001247,4378,32.695181,-105.968970,0.008,0,desert cull (greenness below threshold)
C001248,4388,32.722071,-105.952614,0.012,0,desert cull (greenness below threshold)
C001249,4392,32.721576,-105.946324,0.010,0,desert cull (greenness below threshold)
C001250,4395,32.721209,-105.941609,0.009,0,desert cull (greenness below threshold)
C001251,4398,32.720838,-105.936926,0.009,0,desert cull (greenness below threshold)
C001252,4401,32.720463,-105.932188,0.010,0,desert cull (greenness below threshold)
C001253,4404,32.720104,-105.927550,0.012,0,desert cull (greenness below threshold)
C001254,4408,32.720933,-105.923659,0.011,0,desert cull (greenness below threshold)
C001255,4410,32.723231,-105.924146,0.011,0,desert cull (greenness below threshold)
C001256,4412,32.725630,-105.924638,0.006,0,desert cull (greenness below threshold)
C001257,4413,32.726830,-105.924880,0.005,0,desert cull (greenness below threshold)
C001258,4418,32.726865,-105.980560,0.009,0,desert cull (greenness below threshold)
C001259,4425,32.730278,-105.981745,0.007,0,desert cull (greenness below threshold)
C001260,4428,32.727430,-105.981902,0.009,0,desert cull (greenness below threshold)
C001261,4434,32.721348,-105.981794,0.010,0,desert cull (greenness below threshold)
C001262,4447,32.755542,-105.971210,0.012,0,desert cull (greenness below threshold)
C001263,4452,32.753434,-105.966879,0.009,0,desert cull (greenness below threshold)
C001264,4459,32.754483,-105.974329,0.011,0,desert cull (greenness below threshold)
C001265,4481,32.765226,-105.980960,0.008,0,desert cull (greenness below threshold)
C001266,4510,32.781621,-105.978203,0.009,0,desert cull (greenness below threshold)
C001267,4514,32.781621,-105.973454,0.009,0,desert cull (greenness below threshold)
C001268,4517,32.778154,-105.973445,0.009,0,desert cull (greenness below threshold)
C001269,4518,32.777161,-105.973448,0.009,0,desert cull (greenness below threshold)
C001270,4526,32.771198,-105.978762,0.008,0,desert cull (greenness below threshold)
C001271,4531,32.771429,-105.974925,0.009,0,desert cull (greenness below threshold)
C001272,4534,32.767515,-105.979232,0.007,0,desert cull (greenness below threshold)
C001273,4538,32.767500,-105.974696,0.010,0,desert cull (greenness below threshold)
C001274,4543,32.769775,-105.973414,0.009,0,desert cull (greenness below threshold)
C001275,4548,32.770902,-105.970328,0.012,0,desert cull (greenness below threshold)
C001276,4551,32.770900,-105.965686,0.010,0,desert cull (greenness below threshold)
C001277,4559,32.771798,-105.964123,0.011,0,desert cull (greenness below threshold)
C001278,4563,32.774576,-105.973419,0.010,0,desert cull (greenness below threshold)
C001279,4569,32.774589,-105.965664,0.011,0,desert cull (greenness below threshold)
C001280,4581,32.763607,-105.969195,0.008,0,desert cull (greenness below threshold)
C001281,4586,32.763593,-105.966176,0.008,0,desert cull (greenness below threshold)
C001282,4587,32.763821,-105.966040,0.008,0,desert cull (greenness below threshold)
C001283,4615,32.822841,-105.959311,0.008,0,desert cull (greenness below threshold)
C001284,4622,32.822832,-105.954654,0.007,0,desert cull (greenness below threshold)
C001285,4625,32.822824,-105.951214,0.007,0,desert cull (greenness below threshold)
C001286,4647,32.830165,-105.959994,0.006,0,desert cull (greenness below threshold)
C001287,4656,32.830061,-105.954669,0.009,0,desert cull (greenness below threshold)
C001288,4671,32.853720,-105.959723,0.011,0,desert cull (greenness below threshold)
C001289,4674,32.853610,-105.955642,0.010,0,desert cull (greenness below threshold)
C001290,4677,32.853615,-105.951592,0.010,0,desert cull (greenness below threshold)
C001291,4681,32.853619,-105.946323,0.010,0,desert cull (greenness below threshold)
C001292,4684,32.853579,-105.942285,0.010,0,desert cull (greenness below threshold)
C001293,4687,32.853527,-105.938206,0.009,0,desert cull (greenness below threshold)
C001294,4690,32.853476,-105.933377,0.010,0,desert cull (greenness below threshold)
C001295,4693,32.854284,-105.929151,0.010,0,desert cull (greenness below threshold)
C001296,4694,32.855148,-105.927811,0.010,0,desert cull (greenness below threshold)
C001297,4695,32.855983,-105.926509,0.009,0,desert cull (greenness below threshold)
C001298,4697,32.858073,-105.925001,0.008,0,desert cull (greenness below threshold)
C001299,4698,32.859346,-105.924742,0.006,0,desert cull (greenness below threshold)
C001300,4729,33.016438,-106.024650,0.008,0,desert cull (greenness below threshold)
C001301,4732,33.016425,-106.020233,0.009,0,desert cull (greenness below threshold)
C001302,4739,33.032913,-106.022532,0.008,0,desert cull (greenness below threshold)
C001303,4744,33.035954,-106.021478,0.008,0,desert cull (greenness below threshold)
C001304,4750,33.031770,-106.019248,0.007,0,desert cull (greenness below threshold)
C001305,4767,33.038783,-106.023719,0.010,0,desert cull (greenness below threshold)
C001306,4771,33.062193,-106.043752,0.008,0,desert cull (greenness below threshold)
C001307,4777,33.062178,-106.039229,0.008,0,desert cull (greenness below threshold)
C001308,4781,33.062172,-106.035128,0.007,0,desert cull (greenness below threshold)
C001309,4796,33.078648,-106.079377,0.008,0,desert cull (greenness below threshold)
C001310,4798,33.080759,-106.079385,0.009,0,desert cull (greenness below threshold)
C001311,4808,33.073462,-106.085552,0.009,0,desert cull (greenness below threshold)
C001312,4858,33.331168,-106.080298,0.011,0,desert cull (greenness below threshold)
C001313,4864,33.342275,-106.009782,0.011,0,desert cull (greenness below threshold)
C001314,4894,33.119099,-106.041729,0.008,0,desert cull (greenness below threshold)
C001315,4898,33.114733,-106.041054,0.008,0,desert cull (greenness below threshold)
C001316,4904,33.120272,-106.036544,0.011,0,desert cull (greenness below threshold)
C001317,4906,33.120335,-106.033083,0.009,0,desert cull (greenness below threshold)
C001318,4913,33.101226,-106.027864,0.009,0,desert cull (greenness below threshold)
C001319,4931,33.006064,-106.014946,0.007,0,desert cull (greenness below threshold)
C001320,4940,33.006117,-106.010601,0.008,0,desert cull (greenness below threshold)
C001321,4942,33.008252,-106.010584,0.007,0,desert cull (greenness below threshold)
C001322,4960,32.967556,-105.998626,0.007,0,desert cull (greenness below threshold)
C001323,4968,32.972096,-105.999159,0.010,0,desert cull (greenness below threshold)
C001324,4985,32.963539,-105.998081,0.007,0,desert cull (greenness below threshold)
C001325,4994,32.963692,-105.988190,0.007,0,desert cull (greenness below threshold)
C001326,5001,32.953982,-106.006661,0.010,0,desert cull (greenness below threshold)
C001327,5006,32.956706,-106.006687,0.007,0,desert cull (greenness below threshold)
C001328,5007,32.957405,-106.006677,0.011,0,desert cull (greenness below threshold)
C001329,5010,32.960600,-106.006677,0.008,0,desert cull (greenness below threshold)
C001330,5018,32.961194,-106.009370,0.007,0,desert cull (greenness below threshold)
C001331,5023,32.959901,-106.013013,0.008,0,desert cull (greenness below threshold)
C001332,5025,32.961027,-106.014484,0.007,0,desert cull (greenness below threshold)
C001333,5032,32.965327,-106.014451,0.006,0,desert cull (greenness below threshold)
C001334,5038,32.966307,-106.014460,0.007,0,desert cull (greenness below threshold)
C001335,5044,32.968366,-106.014458,0.006,0,desert cull (greenness below threshold)
C001336,5046,32.970229,-106.014476,0.006,0,desert cull (greenness below threshold)
C001337,5061,32.973655,-106.014494,0.007,0,desert cull (greenness below threshold)
C001338,5068,32.976291,-106.014363,0.007,0,desert cull (greenness below threshold)
C001339,5072,32.976253,-106.017936,0.009,0,desert cull (greenness below threshold)
C001340,5080,32.978182,-106.015425,0.007,0,desert cull (greenness below threshold)
C001341,5098,32.968244,-106.017203,0.007,0,desert cull (greenness below threshold)
C001342,5111,32.964143,-106.006824,0.007,0,desert cull (greenness below threshold)
C001343,5117,32.964375,-106.004245,0.008,0,desert cull (greenness below threshold)
C001344,5118,32.965302,-106.004227,0.009,0,desert cull (greenness below threshold)
C001345,5142,32.955602,-106.023195,0.010,0,desert cull (greenness below threshold)
C001346,5239,32.987064,-105.893628,0.006,0,desert cull (greenness below threshold)
C001347,5255,32.989531,-105.899351,0.009,0,desert cull (greenness below threshold)
C001348,5258,32.991669,-105.901483,0.009,0,desert cull (greenness below threshold)
C001349,5261,32.994078,-105.902457,0.008,0,desert cull (greenness below threshold)
C001350,5262,32.994717,-105.902086,0.008,0,desert cull (greenness below threshold)
C001351,5264,32.996405,-105.901028,0.008,0,desert cull (greenness below threshold)
C001352,5267,32.996478,-105.896609,0.008,0,desert cull (greenness below threshold)
C001353,5282,32.991071,-105.885213,0.014,0,desert cull (greenness below threshold)
C001354,5291,32.991477,-105.887952,0.008,0,desert cull (greenness below threshold)
C001355,5296,32.991047,-105.862763,0.010,0,desert cull (greenness below threshold)
C001356,5299,32.992709,-105.860686,0.008,0,desert cull (greenness below threshold)
C001357,5304,32.994923,-105.858106,0.008,0,desert cull (greenness below threshold)
C001358,5309,32.997522,-105.857115,0.008,0,desert cull (greenness below threshold)
C001359,5320,32.994564,-105.851700,0.008,0,desert cull (greenness below threshold)
C001360,5323,32.993430,-105.853713,0.007,0,desert cull (greenness below threshold)
C001361,5341,32.988320,-105.842798,0.041,3,"The cyan electric line is clearly visible running vertically and with a horizontal eastern section. The route passes through an area with scattered tree/shrub cover throughout the landscape. There are patches of darker vegetation (likely pinyon-juniper woodland typical of southern New Mexico) distributed across the terrain, with several clusters visible near and along the line's path. However, the tree cover is not dense or continuous — it appears as scattered patches interspersed with lighter open ground. This fits a score of 3: scattered trees/woodland patches close to the line."
C001362,5342,32.989242,-105.842744,0.052,4,"The cyan line is clearly visible and passes through or directly beside substantial tree cover in multiple locations. The northern and eastern portions of the line run through areas with scattered to moderate woodland patches (darker green vegetation), and the line passes near riparian or clustered tree areas. While not dense forest throughout, the line clearly intersects with significant tree cover in places, warranting a score of 4."
C001363,5348,32.991795,-105.842837,0.048,3,"The cyan line is clearly visible running north-south and east-west through the image. The terrain shows scattered tree cover (darker green patches) distributed throughout, with what appears to be piñon-juniper woodland typical of southern New Mexico. The line passes through areas with noticeable tree clusters and scattered woodland patches, particularly visible in the upper portion and to the right of the line. While not dense forest, there are sufficient scattered trees and woodland patches close enough to the route to warrant a score of 3 rather than lower."
C001364,5349,32.992693,-105.842824,0.057,4,"The cyan line is clearly visible and runs through areas with substantial tree cover scattered throughout the landscape. The terrain shows scattered pinyon-juniper woodland patches (darker green clusters) distributed across the tile. The line passes through or very close to multiple areas of tree cover, particularly visible along its vertical extent through the central portion where darker woodland patches are evident near and adjacent to the route. While not dense continuous forest, there is clearly significant tree/woodland presence along substantial portions of the line's path."
C001365,5352,32.994951,-105.842971,0.058,3,"The cyan line is clearly visible and runs through terrain with scattered tree cover throughout the image. The vegetation appears to be sparse to moderate woodland/scrub with isolated clusters of darker green trees (likely juniper or piñon pine typical of southern New Mexico high desert). The line passes near and through several areas where tree patches are present, though the coverage is not dense. This represents scattered trees and woodland patches close to the line, consistent with a score of 3."
C001366,5378,33.034121,-105.834125,0.042,4,"The cyan line representing the electric transmission route passes through and directly beside substantial woodland/forest cover throughout most of its visible path. The terrain shows dense scattered woodland (piñon-juniper type vegetation typical of southern New Mexico) with the line running directly through tree patches and cleared areas that indicate an existing or planned corridor. While not continuous dense forest, the line consistently passes through or immediately adjacent to significant tree cover rather than open desert, warranting a score of 4."
C001367,5391,33.001021,-105.840299,0.028,0,desert cull (greenness below threshold)
C001368,5397,32.944957,-105.835905,0.109,4,"The bright cyan line is clearly visible and passes through or directly beside substantial tree cover (darker green forested areas) throughout much of its path across this tile. The line weaves through woodland and tree patches, with considerable forest cover visible adjacent to the route. While not running through the densest continuous forest, the line consistently passes near or through significant tree cover areas rather than open desert."
C001369,5408,32.943043,-105.833371,0.106,4,"The bright cyan line representing the overhead electric route is clearly visible and passes through substantial tree cover throughout most of its path in this tile. The entire region shows dense woodland with coniferous trees (likely piñon-juniper woodland typical of southern New Mexico), and the line runs directly through this forested terrain with no significant gaps of open desert along its route. This meets the criteria for score 4: the line passes through or directly beside substantial tree cover in places."
C001370,5430,32.946170,-105.842800,0.084,4,"The cyan line is clearly visible and passes through substantial tree cover throughout much of its path. The terrain shows dense woodland/forest coverage (darker green patches indicating trees) across the landscape, and the line runs directly through these wooded areas rather than avoiding them. While not uniformly dense forest along the entire route, the line consistently passes through or directly beside significant tree cover, meriting a score of 4."
C001371,5434,32.945326,-105.842015,0.080,4,"The cyan line is clearly visible and runs through substantial tree cover for much of its path. The surrounding terrain shows dense woodland/forest patches throughout the tile, with the line passing directly through or alongside significant tree coverage in multiple sections. While not uniformly dense forest along the entire route, there are clear instances of the line traversing through substantial wooded areas, warranting a score of 4."
C001372,5446,32.945913,-105.846425,0.072,4,"The cyan line is clearly visible and runs through substantial tree cover throughout most of its path in this tile. The landscape shows dense woodland/forest vegetation (appearing as dark gray-green patches) that the line traverses directly. While there are some scattered clearings and lighter areas, the predominant character of the route is passage through or immediately adjacent to significant tree cover, warranting a score of 4."
C001373,5468,32.953975,-105.838571,0.045,4,"The cyan line representing the overhead electric route passes through substantial tree cover throughout most of its path in this tile. The vegetation appears to be woodland/forest with consistent tree coverage (darker green coloration) across the terrain. The line runs directly through this wooded area rather than around it, with trees visible along multiple segments of the route. This represents clear passage through significant tree cover rather than just scattered trees or sparse vegetation."
C001374,5470,32.955539,-105.839033,0.048,4,"The cyan line is clearly visible and passes through substantial tree/woodland cover throughout most of its path across the tile. The background shows dense, consistent dark green vegetation (piñon-juniper woodland typical of southern New Mexico) that the line traverses. While not a continuous dense forest, the line clearly runs through or directly beside significant tree cover in multiple places along its entire routed path."
C001375,5475,32.954377,-105.842952,0.045,4,"The cyan line passes through and directly beside substantial tree cover throughout most of its path in this tile. The vegetation appears to be mixed woodland/forest typical of southern New Mexico piñon-juniper woodland. While not dense forest, the line clearly runs through areas with significant tree coverage rather than open desert or grassland. The tree density and proximity to the drawn route warrant a score of 4."
C001376,5491,32.957384,-105.837724,0.011,0,desert cull (greenness below threshold)
C001377,5494,32.958369,-105.838303,0.006,0,desert cull (greenness below threshold)
C001378,5521,32.951699,-105.848596,0.078,4,"The cyan line is clearly visible running through the image. The line passes through substantial tree/woodland cover throughout most of its path, with darker green forested areas visible along both the diagonal northwestern segment and the eastern horizontal segment. There are scattered clearings and lighter areas, but the predominant vegetation along the route is clearly tree cover rather than open desert or low scrub. This qualifies as passing through or directly beside substantial tree cover in multiple places."
C001379,5524,32.954362,-105.850570,0.015,0,desert cull (greenness below threshold)
C001380,5526,32.957735,-105.851780,0.013,0,desert cull (greenness below threshold)
C001381,5527,32.959075,-105.852249,0.014,0,desert cull (greenness below threshold)
C001382,5530,32.961768,-105.853396,0.015,0,desert cull (greenness below threshold)
C001383,5535,32.962279,-105.857905,0.012,0,desert cull (greenness below threshold)
C001384,5537,32.961049,-105.861193,0.010,0,desert cull (greenness below threshold)
C001385,5538,32.960149,-105.863760,0.010,0,desert cull (greenness below threshold)
C001386,5540,32.958722,-105.867586,0.010,0,desert cull (greenness below threshold)
C001387,5542,32.956639,-105.871954,0.011,0,desert cull (greenness below threshold)
C001388,5543,32.955805,-105.873598,0.010,0,desert cull (greenness below threshold)
C001389,5545,32.954533,-105.876115,0.010,0,desert cull (greenness below threshold)
C001390,5552,32.957003,-105.881114,0.008,0,desert cull (greenness below threshold)
C001391,5560,32.958858,-105.847585,0.028,0,desert cull (greenness below threshold)
C001392,5577,32.961278,-105.848578,0.015,0,desert cull (greenness below threshold)
C001393,5599,32.956353,-105.776949,0.288,5,"The cyan-colored overhead electric line is clearly visible and runs through dense forest/woodland throughout its entire path in this tile. The line passes through continuous tree cover (dark green forest) with only scattered open patches of lighter terrain visible between the trees. The vegetation is predominantly substantial tree cover, not sparse shrubs or low vegetation, making this a clear score of 5."
C001394,5623,32.956695,-105.781513,0.242,4,"The cyan line is clearly visible and passes through substantial tree cover throughout most of its route. The surrounding terrain shows dense woodland/forest (dark green patches) with the line running directly through or very adjacent to these forested areas. While there are some clearings visible, the overall path of the line is predominantly through or beside significant tree cover, not through open desert or grassland."
C001395,5625,32.956131,-105.781806,0.264,5,"The cyan line is clearly visible and runs through dense forest/woodland throughout most of its path in this tile. The surrounding terrain is heavily forested with dark green tree cover (appears to be coniferous woodland typical of southern New Mexico mountains), and the line traverses directly through this substantial tree cover across its entire visible route."
C001396,5650,32.952866,-105.779498,0.346,5,"The cyan line is clearly visible and runs through dense forest/woodland throughout its entire path in this tile. The terrain is heavily forested with dark green tree cover, with only scattered clearings and bare patches (tan/beige areas). The drawn line passes directly through the densest portions of the woodland, making this a score of 5 as the line runs through dense forest for much of its path."
C001397,5683,32.941221,-105.813733,0.169,4,"The cyan line is clearly visible as a multi-segment route crossing through and adjacent to substantial tree cover. The line passes through dense woodland/forest patches, particularly visible in the upper-left and central portions of the route where dark green tree clusters are prominent. The terrain shows mixed forest and more open areas, and the line's path consistently runs through or directly beside significant tree cover rather than purely open desert or grassland. This warrants a score of 4 for passing through or directly beside substantial tree cover in multiple places along its route."
C001398,5696,32.937341,-105.813011,0.148,4,"The cyan line is clearly visible and passes through or directly beside substantial tree cover (dark green forest patches) in multiple sections, particularly along the right and upper portions of the route. The line traverses mixed terrain with significant woodland areas adjacent to and crossing through the corridor. While some sections pass through more open areas with scattered trees, the overall route shows considerable interaction with forest/woodland patches that would constitute substantial tree cover."
C001399,5697,32.936405,-105.813000,0.163,4,"The cyan line is clearly visible and passes through substantial tree cover throughout most of its path in this tile. The landscape shows significant conifer forest (dark green areas) with the line running through or directly adjacent to wooded patches. While there are some open areas and clearings visible, the predominant environment along the line's route is forested terrain with dense to moderate tree coverage."
C001400,5756,32.995374,-105.874151,0.009,0,desert cull (greenness below threshold)
C001401,5767,33.002764,-105.866298,0.008,0,desert cull (greenness below threshold)
C001402,5770,33.006878,-105.868094,0.010,0,desert cull (greenness below threshold)
C001403,5773,33.009142,-105.867048,0.010,0,desert cull (greenness below threshold)
C001404,5775,33.010168,-105.864441,0.008,0,desert cull (greenness below threshold)
C001405,5776,33.010605,-105.863307,0.008,0,desert cull (greenness below threshold)
C001406,5780,33.012160,-105.861913,0.008,0,desert cull (greenness below threshold)
C001407,5782,33.013584,-105.862019,0.008,0,desert cull (greenness below threshold)
C001408,5784,33.013634,-105.864747,0.009,0,desert cull (greenness below threshold)
C001409,5795,33.016613,-105.863074,0.006,0,desert cull (greenness below threshold)
C001410,5805,33.012854,-105.858356,0.010,0,desert cull (greenness below threshold)
C001411,5808,33.013482,-105.854681,0.007,0,desert cull (greenness below threshold)
C001412,5888,32.803371,-105.982856,0.006,0,desert cull (greenness below threshold)
C001413,5905,32.801509,-105.986622,0.005,0,desert cull (greenness below threshold)
C001414,5911,32.799351,-105.987047,0.005,0,desert cull (greenness below threshold)
C001415,5921,32.797587,-105.987035,0.006,0,desert cull (greenness below threshold)
C001416,5927,32.800378,-105.992611,0.009,0,desert cull (greenness below threshold)
C001417,5931,32.800370,-105.997082,0.008,0,desert cull (greenness below threshold)
C001418,5934,32.802210,-105.997067,0.008,0,desert cull (greenness below threshold)
C001419,5939,32.797526,-105.994833,0.007,0,desert cull (greenness below threshold)
C001420,5966,32.788903,-105.987476,0.011,0,desert cull (greenness below threshold)
C001421,5969,32.788129,-105.992201,0.007,0,desert cull (greenness below threshold)
C001422,5975,32.746222,-105.991415,0.008,0,desert cull (greenness below threshold)
C001423,5993,32.696772,-105.999789,0.011,0,desert cull (greenness below threshold)
C001424,6015,32.756333,-105.975454,0.011,0,desert cull (greenness below threshold)
C001425,6030,32.740113,-105.984247,0.009,0,desert cull (greenness below threshold)
C001426,6037,32.736320,-105.984140,0.008,0,desert cull (greenness below threshold)
C001427,6039,32.736472,-105.982973,0.009,0,desert cull (greenness below threshold)
C001428,6063,32.797798,-105.962956,0.010,0,desert cull (greenness below threshold)
C001429,6076,32.773248,-105.952204,0.013,0,desert cull (greenness below threshold)
C001430,6079,32.773039,-105.955443,0.012,0,desert cull (greenness below threshold)
C001431,6088,32.770359,-105.954079,0.013,0,desert cull (greenness below threshold)
C001432,6090,32.767639,-105.954076,0.012,0,desert cull (greenness below threshold)
C001433,6091,32.766270,-105.954066,0.010,0,desert cull (greenness below threshold)
C001434,6093,32.766276,-105.951388,0.010,0,desert cull (greenness below threshold)
C001435,6100,32.766265,-105.956928,0.012,0,desert cull (greenness below threshold)
C001436,6103,32.766252,-105.960504,0.009,0,desert cull (greenness below threshold)
C001437,6115,32.759276,-105.962565,0.009,0,desert cull (greenness below threshold)
C001438,6125,32.757130,-105.958348,0.008,0,desert cull (greenness below threshold)
C001439,6135,32.763591,-105.961511,0.008,0,desert cull (greenness below threshold)
C001440,6150,32.784501,-105.951375,0.009,0,desert cull (greenness below threshold)
C001441,6158,32.782117,-105.956975,0.010,0,desert cull (greenness below threshold)
C001442,6167,32.784491,-105.956312,0.010,0,desert cull (greenness below threshold)
C001443,6170,32.791919,-105.942637,0.010,0,desert cull (greenness below threshold)
C001444,6193,33.022029,-106.019328,0.009,0,desert cull (greenness below threshold)
C001445,6196,33.020970,-106.019329,0.009,0,desert cull (greenness below threshold)
C001446,6198,33.047539,-106.026106,0.011,0,desert cull (greenness below threshold)
C001447,6201,33.047541,-106.062955,0.007,0,desert cull (greenness below threshold)
C001448,6202,33.047741,-106.063219,0.006,0,desert cull (greenness below threshold)
C001449,6203,33.048632,-106.063198,0.006,0,desert cull (greenness below threshold)
C001450,6225,33.042230,-106.050923,0.005,0,desert cull (greenness below threshold)
C001451,6287,33.015977,-106.029346,0.005,0,desert cull (greenness below threshold)
C001452,6292,33.017504,-106.031315,0.007,0,desert cull (greenness below threshold)
C001453,6304,33.013696,-106.031920,0.006,0,desert cull (greenness below threshold)
C001454,6324,33.011012,-106.032492,0.009,0,desert cull (greenness below threshold)
C001455,6328,33.010997,-106.037988,0.010,0,desert cull (greenness below threshold)
C001456,6336,33.014718,-106.040983,0.010,0,desert cull (greenness below threshold)
C001457,6340,33.008710,-106.036541,0.008,0,desert cull (greenness below threshold)
C001458,6342,33.006564,-106.036539,0.009,0,desert cull (greenness below threshold)
C001459,6351,33.078298,-106.086830,0.007,0,desert cull (greenness below threshold)
C001460,6353,33.079206,-106.086940,0.009,0,desert cull (greenness below threshold)
C001461,6379,33.086317,-106.054109,0.008,0,desert cull (greenness below threshold)
C001462,6380,33.086354,-106.055569,0.008,0,desert cull (greenness below threshold)
C001463,6396,33.131869,-106.047705,0.009,0,desert cull (greenness below threshold)
C001464,6405,33.143876,-106.052926,0.010,0,desert cull (greenness below threshold)
C001465,6407,33.210474,-106.037214,0.009,0,desert cull (greenness below threshold)
C001466,6410,33.210225,-106.032122,0.009,0,desert cull (greenness below threshold)
C001467,6413,33.209991,-106.027274,0.006,0,desert cull (greenness below threshold)
C001468,6420,33.314078,-106.079579,0.010,0,desert cull (greenness below threshold)
C001469,6437,33.093332,-106.032217,0.011,0,desert cull (greenness below threshold)
C001470,6442,33.081584,-106.066831,0.009,0,desert cull (greenness below threshold)
C001471,6443,33.082728,-106.066832,0.008,0,desert cull (greenness below threshold)
C001472,6450,33.001606,-106.012584,0.006,0,desert cull (greenness below threshold)
C001473,6465,32.959879,-106.030610,0.013,0,desert cull (greenness below threshold)
C001474,6468,32.959858,-106.035349,0.012,0,desert cull (greenness below threshold)
C001475,6471,32.959855,-106.040089,0.012,0,desert cull (greenness below threshold)
C001476,6474,32.957113,-106.040156,0.010,0,desert cull (greenness below threshold)
C001477,6482,32.959859,-106.048010,0.009,0,desert cull (greenness below threshold)
C001478,6486,32.959885,-106.052301,0.009,0,desert cull (greenness below threshold)
C001479,6499,32.983633,-106.016692,0.006,0,desert cull (greenness below threshold)
C001480,6508,32.944751,-106.015268,0.011,0,desert cull (greenness below threshold)
C001481,6509,32.943301,-106.015253,0.009,0,desert cull (greenness below threshold)
C001482,6511,32.940478,-106.015230,0.008,0,desert cull (greenness below threshold)
C001483,6512,32.939097,-106.015214,0.008,0,desert cull (greenness below threshold)
C001484,6514,32.937643,-106.015197,0.008,0,desert cull (greenness below threshold)
C001485,6516,32.936265,-106.015180,0.009,0,desert cull (greenness below threshold)
C001486,6519,32.933874,-106.015158,0.009,0,desert cull (greenness below threshold)
C001487,6521,32.932700,-106.015142,0.009,0,desert cull (greenness below threshold)
C001488,6524,32.929950,-106.017757,0.012,0,desert cull (greenness below threshold)
C001489,6526,32.928358,-106.020398,0.012,0,desert cull (greenness below threshold)
C001490,6528,32.926757,-106.023052,0.010,0,desert cull (greenness below threshold)
C001491,6529,32.925955,-106.024381,0.010,0,desert cull (greenness below threshold)
C001492,6530,32.925160,-106.025703,0.010,0,desert cull (greenness below threshold)
C001493,6532,32.923563,-106.028353,0.010,0,desert cull (greenness below threshold)
C001494,6534,32.921972,-106.031000,0.011,0,desert cull (greenness below threshold)
C001495,6536,32.920377,-106.033646,0.008,0,desert cull (greenness below threshold)
C001496,6538,32.919097,-106.035755,0.006,0,desert cull (greenness below threshold)
C001497,6569,32.789157,-106.143244,0.012,0,desert cull (greenness below threshold)
C001498,6572,32.785154,-106.143203,0.009,0,desert cull (greenness below threshold)
C001499,6574,32.782496,-106.143171,0.010,0,desert cull (greenness below threshold)
C001500,6576,32.779848,-106.143145,0.009,0,desert cull (greenness below threshold)
C001501,6577,32.778491,-106.143134,0.010,0,desert cull (greenness below threshold)
C001502,6579,32.775834,-106.143111,0.009,0,desert cull (greenness below threshold)
C001503,6580,32.774498,-106.143095,0.010,0,desert cull (greenness below threshold)
C001504,6582,32.771828,-106.143071,0.010,0,desert cull (greenness below threshold)
C001505,6583,32.770485,-106.143060,0.010,0,desert cull (greenness below threshold)
C001506,6585,32.767821,-106.143036,0.010,0,desert cull (greenness below threshold)
C001507,6586,32.766494,-106.143022,0.010,0,desert cull (greenness below threshold)
C001508,6588,32.763837,-106.142996,0.010,0,desert cull (greenness below threshold)
C001509,6589,32.762476,-106.142981,0.010,0,desert cull (greenness below threshold)
C001510,6591,32.759826,-106.142953,0.009,0,desert cull (greenness below threshold)
C001511,6595,32.756191,-106.142908,0.010,0,desert cull (greenness below threshold)
C001512,6598,32.752160,-106.142886,0.010,0,desert cull (greenness below threshold)
C001513,6601,32.748518,-106.142851,0.009,0,desert cull (greenness below threshold)
C001514,6604,32.745658,-106.142838,0.009,0,desert cull (greenness below threshold)
C001515,6605,32.744367,-106.142443,0.009,0,desert cull (greenness below threshold)
C001516,6608,32.740730,-106.141337,0.009,0,desert cull (greenness below threshold)
C001517,6609,32.739808,-106.141060,0.009,0,desert cull (greenness below threshold)
C001518,6611,32.737294,-106.140294,0.009,0,desert cull (greenness below threshold)
C001519,6613,32.734941,-106.139582,0.009,0,desert cull (greenness below threshold)
C001520,6615,32.732311,-106.138781,0.009,0,desert cull (greenness below threshold)
C001521,6617,32.729669,-106.137975,0.009,0,desert cull (greenness below threshold)
C001522,6620,32.725861,-106.136831,0.009,0,desert cull (greenness below threshold)
C001523,6621,32.725173,-106.136617,0.008,0,desert cull (greenness below threshold)
C001524,6624,32.721312,-106.135441,0.009,0,desert cull (greenness below threshold)
C001525,6625,32.720017,-106.135056,0.009,0,desert cull (greenness below threshold)
C001526,6627,32.717437,-106.134275,0.009,0,desert cull (greenness below threshold)
C001527,6629,32.714846,-106.133489,0.009,0,desert cull (greenness below threshold)
C001528,6630,32.713561,-106.133103,0.009,0,desert cull (greenness below threshold)
C001529,6633,32.709691,-106.131915,0.009,0,desert cull (greenness below threshold)
C001530,6636,32.706270,-106.130867,0.010,0,desert cull (greenness below threshold)
C001531,6637,32.704953,-106.130462,0.010,0,desert cull (greenness below threshold)
C001532,6639,32.702977,-106.129347,0.010,0,desert cull (greenness below threshold)
C001533,6644,32.700324,-106.124226,0.010,0,desert cull (greenness below threshold)
C001534,6646,32.700961,-106.121019,0.010,0,desert cull (greenness below threshold)
C001535,6649,32.701983,-106.116243,0.009,0,desert cull (greenness below threshold)
C001536,6651,32.702628,-106.113074,0.007,0,desert cull (greenness below threshold)
C001537,6653,32.703228,-106.110138,0.006,0,desert cull (greenness below threshold)
C001538,6681,33.020856,-105.854800,0.031,0,desert cull (greenness below threshold)
C001539,6683,33.021110,-105.857139,0.027,0,desert cull (greenness below threshold)
C001540,6686,33.020130,-105.859208,0.010,0,desert cull (greenness below threshold)
C001541,6689,33.019000,-105.862731,0.008,0,desert cull (greenness below threshold)
C001542,6692,33.018957,-105.867912,0.011,0,desert cull (greenness below threshold)
C001543,6694,33.018985,-105.870743,0.011,0,desert cull (greenness below threshold)
C001544,6702,33.015963,-105.871426,0.011,0,desert cull (greenness below threshold)
C001545,6718,33.016044,-105.854455,0.008,0,desert cull (greenness below threshold)
C001546,6729,33.008678,-105.839369,0.025,0,desert cull (greenness below threshold)
C001547,6731,33.009200,-105.836179,0.055,2,"The cyan line is clearly visible running across the image. The terrain is predominantly open desert/scrub with scattered low vegetation throughout. While there are some tree cover patches visible in the area (particularly the darker forested areas on the right and upper portions), the drawn line itself passes primarily through open, sparsely vegetated desert and agricultural areas. There are a few isolated trees or small tree clusters near the line's path, but these are not substantial enough to warrant a higher score. The vegetation along the line's primary route consists mainly of sparse shrubs and low desert scrub."
C001548,6739,33.000365,-105.833760,0.080,3,"The cyan line is clearly visible running through the image in a V-shaped pattern. The terrain shows scattered tree cover (piñon-juniper woodland typical of southern New Mexico) distributed across the landscape. The line passes through areas with moderate tree density in patches, with scattered woodland visible throughout. While not dense forest, there are clearly multiple locations where the line passes near or through scattered tree groupings and woodland patches, making this a score of 3 rather than lower - scattered trees/woodland patches close to the line."
C001549,6741,33.002162,-105.831783,0.089,3,"The cyan line is clearly visible and runs through terrain with scattered tree and shrub cover throughout the region. The landscape shows dispersed woodland patches and scattered vegetation (appearing as darker areas) across much of the tile, with the line passing through or very close to several of these tree clusters, particularly on the right and lower portions of the route. While not dense forest, there are clearly scattered trees and woodland patches in close proximity to the drawn line, consistent with a score of 3."
C001550,6742,33.002634,-105.831266,0.117,3,"The cyan line is clearly visible running through the tile. The route passes through scattered woodland and tree patches, particularly in the lower and right portions of the image where piñon-juniper woodland is evident. The left side of the central cleared area shows more open terrain, but overall the line passes near and through scattered tree cover typical of New Mexico woodland. This represents scattered trees/woodland patches close to the line, fitting score 3."
C001551,6745,33.003853,-105.829755,0.128,3,"The cyan line is clearly visible running through the tile. The line passes through scattered tree cover, particularly in the lower right and right portions of the route where there is visible woodland/forest patches. The upper left section shows more open terrain with sparser vegetation. The overall pattern shows scattered trees and woodland patches in close proximity to the line, with some areas of denser tree cover nearby, but not continuous dense forest along the entire route."
C001552,6771,32.941519,-105.842009,0.062,4,"The cyan electric line is clearly visible and runs through substantial tree cover throughout much of its path across this tile. The surrounding terrain shows dense woodland/forest patches (darker green areas indicating tree canopy) with scattered clearings. The line passes directly through and beside multiple areas of significant tree cover, though not uniformly dense forest across the entire route. This warrants a score of 4 for passing through or directly beside substantial tree cover in multiple places."
C001553,6773,32.941850,-105.842438,0.070,4,"The cyan line is clearly visible and passes through substantial tree cover throughout much of the tile. The surrounding landscape shows dense woodland/forest patches (appearing as darker green areas) interspersed with lighter clearings. The line runs directly through several areas of notable tree cover, though not continuously dense forest across the entire route. This warrants a score of 4 for passing through or beside substantial tree cover in multiple places."
C001554,6781,32.941817,-105.845660,0.033,0,desert cull (greenness below threshold)
C001555,6791,32.938799,-105.842135,0.043,4,"The cyan line representing the overhead electric route passes through and directly beside substantial tree cover throughout much of its path in this tile. The landscape shows dense woodland/forest coverage (darker green vegetation) across most of the image, with the line routing through areas with clear tree presence. While there are some clearings and roads visible, the line predominantly traverses forested terrain with woodland patches, qualifying it as substantial tree cover interaction rather than sparse or isolated trees."
C001556,6796,32.937521,-105.840783,0.047,4,"The cyan line passes through a mixed landscape with substantial tree cover (darker areas) interspersed with cleared/open areas. The line clearly traverses regions with notable woodland/tree patches, particularly visible in the upper portions and along the main route where darker vegetation is present. While not dense forest throughout, the line passes directly beside and through significant tree cover in multiple locations, meeting the criteria for score 4."
C001557,6798,32.936307,-105.838494,0.060,4,"The cyan line is clearly visible and passes through substantial tree cover in multiple locations. The western portion of the route runs through or directly beside dense woodland/forest patches (darker green vegetation visible as clusters throughout the image). The line also traverses areas with scattered to moderate tree coverage. While there are some clearings and more open areas, the overall route demonstrates significant interaction with tree cover, particularly in the forested sections on the right side and patches along the main route corridor."
C001558,6805,32.933975,-105.839966,0.050,4,"The cyan line is clearly visible and passes through substantial tree cover, particularly in the upper portion of the route where it crosses darker forested areas. The line runs through patches of woodland and tree-covered terrain, with scattered vegetation visible along much of its path. While there are some clearings, the route predominantly passes through or directly beside tree cover rather than open desert, warranting a score of 4."
C001559,6814,32.940718,-105.839777,0.067,4,"The cyan electric line is clearly visible running diagonally through the tile. The line passes through and directly beside substantial tree cover throughout much of its path. The surrounding terrain shows dense forest/woodland patches in darker green, with the line routing through areas containing these trees. While not uniformly dense forest the entire length, the line consistently passes adjacent to and through significant tree-covered areas rather than open desert or scrub, warranting a score of 4."
C001560,6841,32.940959,-105.808177,0.096,4,"The cyan line is clearly visible and passes through or directly beside substantial tree cover in multiple places. The lower portion of the line runs adjacent to and through areas with significant dark tree clusters and woodland patches. The upper right section also passes near substantial tree cover. While there are some open areas along portions of the route, the line demonstrably intersects with or runs very close to substantial tree cover in enough locations to warrant a score of 4."
C001561,6850,32.941840,-105.805160,0.036,0,desert cull (greenness below threshold)
C001562,6859,32.940365,-105.802759,0.038,0,desert cull (greenness below threshold)
C001563,6879,32.939896,-105.798083,0.030,0,desert cull (greenness below threshold)
C001564,6885,32.938176,-105.791151,0.121,4,"The cyan line passes through and directly beside substantial tree cover throughout most of its path across this tile. The terrain shows scattered to moderate woodland patches with darker green vegetation (indicating trees) distributed along and beside the route. While not dense continuous forest, the line consistently encounters tree clusters and woodland areas rather than open desert, warranting a score of 4."
C001565,6886,32.937450,-105.790215,0.155,4,"The cyan line passes through and directly beside substantial tree cover (dark green woodland patches) for a significant portion of its path across this tile. The line clearly traverses through forested areas with visible tree canopy, though not uniformly dense throughout. There are also open areas with sparser vegetation, but the substantial tree cover contact along much of the route warrants a score of 4."
C001566,6892,32.936425,-105.785028,0.227,4,"The cyan line is clearly visible running diagonally across the image through substantial tree cover. The line passes through dense woodland/forest patches throughout most of its visible path, with dark green tree canopy visible along and around the route. There are some lighter clearings and open areas, but the predominant character is tree cover adjacent to and along the transmission line route, particularly on both sides and especially toward the left/upper portion of the image."
C001567,6908,32.942019,-105.826432,0.195,4,"The bright cyan line is clearly visible and passes through substantial tree cover throughout much of its path. The route runs through areas with consistent woodland/forest patches, with scattered trees and vegetation visible along most segments. While not completely dense forest, the line clearly encounters and passes adjacent to significant tree cover in multiple locations, particularly in the upper and middle portions of the route."
C001568,6951,33.002395,-105.868686,0.007,0,desert cull (greenness below threshold)
C001569,6956,33.001705,-105.872931,0.012,0,desert cull (greenness below threshold)
C001570,6969,32.999175,-105.874147,0.009,0,desert cull (greenness below threshold)
C001571,6972,32.991249,-105.878214,0.010,0,desert cull (greenness below threshold)
C001572,6979,32.995503,-105.879480,0.010,0,desert cull (greenness below threshold)
C001573,6984,32.998654,-105.879437,0.008,0,desert cull (greenness below threshold)
C001574,7005,32.807721,-106.000940,0.009,0,desert cull (greenness below threshold)
C001575,7008,32.807721,-106.005575,0.011,0,desert cull (greenness below threshold)
C001576,7011,32.807720,-106.010234,0.011,0,desert cull (greenness below threshold)
C001577,7014,32.807724,-106.014867,0.011,0,desert cull (greenness below threshold)
C001578,7017,32.807717,-106.019474,0.009,0,desert cull (greenness below threshold)
C001579,7020,32.806846,-106.022926,0.006,0,desert cull (greenness below threshold)
C001580,7051,32.809535,-105.985093,0.007,0,desert cull (greenness below threshold)
C001581,7096,32.755773,-105.994059,0.010,0,desert cull (greenness below threshold)
C001582,7098,32.756346,-105.997211,0.008,0,desert cull (greenness below threshold)
C001583,7099,32.756659,-105.998798,0.007,0,desert cull (greenness below threshold)
C001584,7105,32.769282,-105.987531,0.007,0,desert cull (greenness below threshold)
C001585,7108,32.771512,-105.987521,0.006,0,desert cull (greenness below threshold)
C001586,7116,32.779054,-105.985082,0.006,0,desert cull (greenness below threshold)
C001587,7123,32.776413,-105.986351,0.006,0,desert cull (greenness below threshold)
C001588,7140,32.743544,-105.977981,0.006,0,desert cull (greenness below threshold)
C001589,7147,32.745592,-105.975556,0.008,0,desert cull (greenness below threshold)
C001590,7152,32.749041,-105.975562,0.011,0,desert cull (greenness below threshold)
C001591,7165,32.745589,-105.971192,0.008,0,desert cull (greenness below threshold)
C001592,7176,32.743556,-105.973022,0.007,0,desert cull (greenness below threshold)
C001593,7180,32.743546,-105.969133,0.008,0,desert cull (greenness below threshold)
C001594,7184,32.743532,-105.964824,0.007,0,desert cull (greenness below threshold)
C001595,7188,32.740973,-105.964822,0.008,0,desert cull (greenness below threshold)
C001596,7192,32.739143,-105.964817,0.009,0,desert cull (greenness below threshold)
C001597,7194,32.737002,-105.964810,0.009,0,desert cull (greenness below threshold)
C001598,7196,32.735812,-105.964680,0.009,0,desert cull (greenness below threshold)
C001599,7211,32.745718,-105.961909,0.010,0,desert cull (greenness below threshold)
C001600,7214,32.743725,-105.960527,0.007,0,desert cull (greenness below threshold)
C001601,7218,32.744291,-105.955487,0.005,0,desert cull (greenness below threshold)
C001602,7223,32.744327,-105.952233,0.008,0,desert cull (greenness below threshold)
C001603,7227,32.744334,-105.947058,0.010,0,desert cull (greenness below threshold)
C001604,7231,32.744699,-105.942805,0.009,0,desert cull (greenness below threshold)
C001605,7234,32.744698,-105.939172,0.011,0,desert cull (greenness below threshold)
C001606,7238,32.744463,-105.934312,0.011,0,desert cull (greenness below threshold)
C001607,7239,32.744958,-105.932944,0.009,0,desert cull (greenness below threshold)
C001608,7241,32.745870,-105.930389,0.010,0,desert cull (greenness below threshold)
C001609,7243,32.746854,-105.927654,0.010,0,desert cull (greenness below threshold)
C001610,7246,32.746945,-105.923245,0.007,0,desert cull (greenness below threshold)
C001611,7254,32.740633,-105.939206,0.009,0,desert cull (greenness below threshold)
C001612,7257,32.745425,-105.945597,0.010,0,desert cull (greenness below threshold)
C001613,7259,32.746797,-105.945611,0.008,0,desert cull (greenness below threshold)
C001614,7263,32.749046,-105.945641,0.007,0,desert cull (greenness below threshold)
C001615,7268,32.750747,-105.945655,0.007,0,desert cull (greenness below threshold)
C001616,7270,32.752456,-105.945692,0.008,0,desert cull (greenness below threshold)
C001617,7272,32.754468,-105.945694,0.009,0,desert cull (greenness below threshold)
C001618,7279,32.756647,-105.947123,0.008,0,desert cull (greenness below threshold)
C001619,7282,32.745381,-105.950838,0.010,0,desert cull (greenness below threshold)
C001620,7286,32.744990,-105.953311,0.007,0,desert cull (greenness below threshold)
C001621,7291,32.748724,-105.953289,0.010,0,desert cull (greenness below threshold)
C001622,7292,32.749626,-105.953290,0.010,0,desert cull (greenness below threshold)
C001623,7328,32.749114,-105.960435,0.009,0,desert cull (greenness below threshold)
C001624,7344,32.739156,-105.969114,0.010,0,desert cull (greenness below threshold)
C001625,7349,32.736322,-105.970614,0.010,0,desert cull (greenness below threshold)
C001626,7352,32.737647,-105.972124,0.010,0,desert cull (greenness below threshold)
C001627,7357,32.732846,-105.969094,0.012,0,desert cull (greenness below threshold)
C001628,7358,32.731886,-105.970037,0.011,0,desert cull (greenness below threshold)
C001629,7363,32.728599,-105.966790,0.010,0,desert cull (greenness below threshold)
C001630,7380,32.738233,-105.977264,0.009,0,desert cull (greenness below threshold)
C001631,7388,32.769887,-105.947132,0.011,0,desert cull (greenness below threshold)
C001632,7394,32.797995,-105.945675,0.009,0,desert cull (greenness below threshold)
C001633,7396,32.799679,-105.945671,0.009,0,desert cull (greenness below threshold)
C001634,7398,32.801960,-105.945676,0.005,0,desert cull (greenness below threshold)
C001635,7402,32.826451,-105.959318,0.008,0,desert cull (greenness below threshold)
C001636,7410,32.826443,-105.954659,0.007,0,desert cull (greenness below threshold)
C001637,7419,32.826435,-105.949845,0.008,0,desert cull (greenness below threshold)
C001638,7423,32.824268,-105.948445,0.007,0,desert cull (greenness below threshold)
C001639,7449,32.819827,-105.943668,0.007,0,desert cull (greenness below threshold)
C001640,7454,32.818079,-105.940895,0.008,0,desert cull (greenness below threshold)
C001641,7466,32.822449,-105.940872,0.009,0,desert cull (greenness below threshold)
C001642,7468,32.824436,-105.939841,0.009,0,desert cull (greenness below threshold)
C001643,7469,32.825557,-105.939846,0.009,0,desert cull (greenness below threshold)
C001644,7478,32.823707,-105.937927,0.009,0,desert cull (greenness below threshold)
C001645,7485,32.827226,-105.937284,0.007,0,desert cull (greenness below threshold)
C001646,7491,32.820159,-105.937913,0.007,0,desert cull (greenness below threshold)
C001647,7525,32.960041,-105.989176,0.006,0,desert cull (greenness below threshold)
C001648,7544,33.025604,-106.032758,0.009,0,desert cull (greenness below threshold)
C001649,7548,33.025595,-106.036630,0.008,0,desert cull (greenness below threshold)
C001650,7572,33.042723,-106.045159,0.008,0,desert cull (greenness below threshold)
C001651,7575,33.039874,-106.044346,0.007,0,desert cull (greenness below threshold)
C001652,7582,33.051982,-106.054414,0.008,0,desert cull (greenness below threshold)
C001653,7591,33.056335,-106.050022,0.010,0,desert cull (greenness below threshold)
C001654,7594,33.059201,-106.050919,0.009,0,desert cull (greenness below threshold)
C001655,7599,33.054977,-106.058590,0.008,0,desert cull (greenness below threshold)
C001656,7607,33.051207,-106.058744,0.010,0,desert cull (greenness below threshold)
C001657,7621,33.054910,-106.068361,0.008,0,desert cull (greenness below threshold)
C001658,7652,33.426040,-105.992531,0.009,0,desert cull (greenness below threshold)
C001659,7656,33.368301,-105.953716,0.008,0,desert cull (greenness below threshold)
C001660,7657,33.369229,-105.952547,0.009,0,desert cull (greenness below threshold)
C001661,7658,33.370097,-105.951437,0.009,0,desert cull (greenness below threshold)
C001662,7661,33.372903,-105.948230,0.012,0,desert cull (greenness below threshold)
C001663,7662,33.373829,-105.947082,0.012,0,desert cull (greenness below threshold)
C001664,7663,33.374789,-105.945968,0.012,0,desert cull (greenness below threshold)
C001665,7665,33.376718,-105.943631,0.012,0,desert cull (greenness below threshold)
C001666,7666,33.377686,-105.942507,0.011,0,desert cull (greenness below threshold)
C001667,7669,33.380468,-105.939168,0.013,0,desert cull (greenness below threshold)
C001668,7670,33.381406,-105.938048,0.011,0,desert cull (greenness below threshold)
C001669,7672,33.383285,-105.935782,0.013,0,desert cull (greenness below threshold)
C001670,7674,33.385198,-105.933502,0.013,0,desert cull (greenness below threshold)
C001671,7676,33.387147,-105.931135,0.012,0,desert cull (greenness below threshold)
C001672,7678,33.388999,-105.931267,0.011,0,desert cull (greenness below threshold)
C001673,7683,33.384182,-105.928007,0.013,0,desert cull (greenness below threshold)
C001674,7684,33.383477,-105.926477,0.013,0,desert cull (greenness below threshold)
C001675,7687,33.379284,-105.924792,0.014,0,desert cull (greenness below threshold)
C001676,7694,33.380149,-105.919179,0.014,0,desert cull (greenness below threshold)
C001677,7696,33.378749,-105.916071,0.010,0,desert cull (greenness below threshold)
C001678,7700,33.376463,-105.910050,0.011,0,desert cull (greenness below threshold)
C001679,7703,33.375632,-105.907632,0.010,0,desert cull (greenness below threshold)
C001680,7716,33.109897,-106.066536,0.009,0,desert cull (greenness below threshold)
C001681,7719,33.111821,-106.062114,0.007,0,desert cull (greenness below threshold)
C001682,7720,33.113063,-106.062087,0.008,0,desert cull (greenness below threshold)
C001683,7723,33.116608,-106.062124,0.009,0,desert cull (greenness below threshold)
C001684,7729,33.106293,-106.067196,0.010,0,desert cull (greenness below threshold)
C001685,7732,33.106237,-106.071230,0.010,0,desert cull (greenness below threshold)
C001686,7735,33.106356,-106.075201,0.010,0,desert cull (greenness below threshold)
C001687,7737,33.108638,-106.075532,0.010,0,desert cull (greenness below threshold)
C001688,7743,33.104152,-106.077335,0.009,0,desert cull (greenness below threshold)
C001689,7752,33.098516,-106.037752,0.008,0,desert cull (greenness below threshold)
C001690,7758,33.100121,-106.035038,0.006,0,desert cull (greenness below threshold)
C001691,7759,33.100604,-106.035031,0.005,0,desert cull (greenness below threshold)
C001692,7805,33.078705,-106.053802,0.007,0,desert cull (greenness below threshold)
C001693,7809,33.079625,-106.051446,0.007,0,desert cull (greenness below threshold)
C001694,7817,33.079661,-106.056559,0.008,0,desert cull (greenness below threshold)
C001695,7827,33.051449,-106.082100,0.011,0,desert cull (greenness below threshold)
C001696,7835,32.935581,-106.036967,0.008,0,desert cull (greenness below threshold)
C001697,7838,32.933554,-106.040258,0.006,0,desert cull (greenness below threshold)
