lat,lng,sv,date
32.908183,-105.973251,True,2024-04
32.907783,-105.973037,False,
32.906735,-105.973723,True,2024-04
32.906333,-105.974570,False,
32.905521,-105.976280,False,
32.905128,-105.977122,False,
32.904714,-105.977973,False,
32.904318,-105.978818,False,
32.903495,-105.980566,False,
32.902770,-105.980552,False,
32.902046,-105.980539,False,
32.900041,-105.980505,False,
32.898409,-105.980478,False,
32.897515,-105.980458,True,2024-04
32.896624,-105.980446,True,2024-04
32.895845,-105.980434,True,2024-04
32.894085,-105.980403,True,2024-04
32.892267,-105.980371,True,2024-04
32.891814,-105.982478,True,2024-04
32.891768,-105.984595,True,2024-04
32.891677,-105.987772,True,2024-04
32.891622,-105.989891,True,2024-04
32.891568,-105.992013,True,2024-04
32.891526,-105.993730,True,2024-04
32.891520,-105.996893,False,
32.891501,-105.999013,False,
32.891493,-106.000975,False,
32.890616,-106.002326,False,
32.888884,-106.002841,False,
32.888139,-106.004081,False,
32.888141,-106.006117,False,
32.888134,-106.009177,False,
32.888132,-106.011219,False,
32.888131,-106.013256,False,
32.888124,-106.016312,False,
32.888122,-106.018350,False,
32.888115,-106.020390,False,
32.888115,-106.023447,False,
32.888114,-106.025494,False,
32.889869,-106.026535,False,
32.891628,-106.026554,False,
32.893387,-106.026567,False,
32.894264,-106.026578,False,
32.895156,-106.026577,False,
32.896025,-106.026592,False,
32.897782,-106.026607,False,
32.899541,-106.026624,False,
32.901300,-106.026637,False,
32.902184,-106.026649,False,
32.903060,-106.026655,False,
32.903943,-106.026661,False,
32.905697,-106.026675,False,
32.907453,-106.026694,False,
32.909216,-106.026705,False,
32.910095,-106.026716,False,
32.910972,-106.026723,False,
32.911853,-106.026730,False,
32.913638,-106.026739,False,
32.915356,-106.026769,False,
32.917133,-106.026748,False,
32.917131,-106.025744,False,
32.917112,-106.023610,False,
32.917124,-106.021453,False,
32.917136,-106.019348,False,
32.917145,-106.016138,False,
32.917172,-106.014027,False,
32.917168,-106.011892,False,
32.917195,-106.009765,False,
32.917207,-106.007604,False,
32.917218,-106.005470,False,
32.917241,-106.002273,False,
32.917238,-106.000208,False,
32.887239,-106.026535,False,
32.886368,-106.026556,False,
32.885456,-106.026520,False,
32.884546,-106.026522,False,
32.882804,-106.026509,False,
32.881047,-106.026477,False,
32.881051,-106.028461,False,
32.881042,-106.031458,False,
32.880196,-106.032428,False,
32.878487,-106.032415,False,
32.876794,-106.032384,False,
32.875944,-106.032386,False,
32.875090,-106.032370,False,
32.874232,-106.032355,False,
32.874110,-106.034641,False,
32.874114,-106.036699,False,
32.874119,-106.039835,False,
32.874107,-106.041959,False,
32.873433,-106.043018,False,
32.873423,-106.046161,False,
32.873442,-106.048262,False,
32.872678,-106.049353,False,
32.870506,-106.049477,False,
32.869804,-106.050514,False,
32.869832,-106.053380,False,
32.869822,-106.055431,False,
32.869810,-106.057479,False,
32.869815,-106.060547,False,
32.869802,-106.062619,False,
32.869790,-106.064589,False,
32.868923,-106.066855,False,
32.867163,-106.067078,False,
32.865793,-106.067193,False,
32.864484,-106.067196,False,
32.863674,-106.067214,False,
32.862841,-106.067233,False,
32.862047,-106.067268,False,
32.861225,-106.067269,False,
32.859708,-106.067288,False,
32.858957,-106.067289,False,
32.858182,-106.067290,False,
32.856632,-106.067293,False,
32.856003,-106.067295,False,
32.855175,-106.067313,False,
32.854216,-106.067315,False,
32.853315,-106.067336,False,
32.852444,-106.067356,False,
32.850574,-106.067359,False,
32.849673,-106.067383,False,
32.848768,-106.067404,False,
32.847883,-106.067406,False,
32.846974,-106.067408,False,
32.846091,-106.067409,False,
32.845165,-106.067411,False,
32.842667,-106.065108,False,
32.840984,-106.064688,False,
32.840145,-106.064460,False,
32.839306,-106.064233,False,
32.839084,-106.065740,False,
32.838788,-106.067751,False,
32.838899,-106.070434,False,
32.839724,-106.070650,False,
32.841479,-106.071594,False,
32.840606,-106.072732,False,
32.840064,-106.068837,False,
32.836749,-106.063594,False,
32.835043,-106.063169,False,
32.833287,-106.062767,True,2026-01
32.833852,-106.061383,True,2024-04
32.834517,-106.059722,True,2026-01
32.835084,-106.058251,True,2026-01
32.835665,-106.056784,True,2026-01
32.836273,-106.055318,True,2026-01
32.836863,-106.053842,True,2026-01
32.837458,-106.052380,True,2026-01
32.838037,-106.050898,True,2025-12
32.838629,-106.049446,True,2025-12
32.839219,-106.047984,True,2025-12
32.839809,-106.046507,True,2025-12
32.840399,-106.045037,True,2025-12
32.840994,-106.043564,True,2025-12
32.841584,-106.042089,True,2025-12
32.842169,-106.040624,True,2025-12
32.842759,-106.039158,True,2025-12
32.843936,-106.036214,True,2025-12
32.844323,-106.035254,True,2025-12
32.844834,-106.033981,True,2025-12
32.845801,-106.031570,True,2025-12
32.846436,-106.029978,True,2025-12
32.847005,-106.028569,True,2026-01
32.847597,-106.027099,True,2026-01
32.848186,-106.025631,True,2026-01
32.848771,-106.024166,True,2026-01
32.849307,-106.022835,True,2026-01
32.849831,-106.021506,True,2026-01
32.851010,-106.018571,True,2026-01
32.851480,-106.017435,True,2024-05
32.852061,-106.015956,True,2026-02
32.852586,-106.014642,True,2026-02
32.853092,-106.013360,True,2026-02
32.832927,-106.063677,True,2026-01
32.832376,-106.064908,True,2026-01
32.831713,-106.066245,True,2026-01
32.831006,-106.066133,False,
32.829573,-106.066661,False,
32.829532,-106.067411,False,
32.830050,-106.069689,True,2026-01
32.829193,-106.071434,True,2026-01
32.828766,-106.072307,True,2026-01
32.827981,-106.073943,False,
32.827470,-106.075129,True,2026-01
32.827232,-106.075747,True,2025-12
32.826784,-106.076990,True,2025-12
32.826094,-106.078346,True,2025-12
32.825426,-106.079687,True,2025-12
32.824920,-106.080711,True,2025-12
32.824036,-106.082400,True,2025-12
32.823370,-106.083763,True,2025-12
32.822667,-106.085121,True,2025-12
32.822058,-106.086304,True,2025-12
32.821433,-106.087559,True,2026-01
32.820786,-106.088821,True,2026-01
32.820080,-106.090214,True,2026-01
32.819378,-106.091593,True,2026-01
32.818686,-106.092997,True,2026-01
32.817438,-106.095469,True,2026-01
32.816749,-106.096826,True,2026-01
32.816060,-106.098186,True,2026-01
32.815356,-106.099533,True,2025-12
32.814736,-106.100797,True,2025-12
32.814041,-106.102138,True,2025-12
32.813366,-106.103500,True,2025-12
32.812677,-106.104854,True,2025-12
32.811313,-106.107550,True,2025-12
32.810626,-106.108901,True,2025-12
32.809937,-106.110261,True,2025-12
32.809253,-106.111608,True,2026-01
32.808564,-106.112967,True,2026-01
32.807880,-106.114317,True,2026-01
32.807194,-106.115673,True,2026-01
32.806507,-106.117027,True,2026-01
32.805940,-106.118144,True,2026-01
32.805385,-106.119236,True,2026-01
32.804823,-106.120343,True,2026-01
32.804260,-106.121458,True,2026-01
32.803546,-106.122762,True,2025-12
32.802795,-106.124339,True,2025-12
32.802095,-106.125712,True,2025-12
32.801539,-106.126810,True,2025-12
32.800150,-106.129515,True,2025-12
32.799470,-106.130855,True,2025-12
32.798791,-106.132224,True,2025-12
32.798219,-106.133321,True,2025-12
32.797653,-106.134433,True,2025-12
32.796477,-106.136756,True,2026-02
32.798889,-106.136777,False,
32.800123,-106.136783,False,
32.802582,-106.136778,False,
32.803821,-106.136814,False,
32.805039,-106.136826,False,
32.795909,-106.137865,True,2026-02
32.797886,-106.138485,False,
32.800606,-106.139376,False,
32.802012,-106.139838,False,
32.803411,-106.140281,False,
32.804816,-106.140748,False,
32.806231,-106.141201,False,
32.808862,-106.142016,False,
32.810277,-106.142516,False,
32.811707,-106.142980,False,
32.813122,-106.143438,False,
32.813455,-106.146061,False,
32.814491,-106.148663,False,
32.816178,-106.150736,False,
32.817883,-106.152865,False,
32.814512,-106.143897,False,
32.795227,-106.139224,True,2026-02
32.794543,-106.140564,True,2026-02
32.793848,-106.141921,True,2026-02
32.793174,-106.143285,True,2026-02
32.792481,-106.144651,True,2026-02
32.791795,-106.146003,True,2026-02
32.791108,-106.147334,True,2026-02
32.789732,-106.150058,True,2026-02
32.789041,-106.151418,True,2026-02
32.788346,-106.152765,True,2026-02
32.787669,-106.154112,True,2026-02
32.787000,-106.154984,True,2026-02
32.786310,-106.155881,False,
32.785679,-106.156702,False,
32.785119,-106.157916,False,
32.784491,-106.159283,False,
32.783858,-106.160687,False,
32.783246,-106.162056,False,
32.782584,-106.163453,False,
32.781939,-106.164841,True,2025-12
32.780683,-106.167611,True,2025-12
32.780051,-106.169013,True,2025-12
32.779289,-106.170329,True,2026-01
32.778670,-106.171412,True,2026-01
32.778048,-106.172568,True,2026-01
32.827948,-106.075971,True,2024-04
32.826016,-106.080570,False,
32.827573,-106.081341,False,
32.827806,-106.079807,False,
32.828106,-106.083202,False,
32.829552,-106.074936,False,
32.885933,-106.003709,False,
32.884601,-106.004099,False,
32.883217,-106.004505,False,
32.882287,-106.004778,False,
32.881293,-106.005074,False,
32.879964,-106.005462,False,
32.878529,-106.005887,False,
32.877135,-106.006292,False,
32.875756,-106.006701,False,
32.874246,-106.007142,False,
32.872246,-106.007738,False,
32.870848,-106.008144,False,
32.869469,-106.008552,False,
32.868031,-106.008975,False,
32.866678,-106.009369,False,
32.865284,-106.009779,False,
32.863884,-106.010192,False,
32.862500,-106.010598,False,
32.861112,-106.011006,False,
32.859726,-106.011412,False,
32.858348,-106.011818,False,
32.856949,-106.012230,False,
32.855548,-106.012639,False,
32.854176,-106.013043,True,2024-04
32.907996,-105.970570,True,2024-05
32.907967,-105.968251,False,
32.907931,-105.965915,False,
32.909127,-105.967580,False,
32.910219,-105.967591,False,
32.911040,-105.967618,False,
32.911837,-105.967624,True,2024-04
32.913299,-105.967637,True,2024-04
32.915467,-105.967659,True,2024-04
32.917007,-105.967671,True,2024-04
32.917781,-105.967684,True,2024-04
32.919205,-105.967697,False,
32.921429,-105.967719,False,
32.923215,-105.967721,False,
32.924908,-105.967753,False,
32.925661,-105.967760,False,
32.927373,-105.967779,False,
32.928910,-105.967796,False,
32.929653,-105.967805,False,
32.931197,-105.967819,False,
32.932902,-105.967834,False,
32.933756,-105.967837,False,
32.934870,-105.968017,True,2024-04
32.935660,-105.967508,False,
32.937371,-105.967571,False,
32.939069,-105.967589,True,2026-02
32.940714,-105.967611,True,2026-02
32.941513,-105.967619,False,
32.943145,-105.966701,True,2024-04
32.943765,-105.966028,True,2024-04
32.944909,-105.964735,True,2024-04
32.946047,-105.963464,True,2013-06
32.946644,-105.962792,True,2024-05
32.947675,-105.961643,True,2024-05
32.948885,-105.960288,True,2024-05
32.949859,-105.959197,True,2024-05
32.950963,-105.957966,True,2024-05
32.952139,-105.956649,True,2024-05
32.952660,-105.956070,True,2026-02
32.953140,-105.955531,True,2026-02
32.954200,-105.954348,True,2026-02
32.954757,-105.953723,True,2026-02
32.955289,-105.953128,True,2024-04
32.955814,-105.952538,True,2026-02
32.957871,-105.950270,True,2026-02
32.958973,-105.948952,False,
32.960016,-105.947793,False,
32.960796,-105.946898,False,
32.962649,-105.945380,False,
32.964674,-105.943713,False,
32.966098,-105.942563,True,2024-04
32.966457,-105.942266,True,2024-04
32.968030,-105.940991,False,
32.969580,-105.939734,False,
32.970318,-105.939171,False,
32.971620,-105.938063,False,
32.973001,-105.936943,False,
32.974631,-105.935634,False,
32.975695,-105.934756,False,
32.976687,-105.933945,False,
32.977764,-105.933062,False,
32.979336,-105.931770,False,
32.980207,-105.931077,True,2024-04
32.981317,-105.930163,True,2024-04
32.983167,-105.928640,False,
32.983478,-105.926000,False,
32.983703,-105.923333,False,
32.983859,-105.921079,True,2024-04
32.984011,-105.918790,True,2024-04
32.983860,-105.917085,False,
32.982815,-105.913314,False,
32.981765,-105.910944,True,2024-04
32.980625,-105.908484,False,
32.981198,-105.906897,True,2024-04
32.981763,-105.905235,True,2024-04
32.982234,-105.903649,True,2024-04
32.983010,-105.901296,True,2024-04
32.983378,-105.900112,True,2024-04
32.984450,-105.896804,False,
32.985130,-105.894636,False,
32.985555,-105.893276,False,
32.986386,-105.890644,False,
32.987139,-105.888400,False,
32.987658,-105.886669,False,
32.988360,-105.884481,False,
32.989022,-105.882349,True,2024-04
32.989447,-105.881052,True,2024-04
32.989850,-105.879850,False,
32.990169,-105.878885,False,
32.990400,-105.877937,True,2024-04
32.991300,-105.875185,False,
32.991150,-105.874262,True,2024-04
32.990669,-105.871371,True,2024-04
32.989966,-105.867118,False,
32.989479,-105.864073,False,
32.989007,-105.861510,False,
32.988693,-105.859666,False,
32.988283,-105.856832,True,2024-04
32.988088,-105.855296,True,2024-04
32.987764,-105.852754,False,
32.987409,-105.849893,False,
32.986951,-105.846486,False,
32.986386,-105.844712,False,
32.986490,-105.842802,False,
32.986051,-105.839232,True,2024-04
32.986125,-105.835932,False,
32.986140,-105.834920,False,
32.986238,-105.830680,False,
32.986297,-105.828128,False,
32.987651,-105.827634,False,
32.989546,-105.829076,False,
32.991410,-105.830494,False,
32.992997,-105.831674,False,
32.994884,-105.833131,False,
32.996376,-105.834270,False,
32.998482,-105.835863,False,
33.000732,-105.837584,False,
33.003819,-105.839928,False,
33.004003,-105.840068,False,
33.006740,-105.842135,False,
33.007997,-105.843085,False,
33.009201,-105.843999,False,
33.010497,-105.844999,False,
33.011968,-105.846116,False,
33.014232,-105.847841,False,
33.016068,-105.849222,False,
33.018467,-105.851045,False,
33.019593,-105.850028,False,
33.020559,-105.849156,False,
33.021688,-105.848137,False,
33.022860,-105.847077,False,
33.023496,-105.846476,False,
33.024417,-105.845649,True,2024-04
33.025826,-105.844361,True,2024-04
33.026602,-105.843643,False,
33.027957,-105.842444,False,
33.029196,-105.841343,False,
33.030331,-105.840312,False,
33.031438,-105.839311,False,
33.032635,-105.838225,False,
33.033885,-105.837105,False,
33.035091,-105.836719,False,
33.036296,-105.836334,False,
33.037855,-105.835834,False,
32.985063,-105.827850,False,
32.983542,-105.827536,False,
32.981623,-105.827129,False,
32.980201,-105.826824,False,
32.979424,-105.826661,False,
32.977743,-105.826299,False,
32.976030,-105.825921,False,
32.973803,-105.825445,False,
32.972099,-105.825067,False,
32.971121,-105.825132,False,
32.969690,-105.825215,False,
32.968138,-105.825301,False,
32.967015,-105.825375,False,
32.965784,-105.825442,False,
32.963939,-105.825556,False,
32.962217,-105.825652,False,
32.960163,-105.825767,False,
32.957958,-105.825901,False,
32.956267,-105.825998,False,
32.955161,-105.827191,False,
32.954892,-105.829280,False,
32.953821,-105.830864,False,
32.953316,-105.831581,False,
32.952114,-105.833133,False,
32.951602,-105.834471,False,
32.951151,-105.836844,True,2024-04
32.950376,-105.836674,True,2024-04
32.949476,-105.836705,False,
32.948357,-105.836664,True,2024-04
32.947338,-105.836668,True,2026-02
32.947545,-105.839070,True,2026-02
32.950655,-105.838484,True,2024-04
32.950209,-105.840003,True,2024-04
32.949687,-105.841911,True,2024-04
32.950656,-105.844069,True,2024-04
32.954224,-105.825963,False,
32.952150,-105.825788,True,2024-04
32.950135,-105.825821,True,2024-04
32.949903,-105.824756,False,
32.950906,-105.823014,True,2024-04
32.951964,-105.821208,False,
32.952357,-105.820563,False,
32.952751,-105.819845,False,
32.953054,-105.819345,False,
32.953670,-105.816990,False,
32.954931,-105.815828,False,
32.955829,-105.815016,False,
32.956758,-105.814175,True,2026-02
32.957787,-105.812690,False,
32.958848,-105.810832,False,
32.959364,-105.810054,False,
32.960155,-105.807986,False,
32.960542,-105.805703,False,
32.960807,-105.804938,False,
32.961671,-105.802470,False,
32.961947,-105.801609,False,
32.960571,-105.797588,False,
32.960584,-105.795159,True,2026-02
32.960260,-105.791785,True,2026-02
32.959782,-105.788758,True,2026-02
32.959933,-105.787023,True,2026-02
32.959853,-105.784980,True,2026-02
32.959700,-105.782045,True,2024-04
32.958892,-105.778641,True,2026-02
32.958592,-105.776155,True,2026-02
32.959437,-105.774092,True,2026-02
32.960057,-105.772642,False,
32.960507,-105.771703,False,
32.960676,-105.771351,False,
32.960839,-105.769041,True,2026-02
32.961188,-105.767173,True,2026-02
32.960144,-105.764773,False,
32.958102,-105.762718,False,
32.956050,-105.760247,False,
32.955600,-105.758335,False,
32.955247,-105.755495,False,
32.955069,-105.752835,False,
32.954371,-105.750834,False,
32.950328,-105.821512,True,2024-04
32.949407,-105.819651,True,2024-04
32.949734,-105.817160,False,
32.948224,-105.817591,True,2024-04
32.947607,-105.817618,True,2024-04
32.946291,-105.817080,True,2024-04
32.944442,-105.816315,True,2024-04
32.942399,-105.813138,True,2024-04
32.943278,-105.817415,False,
32.942578,-105.819347,False,
32.941997,-105.820010,False,
32.941235,-105.820404,False,
32.940302,-105.822179,False,
32.939654,-105.823420,False,
32.985107,-105.826234,False,
32.985213,-105.822127,False,
32.985322,-105.818345,False,
32.985397,-105.815666,False,
32.985401,-105.815540,False,
32.985476,-105.812820,False,
32.985570,-105.810142,False,
32.985605,-105.808362,False,
32.985664,-105.806179,False,
32.985736,-105.803592,False,
32.985813,-105.800869,False,
32.985906,-105.797358,False,
32.985944,-105.796132,False,
32.986453,-105.794152,False,
32.986994,-105.792863,False,
32.988030,-105.790694,False,
32.988508,-105.789843,False,
32.988945,-105.787999,False,
32.987829,-105.786313,False,
32.985779,-105.783797,False,
32.983396,-105.780286,False,
32.981954,-105.777333,False,
32.980710,-105.774440,False,
32.979797,-105.772349,False,
32.977347,-105.769028,False,
32.976055,-105.768098,False,
32.974423,-105.764014,False,
32.974124,-105.761358,False,
32.973753,-105.758490,True,2026-02
32.973406,-105.755842,True,2026-02
32.992246,-105.872161,True,2024-04
32.993383,-105.871388,True,2024-04
32.994555,-105.870605,False,
32.996155,-105.869480,False,
32.997274,-105.868790,True,2024-04
32.998297,-105.868086,True,2024-04
32.999273,-105.867441,True,2024-04
33.000629,-105.866497,False,
32.907437,-105.962779,True,2024-04
32.906163,-105.962746,False,
32.904899,-105.962731,False,
32.903794,-105.962719,False,
32.902701,-105.962707,False,
32.900352,-105.962661,True,2024-04
32.897855,-105.962612,True,2013-06
32.896630,-105.962580,False,
32.894496,-105.962669,False,
32.892382,-105.962760,False,
32.891264,-105.962800,True,2007-12
32.890668,-105.962793,True,2024-05
32.888725,-105.962778,False,
32.886614,-105.962771,False,
32.884256,-105.962741,False,
32.883179,-105.962731,False,
32.882097,-105.962718,False,
32.881005,-105.962705,False,
32.878620,-105.963327,False,
32.877405,-105.963644,False,
32.876185,-105.963963,False,
32.875011,-105.964264,False,
32.874042,-105.963953,True,2020-11
32.872423,-105.964280,False,
32.870927,-105.964660,False,
32.868667,-105.965245,False,
32.867464,-105.965546,False,
32.865969,-105.965913,False,
32.864434,-105.966315,False,
32.863020,-105.966672,False,
32.860519,-105.967198,False,
32.859448,-105.967380,False,
32.858270,-105.967576,False,
32.857091,-105.967769,False,
32.855839,-105.967981,False,
32.854615,-105.968184,False,
32.853486,-105.968382,True,2024-04
32.853436,-105.969782,True,2026-01
32.852740,-105.970680,False,
32.852055,-105.970788,False,
32.850770,-105.971007,False,
32.848784,-105.971340,False,
32.846793,-105.971674,False,
32.845473,-105.971896,False,
32.844816,-105.972008,False,
32.843497,-105.972230,False,
32.842835,-105.972338,False,
32.841502,-105.972564,True,2024-04
32.840860,-105.972668,True,2024-04
32.840194,-105.972781,True,2024-04
32.838858,-105.973006,True,2024-04
32.838326,-105.973093,True,2024-04
32.837197,-105.973280,False,
32.836605,-105.973377,False,
32.835353,-105.973583,False,
32.834707,-105.973696,True,2024-04
32.833384,-105.973915,False,
32.831395,-105.974249,False,
32.829758,-105.974526,False,
32.829418,-105.974581,False,
32.828099,-105.974799,True,2024-04
32.827438,-105.974912,True,2024-04
32.826108,-105.975132,False,
32.826107,-105.976982,False,
32.825444,-105.975248,False,
32.824762,-105.975360,False,
32.823441,-105.975580,False,
32.822789,-105.975688,False,
32.821483,-105.975909,False,
32.820839,-105.976010,False,
32.819511,-105.976239,False,
32.817543,-105.976568,False,
32.816126,-105.976805,False,
32.815568,-105.976895,False,
32.814251,-105.977117,False,
32.813641,-105.977220,False,
32.812270,-105.977448,False,
32.811605,-105.977558,True,2023-06
32.810945,-105.977668,True,2024-04
32.809649,-105.977882,True,2024-04
32.808969,-105.977998,True,2024-04
32.807712,-105.978210,True,2013-06
32.807283,-105.978294,True,2015-08
32.805673,-105.978531,True,2025-12
32.803721,-105.978855,False,
32.804037,-105.980442,True,2024-04
32.802199,-105.979114,False,
32.801515,-105.979224,False,
32.800404,-105.979410,True,2024-04
32.798864,-105.979659,False,
32.797526,-105.979889,False,
32.796459,-105.980067,False,
32.795192,-105.980276,False,
32.792563,-105.980724,False,
32.791239,-105.980932,False,
32.789925,-105.981164,False,
32.788581,-105.981383,False,
32.787257,-105.981600,False,
32.786264,-105.981769,False,
32.785921,-105.981837,False,
32.784586,-105.982060,False,
32.783253,-105.982270,False,
32.781957,-105.982482,False,
32.780975,-105.982650,False,
32.778910,-105.982993,False,
32.777373,-105.983235,False,
32.776291,-105.983494,False,
32.775210,-105.983700,False,
32.773916,-105.983947,False,
32.772589,-105.984065,False,
32.771985,-105.984167,False,
32.769956,-105.984500,True,2024-04
32.769272,-105.984617,True,2024-04
32.767422,-105.984922,False,
32.765075,-105.985288,False,
32.763757,-105.985456,False,
32.761111,-105.985959,False,
32.761177,-105.987506,False,
32.759759,-105.986196,False,
32.758421,-105.986419,False,
32.757382,-105.986652,False,
32.756059,-105.986943,False,
32.754733,-105.987236,False,
32.753439,-105.987516,False,
32.752124,-105.987802,False,
32.749616,-105.988375,False,
32.748305,-105.988661,False,
32.747192,-105.988900,False,
32.745871,-105.989140,False,
32.851287,-105.969396,True,2024-04
32.849104,-105.969758,True,2024-04
32.846924,-105.970125,True,2024-04
32.845022,-105.970442,True,2024-04
32.843250,-105.970739,True,2024-04
32.841077,-105.971100,True,2024-04
32.833462,-105.972364,True,2024-05
32.831277,-105.972741,True,2024-05
32.829106,-105.973101,True,2024-05
32.819420,-105.974721,True,2024-05
32.817247,-105.975086,True,2024-05
32.815345,-105.975401,True,2024-04
32.805194,-105.977100,True,2024-04
32.803228,-105.977403,True,2024-05
32.801343,-105.977739,True,2024-04
32.795020,-105.978799,True,2024-05
32.792844,-105.979166,True,2024-04
32.791752,-105.979348,True,2024-04
32.789582,-105.979709,True,2024-04
32.787405,-105.980075,True,2024-04
32.779788,-105.981350,True,2024-04
32.777606,-105.981714,True,2024-04
32.775358,-105.982090,True,2024-04
32.772031,-105.982641,True,2024-04
32.767646,-105.983376,True,2024-04
32.765482,-105.983738,True,2024-04
32.763303,-105.984106,True,2024-04
32.760030,-105.984651,True,2024-04
32.757849,-105.985016,True,2024-04
32.753902,-105.985677,True,2024-04
32.751726,-105.986042,True,2024-04
32.749634,-105.986393,True,2024-04
32.747499,-105.986747,True,2024-05
32.746389,-105.986934,True,2024-05
32.743727,-105.987375,True,2024-04
32.743687,-105.989664,False,
32.742164,-105.990001,False,
32.739524,-105.990570,False,
32.738203,-105.990840,False,
32.736895,-105.991160,False,
32.735645,-105.991519,False,
32.734510,-105.991710,False,
32.733194,-105.991960,False,
32.731887,-105.992261,False,
32.729234,-105.992703,False,
32.727906,-105.992917,False,
32.726596,-105.993155,False,
32.725260,-105.993370,False,
32.723934,-105.993588,False,
32.722612,-105.993820,False,
32.721289,-105.994041,False,
32.719965,-105.994263,False,
32.717750,-105.994635,False,
32.716427,-105.994854,False,
32.713776,-105.995295,False,
32.712449,-105.995517,False,
32.711127,-105.995739,False,
32.709805,-105.995976,False,
32.708480,-105.996195,False,
32.707158,-105.996411,False,
32.705831,-105.996633,False,
32.704515,-105.996872,False,
32.703208,-105.997086,False,
32.701894,-105.997314,False,
32.700535,-105.997542,False,
32.697865,-105.998007,False,
32.696594,-105.998202,False,
32.695274,-105.998429,False,
32.693950,-105.998640,False,
32.692624,-105.998867,False,
32.691303,-105.999091,False,
32.689974,-105.999322,False,
32.688647,-105.999538,False,
32.685997,-105.999982,False,
32.684671,-106.000202,False,
32.683347,-106.000424,False,
32.682023,-106.000644,False,
32.680694,-106.000864,False,
32.679365,-106.001086,False,
32.678042,-106.001301,False,
32.676715,-106.001531,False,
32.675390,-106.001754,False,
32.674067,-106.001973,False,
32.672740,-106.002187,False,
32.670252,-106.002616,False,
32.668932,-106.002835,False,
32.667609,-106.003052,False,
32.666288,-106.003265,False,
32.664961,-106.003482,False,
32.663643,-106.003718,False,
32.662311,-106.003942,False,
32.660985,-106.004160,False,
32.659659,-106.004371,False,
32.658329,-106.004592,False,
32.657001,-106.004816,False,
32.655674,-106.005035,False,
32.654363,-106.005269,False,
32.653266,-106.005451,False,
32.651946,-106.005675,False,
32.650619,-106.005895,False,
32.649293,-106.006104,False,
32.647923,-106.006343,False,
32.646870,-106.006521,False,
32.644435,-106.006916,False,
32.643110,-106.007133,False,
32.640587,-106.007560,False,
32.639491,-106.007746,False,
32.638164,-106.007964,False,
32.636840,-106.008195,False,
32.635512,-106.008408,False,
32.634185,-106.008641,False,
32.632863,-106.008848,False,
32.630184,-106.009297,False,
32.628889,-106.009512,False,
32.627564,-106.009732,False,
32.626236,-106.009955,False,
32.624912,-106.010174,False,
32.623575,-106.010398,False,
32.622248,-106.010621,False,
32.621005,-106.010825,False,
32.619572,-106.011066,False,
32.618455,-106.011252,False,
32.617117,-106.011476,False,
32.614650,-106.011885,False,
32.613322,-106.012107,False,
32.612005,-106.012329,False,
32.610678,-106.012550,False,
32.609585,-106.012733,False,
32.608272,-106.012954,False,
32.607174,-106.013132,False,
32.605851,-106.013355,False,
32.604764,-106.013536,False,
32.603449,-106.013756,False,
32.602024,-106.013992,False,
32.601205,-106.014131,False,
32.598894,-106.014515,False,
32.597619,-106.014726,False,
32.595375,-106.015102,False,
32.593936,-106.015342,False,
32.592764,-106.015537,False,
32.591405,-106.015763,False,
32.590265,-106.015952,False,
32.588923,-106.016175,False,
32.586434,-106.016589,False,
32.585249,-106.016787,False,
32.584141,-106.016968,False,
32.582945,-106.017171,False,
32.581585,-106.017400,False,
32.580304,-106.017612,False,
32.578988,-106.017842,False,
32.577671,-106.018053,False,
32.576526,-106.018242,False,
32.575233,-106.018458,False,
32.572871,-106.018853,False,
32.571555,-106.019075,False,
32.569030,-106.019495,False,
32.567679,-106.019724,False,
32.566350,-106.019940,False,
32.565127,-106.020149,False,
32.563601,-106.020405,False,
32.743738,-105.986551,True,2024-04
32.743577,-105.984255,True,2024-04
32.744220,-105.982474,True,2024-04
32.745554,-105.982487,True,2024-04
32.746884,-105.982486,True,2024-04
32.747993,-105.982490,True,2024-04
32.749125,-105.982491,True,2024-04
32.750320,-105.982496,True,2024-04
32.752364,-105.982506,True,2024-04
32.753840,-105.982508,True,2024-04
32.754626,-105.982516,True,2024-04
32.755869,-105.982520,True,2024-04
32.759287,-105.981944,True,2024-04
32.760275,-105.981788,True,2024-04
32.760231,-105.980512,False,
32.760229,-105.977675,False,
32.760242,-105.974808,False,
32.760228,-105.973413,True,2024-04
32.760213,-105.971222,False,
32.758908,-105.971234,False,
32.757610,-105.971211,False,
32.757614,-105.969846,False,
32.757616,-105.967419,False,
32.800731,-105.974429,True,2024-04
32.800227,-105.971273,True,2024-04
32.799727,-105.968224,True,2024-04
32.799219,-105.965125,True,2024-04
32.798860,-105.962966,True,2024-04
32.799639,-105.960698,False,
32.800797,-105.960695,False,
32.802701,-105.960704,False,
32.797777,-105.956360,True,2024-04
32.797176,-105.952939,True,2024-04
32.796917,-105.951400,True,2024-04
32.796389,-105.948344,True,2024-04
32.795490,-105.948287,False,
32.793552,-105.948178,False,
32.791950,-105.948085,False,
32.790766,-105.948017,False,
32.789617,-105.947942,False,
32.787288,-105.947804,False,
32.785049,-105.947699,False,
32.783811,-105.947642,False,
32.781374,-105.947550,False,
32.779137,-105.947462,False,
32.777933,-105.947423,False,
32.777054,-105.947402,False,
32.775998,-105.947353,False,
32.775004,-105.947313,False,
32.773561,-105.947270,False,
32.771106,-105.947177,False,
32.780190,-105.948771,False,
32.780242,-105.950495,False,
32.795899,-105.945503,True,2024-04
32.795619,-105.943962,False,
32.793726,-105.942227,False,
32.826135,-105.971935,False,
32.825187,-105.970961,True,2024-04
32.824228,-105.970958,True,2024-04
32.824252,-105.966394,True,2023-06
32.824265,-105.964118,True,2023-06
32.824276,-105.962820,True,2023-06
32.826420,-105.962825,True,2024-04
32.823491,-105.962820,True,2023-06
32.828013,-105.968677,True,2024-04
32.828024,-105.966357,True,2024-04
32.828034,-105.964125,True,2024-04
32.829058,-105.962828,True,2024-04
32.829828,-105.962832,True,2024-04
32.908281,-105.976221,True,2024-04
32.908265,-105.978899,True,2024-04
32.908255,-105.980641,True,2024-04
32.910126,-105.980688,False,
32.910089,-105.983819,False,
32.910074,-105.985958,False,
32.910051,-105.988111,False,
32.910149,-105.990448,False,
32.910124,-105.992921,False,
32.910102,-105.995452,False,
32.910077,-105.997914,False,
32.911101,-105.997921,False,
32.913301,-105.997965,False,
32.915493,-105.997971,False,
32.917276,-105.998014,False,
32.919654,-105.997998,False,
32.920781,-105.998004,False,
32.921907,-105.998000,False,
32.923037,-105.997992,False,
32.925289,-105.997967,False,
32.927535,-105.997953,False,
32.928665,-105.997939,False,
32.930922,-105.997928,False,
32.933185,-105.997918,False,
32.935428,-105.997928,False,
32.936563,-105.997918,False,
32.937688,-105.997910,False,
32.938813,-105.997911,False,
32.941072,-105.997896,False,
32.943148,-105.997893,False,
32.945030,-105.997885,False,
32.946813,-105.997775,False,
32.949073,-105.997743,False,
32.950195,-105.997721,False,
32.951329,-105.997699,False,
32.952465,-105.997696,False,
32.954063,-105.997682,False,
32.954074,-105.994556,False,
32.954993,-105.993410,False,
32.957060,-105.993064,False,
32.958060,-105.992887,False,
32.958904,-105.992752,True,2021-08
32.960016,-105.992560,True,2021-08
32.960931,-105.992561,False,
32.961984,-105.992563,False,
32.962753,-105.992560,False,
32.963694,-105.992562,False,
32.964777,-105.992555,True,2024-04
32.966231,-105.992547,False,
32.967362,-105.992589,False,
32.968454,-105.992608,False,
32.969536,-105.992608,False,
32.970661,-105.992608,True,2024-04
32.970283,-105.994061,True,2024-04
32.969144,-105.995978,True,2024-04
32.972071,-105.992550,True,2024-04
32.973176,-105.992549,False,
32.974497,-105.992550,True,2024-04
32.975567,-105.992547,False,
32.976991,-105.992526,False,
32.978339,-105.992585,False,
32.979319,-105.992586,False,
32.980211,-105.992587,False,
32.982039,-105.992591,True,2024-04
32.982784,-105.992584,True,2024-04
32.984084,-105.993262,True,2024-04
32.985947,-105.994226,True,2024-04
32.987108,-105.994830,True,2024-04
32.989063,-105.995830,True,2024-04
32.991018,-105.996836,True,2024-04
32.993036,-105.997874,True,2024-04
32.994044,-105.998395,True,2024-04
32.995056,-105.998916,True,2024-04
32.996064,-105.999432,True,2024-04
32.998084,-106.000472,True,2024-04
33.000758,-106.001849,True,2024-04
33.001863,-106.002414,True,2024-04
33.002927,-106.002962,True,2024-04
33.003878,-106.006041,True,2024-04
33.003857,-106.008281,True,2024-04
33.003864,-106.010620,True,2024-04
33.003868,-106.012669,True,2024-04
33.003857,-106.015808,True,2024-04
33.003866,-106.018395,True,2024-04
33.003860,-106.019709,True,2024-04
33.003873,-106.022328,True,2024-04
33.003861,-106.024911,True,2024-04
33.003849,-106.027527,True,2024-04
33.003978,-106.027779,True,2024-04
33.004954,-106.027787,True,2024-04
33.007041,-106.027799,True,2024-04
33.008594,-106.027797,True,2024-04
33.010182,-106.027800,True,2024-04
33.011017,-106.027796,True,2024-04
33.013330,-106.027806,True,2024-04
33.014849,-106.027814,True,2024-04
33.015982,-106.027818,True,2024-04
33.017306,-106.027809,True,2024-04
33.018141,-106.027818,True,2024-04
33.019717,-106.027821,True,2024-04
33.021308,-106.027834,True,2024-04
33.022877,-106.027836,True,2024-04
33.024460,-106.027844,True,2024-04
33.025616,-106.026228,False,
33.025622,-106.023928,False,
33.025630,-106.021468,False,
33.025646,-106.019869,False,
33.023129,-106.019336,False,
33.025652,-106.016701,False,
33.025819,-106.015148,False,
33.027131,-106.027842,True,2024-04
33.028704,-106.027848,True,2024-04
33.030279,-106.027847,True,2024-04
33.030915,-106.027854,True,2024-04
33.032947,-106.027867,True,2024-04
33.033880,-106.027867,True,2024-04
33.034822,-106.027875,True,2024-04
33.035736,-106.027877,True,2024-04
33.036591,-106.027888,True,2024-04
33.037895,-106.027887,True,2021-06
33.038891,-106.027890,True,2021-06
33.039901,-106.027895,True,2021-06
33.040228,-106.027882,True,2021-06
33.042075,-106.027886,True,2021-06
33.043641,-106.027887,True,2021-06
33.044621,-106.027898,True,2021-06
33.045699,-106.027903,True,2021-06
33.046790,-106.027902,True,2021-06
33.048915,-106.027908,True,2024-04
33.050296,-106.027971,True,2024-04
33.052640,-106.028565,False,
33.053687,-106.029109,False,
33.055884,-106.030266,False,
33.058111,-106.031432,False,
33.047499,-106.033127,True,2024-04
33.047487,-106.035033,True,2024-04
33.047461,-106.037798,True,2024-04
33.047458,-106.039307,True,2024-04
33.047458,-106.042314,True,2024-04
33.047469,-106.043836,True,2024-04
33.047487,-106.046375,True,2024-04
33.047509,-106.049204,True,2024-04
33.047732,-106.049339,True,2024-04
33.047515,-106.050952,True,2024-04
33.047530,-106.053408,True,2024-04
33.048692,-106.054403,True,2024-04
33.049836,-106.054402,True,2024-04
33.047531,-106.056034,True,2024-04
33.047541,-106.059113,True,2024-04
33.045175,-106.054391,False,
33.043925,-106.054391,False,
33.043491,-106.054387,False,
33.048669,-106.045523,True,2024-04
33.050250,-106.045596,True,2024-04
33.051087,-106.045637,True,2024-04
33.051821,-106.045671,True,2024-04
33.053398,-106.045751,True,2024-04
33.054893,-106.045817,True,2024-04
33.056593,-106.045911,True,2024-04
33.057607,-106.045959,True,2024-04
33.059550,-106.045818,True,2024-04
33.061122,-106.045618,True,2024-04
33.062201,-106.045488,True,2024-04
33.063589,-106.045307,True,2021-06
33.065198,-106.045324,True,2021-06
33.065905,-106.045298,True,2021-06
33.066745,-106.045338,True,2021-06
33.067603,-106.045344,True,2021-06
33.069244,-106.045354,True,2021-06
33.069635,-106.045355,True,2021-06
33.069617,-106.047166,True,2024-04
33.069583,-106.049597,True,2024-04
33.069631,-106.052381,True,2024-04
33.068540,-106.053768,False,
33.067436,-106.053764,False,
33.066760,-106.053763,False,
33.065378,-106.053753,False,
33.071815,-106.053801,True,2024-04
33.068971,-106.049603,False,
33.071002,-106.045360,True,2024-04
33.072333,-106.045375,True,2024-04
33.073204,-106.045375,True,2024-04
33.073342,-106.045375,True,2024-04
33.074928,-106.045394,True,2024-04
33.047746,-106.036658,True,2024-04
33.049735,-106.036780,True,2024-04
33.052161,-106.036940,False,
33.054434,-106.037058,False,
33.044729,-106.036603,False,
33.043129,-106.036552,False,
33.003539,-106.029043,False,
33.003548,-106.031580,False,
33.003552,-106.033916,False,
33.003550,-106.036232,False,
33.003554,-106.038509,False,
33.003558,-106.040786,False,
33.003566,-106.043063,False,
33.004636,-106.045338,False,
33.005717,-106.045336,False,
33.006739,-106.045333,False,
33.007781,-106.045331,False,
33.008809,-106.045328,False,
33.009848,-106.045326,False,
33.010914,-106.045346,False,
33.011953,-106.045365,False,
33.014041,-106.045425,False,
33.016125,-106.045420,False,
33.018213,-106.045437,False,
33.020299,-106.045453,False,
33.022380,-106.045470,False,
33.023440,-106.045457,False,
33.024478,-106.045476,False,
33.025482,-106.045477,False,
33.025485,-106.049070,False,
33.025489,-106.051465,False,
33.025493,-106.053860,False,
33.025497,-106.056255,False,
33.025500,-106.058649,False,
33.025504,-106.061044,False,
33.025508,-106.063439,False,
33.025511,-106.065834,False,
33.025513,-106.067022,False,
33.025516,-106.069417,False,
33.025529,-106.071802,False,
33.025495,-106.074177,False,
33.025463,-106.076552,False,
33.025432,-106.078927,False,
33.026203,-106.080313,False,
33.027300,-106.080311,False,
33.028386,-106.080309,False,
33.029474,-106.080330,False,
33.030428,-106.080328,False,
33.031373,-106.080326,False,
33.032346,-106.080324,False,
33.033299,-106.080382,False,
33.034266,-106.080380,False,
33.035217,-106.080398,False,
33.036179,-106.080396,False,
33.037138,-106.080394,False,
33.038100,-106.080392,False,
33.039065,-106.080410,False,
33.040021,-106.080428,False,
33.040986,-106.080446,False,
33.041942,-106.080484,False,
33.042909,-106.080482,False,
33.043869,-106.080480,False,
33.044830,-106.080503,False,
33.045791,-106.080515,False,
33.046756,-106.080513,False,
33.047684,-106.080531,False,
33.048695,-106.080533,False,
33.049665,-106.080511,False,
33.050649,-106.080509,False,
33.051629,-106.080512,False,
33.052610,-106.080510,False,
33.053594,-106.080508,False,
33.054572,-106.080506,False,
33.055556,-106.080504,False,
33.056535,-106.080502,False,
33.057513,-106.080501,False,
33.058497,-106.080499,False,
33.059481,-106.080497,False,
33.060460,-106.080495,False,
33.062411,-106.080491,False,
33.064337,-106.080428,False,
33.066255,-106.080364,False,
33.068170,-106.080321,False,
33.070085,-106.080238,False,
33.072011,-106.080194,False,
33.073937,-106.080131,False,
33.075860,-106.080047,False,
33.076893,-106.082092,True,2024-04
33.077003,-106.085255,True,2024-04
33.077059,-106.086845,True,2024-04
33.077060,-106.089352,True,2024-04
33.077104,-106.092234,True,2024-04
33.077150,-106.095197,True,2024-04
33.077151,-106.096646,True,2024-04
33.077172,-106.099581,False,
33.077184,-106.101054,False,
33.077180,-106.103988,False,
33.077180,-106.106920,False,
33.077182,-106.108395,False,
33.077179,-106.111331,False,
33.077196,-106.112792,False,
33.077223,-106.115152,False,
33.077261,-106.118084,False,
33.077288,-106.121135,False,
33.077301,-106.122469,False,
33.077323,-106.125143,False,
33.077343,-106.127812,False,
33.077370,-106.130512,False,
33.077411,-106.133184,False,
33.076785,-106.078853,True,2024-04
33.076704,-106.076499,True,2024-04
33.076686,-106.073756,True,2009-05
33.076678,-106.071518,True,2024-04
33.076666,-106.069285,True,2024-04
33.076657,-106.067051,True,2024-04
33.076638,-106.063692,True,2024-04
33.075064,-106.062356,True,2021-07
33.073600,-106.062348,True,2021-07
33.072160,-106.062339,True,2021-07
33.070709,-106.062320,True,2021-07
33.069462,-106.062318,True,2021-07
33.068017,-106.062306,True,2021-07
33.067086,-106.062295,True,2021-07
33.066580,-106.062294,True,2021-07
33.065137,-106.062273,True,2021-07
33.063685,-106.062263,True,2021-07
33.062118,-106.062262,True,2024-04
33.062112,-106.064607,False,
33.062103,-106.067024,False,
33.063646,-106.067157,False,
33.065095,-106.067264,False,
33.065743,-106.067317,False,
33.067121,-106.067431,False,
33.067788,-106.067485,False,
33.062098,-106.068574,False,
33.062082,-106.071619,False,
33.060584,-106.063136,True,2024-04
33.059491,-106.063127,True,2024-04
33.058450,-106.063129,True,2024-04
33.058547,-106.064986,False,
33.057355,-106.063117,True,2024-04
33.054894,-106.063113,True,2024-04
33.054896,-106.065309,False,
33.076621,-106.061392,True,2024-04
33.076612,-106.059539,True,2024-04
33.076601,-106.057084,True,2024-04
33.076587,-106.054786,True,2024-04
33.076577,-106.052480,True,2024-04
33.076564,-106.050177,True,2024-04
33.076548,-106.047872,True,2024-04
33.076539,-106.045599,True,2024-04
33.077625,-106.045290,True,2021-08
33.078574,-106.045289,True,2021-08
33.079508,-106.045287,True,2021-08
33.080431,-106.045258,True,2021-08
33.081366,-106.045253,True,2021-08
33.082278,-106.045235,True,2021-08
33.083375,-106.045233,True,2021-08
33.083519,-106.048737,True,2024-04
33.083859,-106.051076,True,2024-04
33.083863,-106.052512,True,2024-04
33.084381,-106.045366,True,2024-04
33.085357,-106.045363,False,
33.086212,-106.045361,False,
33.087707,-106.045327,False,
33.088041,-106.045195,False,
33.089401,-106.045174,False,
33.090152,-106.045173,False,
33.091661,-106.045165,True,2024-04
33.091697,-106.047896,True,2024-04
33.091730,-106.050325,True,2024-04
33.091781,-106.053774,True,2024-04
33.091598,-106.054734,True,2024-04
33.091632,-106.058183,True,2024-04
33.091640,-106.059886,True,2024-04
33.091650,-106.061586,True,2024-04
33.094156,-106.062465,True,2021-07
33.095224,-106.062442,True,2021-07
33.096454,-106.062422,True,2021-07
33.097613,-106.062411,True,2021-07
33.091675,-106.065022,False,
33.091695,-106.066740,False,
33.091708,-106.069383,False,
33.091721,-106.071120,False,
33.091698,-106.074646,False,
33.091692,-106.076176,False,
33.093674,-106.077466,False,
33.093660,-106.078482,False,
33.095739,-106.079607,False,
33.097125,-106.079587,False,
33.091818,-106.078684,False,
33.090684,-106.070324,False,
33.090927,-106.051905,False,
33.091655,-106.044688,True,2024-04
33.093736,-106.044592,False,
33.094903,-106.046716,False,
33.095164,-106.047259,False,
33.096041,-106.047255,False,
33.097787,-106.047243,False,
33.098651,-106.046286,False,
33.099554,-106.045166,False,
33.100421,-106.045134,False,
33.100419,-106.043156,False,
33.101378,-106.045135,False,
33.102286,-106.045119,False,
33.103248,-106.045107,False,
33.104170,-106.045098,False,
33.105074,-106.045068,False,
33.106034,-106.045063,True,2024-04
33.108037,-106.045293,False,
33.109136,-106.045323,False,
33.110236,-106.045343,False,
33.111335,-106.045363,False,
33.112434,-106.045383,False,
33.113344,-106.045400,False,
33.114130,-106.045415,False,
33.115732,-106.045439,False,
33.117931,-106.045479,False,
33.119030,-106.045500,False,
33.120157,-106.045520,False,
33.120159,-106.043789,False,
33.121227,-106.043998,False,
33.122518,-106.044270,False,
33.123828,-106.044536,False,
33.125241,-106.044773,False,
33.127832,-106.045275,False,
33.129147,-106.045528,False,
33.130490,-106.045793,False,
33.131946,-106.046070,False,
33.133080,-106.046194,False,
33.134357,-106.046328,False,
33.135675,-106.046464,False,
33.137016,-106.046607,False,
33.138341,-106.046825,False,
33.139658,-106.047053,False,
33.140965,-106.047258,False,
33.143632,-106.047700,False,
33.144826,-106.047906,False,
33.146149,-106.048128,False,
33.147489,-106.048344,False,
33.148808,-106.048565,False,
33.150125,-106.048792,False,
33.151450,-106.049013,False,
33.152772,-106.049232,False,
33.155425,-106.049681,False,
33.157248,-106.049983,False,
33.159401,-106.050338,False,
33.160723,-106.050560,False,
33.162054,-106.050788,False,
33.163361,-106.050999,False,
33.164533,-106.051188,False,
33.165850,-106.051409,False,
33.167164,-106.051636,False,
33.168611,-106.051877,False,
33.171371,-106.052344,False,
33.172517,-106.052531,False,
33.175153,-106.052972,False,
33.177615,-106.053379,False,
33.178679,-106.053566,False,
33.179288,-106.053667,False,
33.181560,-106.054035,False,
33.182886,-106.054261,False,
33.184205,-106.054483,False,
33.185507,-106.054692,False,
33.186715,-106.054899,False,
33.189449,-106.055351,False,
33.190513,-106.055534,False,
33.192995,-106.055946,False,
33.195494,-106.056363,False,
33.196834,-106.056585,False,
33.197982,-106.056777,False,
33.199356,-106.057008,False,
33.200437,-106.057198,False,
33.202773,-106.057582,False,
33.204087,-106.057800,False,
33.205315,-106.058007,False,
33.206621,-106.058226,False,
33.209237,-106.058659,False,
33.210543,-106.058878,False,
33.210697,-106.057882,False,
33.210955,-106.056321,False,
33.211251,-106.054269,False,
33.211172,-106.052038,False,
33.211016,-106.048697,False,
33.210908,-106.046468,False,
33.210808,-106.044238,False,
33.210699,-106.042012,False,
33.213172,-106.059323,False,
33.214249,-106.059503,False,
33.215582,-106.059722,False,
33.216907,-106.059945,False,
33.218208,-106.060162,False,
33.220840,-106.060601,False,
33.222164,-106.060824,False,
33.223491,-106.061042,False,
33.224812,-106.061268,False,
33.226082,-106.061461,False,
33.227456,-106.061703,False,
33.228783,-106.061918,False,
33.230100,-106.062142,False,
33.231395,-106.062355,False,
33.232719,-106.062581,False,
33.234035,-106.062797,False,
33.236566,-106.063219,False,
33.237890,-106.063439,False,
33.239225,-106.063663,False,
33.240526,-106.063877,False,
33.241849,-106.064101,False,
33.243173,-106.064321,False,
33.244498,-106.064536,False,
33.245815,-106.064756,False,
33.247139,-106.064972,False,
33.248462,-106.065201,False,
33.249773,-106.065414,False,
33.252426,-106.065854,False,
33.254835,-106.066258,False,
33.256176,-106.066472,False,
33.258796,-106.066905,False,
33.260117,-106.067129,False,
33.261445,-106.067353,False,
33.262516,-106.067529,False,
33.263878,-106.067750,False,
33.266522,-106.068190,False,
33.267595,-106.068369,False,
33.270246,-106.068820,False,
33.271565,-106.069033,False,
33.272909,-106.069258,False,
33.274214,-106.069473,False,
33.275541,-106.069697,False,
33.276711,-106.069891,False,
33.278039,-106.070105,False,
33.279354,-106.070338,False,
33.280677,-106.070556,False,
33.281998,-106.070770,False,
33.283327,-106.070986,False,
33.284645,-106.071211,False,
33.285964,-106.071426,False,
33.288624,-106.071871,False,
33.289946,-106.072086,False,
33.291268,-106.072310,False,
33.292587,-106.072534,False,
33.293908,-106.072748,False,
33.295215,-106.072967,False,
33.296545,-106.073191,False,
33.297897,-106.073410,False,
33.299205,-106.073633,False,
33.300523,-106.073849,False,
33.301617,-106.074026,False,
33.303850,-106.074400,False,
33.306003,-106.074759,False,
33.307995,-106.075096,True,2024-04
33.309288,-106.075419,True,2024-04
33.310613,-106.075750,True,2024-04
33.311920,-106.076080,True,2024-04
33.313227,-106.076412,True,2024-04
33.315848,-106.077079,True,2024-04
33.317528,-106.077503,True,2024-04
33.318213,-106.077681,True,2024-04
33.319545,-106.078016,True,2024-04
33.320844,-106.078344,True,2024-04
33.321972,-106.078630,True,2024-04
33.323279,-106.078961,True,2024-04
33.325892,-106.079626,True,2024-04
33.327191,-106.079956,True,2024-04
33.328503,-106.080288,True,2024-04
33.329814,-106.080621,True,2024-04
33.331124,-106.080951,True,2024-04
33.333735,-106.081611,True,2024-04
33.335042,-106.081948,True,2024-04
33.336362,-106.082277,True,2024-04
33.337667,-106.082609,True,2024-04
33.338967,-106.082942,True,2024-04
33.340258,-106.083267,True,2024-04
33.341304,-106.083538,False,
33.343792,-106.083720,False,
33.344874,-106.083595,True,2024-04
33.346799,-106.083200,True,2024-04
33.347672,-106.083007,True,2024-04
33.348921,-106.082733,True,2024-04
33.350045,-106.082492,True,2024-04
33.351139,-106.082256,True,2024-04
33.353758,-106.081682,True,2024-04
33.355090,-106.081387,True,2024-04
33.356411,-106.081103,True,2024-04
33.357725,-106.080817,True,2024-04
33.358772,-106.080585,True,2024-04
33.360084,-106.080303,True,2024-04
33.361172,-106.080062,True,2024-04
33.363372,-106.079584,True,2024-04
33.364419,-106.079362,True,2024-04
33.365768,-106.079065,True,2024-04
33.367083,-106.078778,True,2024-04
33.368347,-106.078500,True,2024-04
33.369708,-106.078199,True,2024-04
33.371026,-106.077914,True,2024-04
33.373479,-106.077380,True,2024-04
33.374796,-106.077095,True,2024-04
33.375960,-106.076835,True,2024-04
33.377114,-106.076583,True,2024-04
33.378379,-106.076309,True,2024-04
33.379694,-106.076021,True,2024-04
33.381013,-106.075733,True,2024-04
33.383634,-106.075159,True,2024-04
33.384946,-106.074873,True,2024-04
33.386285,-106.074588,True,2024-04
33.387614,-106.074295,True,2024-04
33.388888,-106.074010,True,2024-04
33.322328,-106.077783,True,2024-04
33.323191,-106.075692,False,
33.323940,-106.073918,False,
33.322980,-106.073242,False,
33.321824,-106.072951,True,2024-04
33.320433,-106.072054,False,
33.318504,-106.070802,False,
33.316900,-106.069085,False,
33.316095,-106.068226,False,
33.325247,-106.073766,False,
33.326525,-106.072702,False,
33.326656,-106.071385,False,
33.326888,-106.069106,False,
33.327042,-106.067607,False,
33.327193,-106.066131,False,
33.327908,-106.064345,False,
33.328412,-106.063170,False,
33.328919,-106.061961,False,
33.329432,-106.060741,False,
33.329966,-106.059387,False,
33.330482,-106.058201,False,
33.331079,-106.056742,False,
33.331636,-106.055404,True,2024-04
33.332237,-106.053977,True,2024-04
33.332818,-106.052581,True,2024-04
33.333407,-106.051162,False,
33.334545,-106.048422,False,
33.334776,-106.046920,False,
33.335027,-106.045319,False,
33.335267,-106.043765,False,
33.335756,-106.040604,False,
33.335996,-106.039024,False,
33.336221,-106.037608,False,
33.336463,-106.036046,False,
33.336945,-106.032944,False,
33.337180,-106.031396,False,
33.337615,-106.030195,False,
33.338442,-106.027833,False,
33.338964,-106.026322,False,
33.339425,-106.025028,False,
33.339947,-106.023540,False,
33.340974,-106.020636,False,
33.341494,-106.019157,False,
33.342007,-106.017700,True,2024-04
33.342507,-106.016302,True,2024-04
33.343026,-106.014865,False,
33.343536,-106.013415,False,
33.344060,-106.011925,False,
33.344895,-106.009093,True,2017-09
33.345140,-106.008059,True,2024-04
33.345597,-106.006188,False,
33.346716,-106.003689,False,
33.347305,-106.002338,False,
33.347970,-106.000893,False,
33.348550,-105.999597,False,
33.349135,-105.998291,False,
33.349788,-105.996832,False,
33.348764,-105.996319,False,
33.347833,-105.995853,True,2024-04
33.350243,-105.995857,False,
33.350875,-105.994433,False,
33.351573,-105.992894,False,
33.352083,-105.991741,False,
33.352702,-105.990408,False,
33.353365,-105.988859,False,
33.354114,-105.987281,False,
33.354554,-105.986315,False,
33.355139,-105.985032,False,
33.355887,-105.983378,False,
33.356530,-105.981913,False,
33.357227,-105.980445,False,
33.357876,-105.979001,False,
33.359207,-105.976064,False,
33.359899,-105.974545,False,
33.360533,-105.973119,False,
33.361126,-105.971811,False,
33.361578,-105.970814,False,
33.362029,-105.969819,False,
33.362775,-105.968192,False,
33.363737,-105.966047,False,
33.364153,-105.965130,False,
33.364774,-105.963757,False,
33.365237,-105.962179,False,
33.366387,-105.961611,True,2024-04
33.367370,-105.961089,True,2024-04
33.368243,-105.960643,True,2024-04
33.369285,-105.960116,True,2024-04
33.370258,-105.959616,True,2024-04
33.371094,-105.959184,False,
33.373624,-105.959547,False,
33.374835,-105.959759,False,
33.376363,-105.959940,False,
33.377674,-105.960126,False,
33.379087,-105.960332,False,
33.380530,-105.960548,False,
33.381871,-105.960738,False,
33.383141,-105.960919,False,
33.385515,-105.962502,False,
33.386525,-105.963184,False,
33.388993,-105.964839,False,
33.390273,-105.965687,False,
33.391537,-105.966530,False,
33.392785,-105.967361,False,
33.394024,-105.968203,False,
33.395295,-105.969053,False,
33.396532,-105.969890,False,
33.399009,-105.971476,False,
33.401189,-105.973042,False,
33.402498,-105.973882,False,
33.405005,-105.975615,False,
33.406771,-105.976730,False,
33.409418,-105.978462,False,
33.410710,-105.979328,False,
33.413228,-105.981009,False,
33.414706,-105.982009,False,
33.415895,-105.982780,False,
33.417025,-105.983123,False,
33.418313,-105.983652,False,
33.420032,-105.983242,False,
33.421432,-105.983634,False,
33.422347,-105.983901,False,
33.422854,-105.984941,False,
33.424651,-105.988144,False,
33.426712,-105.989038,False,
33.428356,-105.989374,False,
33.428775,-105.989320,False,
33.366233,-105.958786,False,
33.367064,-105.956000,False,
33.367385,-105.954864,False,
33.366259,-105.953999,False,
33.336082,-106.031523,False,
33.333899,-106.031798,False,
33.332766,-106.031942,False,
33.335972,-106.030138,False,
33.335716,-106.027144,False,
33.328463,-106.057632,False,
33.318244,-106.080620,False,
33.318244,-106.083349,False,
33.318248,-106.086043,False,
33.318250,-106.088754,False,
33.318250,-106.090111,False,
33.318263,-106.092730,False,
33.318285,-106.095349,False,
33.318326,-106.097967,False,
33.318345,-106.100586,False,
33.318363,-106.101895,False,
33.318376,-106.104514,False,
33.318390,-106.107133,False,
33.318427,-106.109751,False,
33.318469,-106.112369,False,
33.318484,-106.114988,False,
33.317727,-106.115283,False,
33.178697,-106.056423,False,
33.178707,-106.057999,False,
33.178729,-106.061083,False,
33.178749,-106.064218,False,
33.178758,-106.065783,False,
33.178780,-106.068917,False,
33.178790,-106.070299,False,
33.178808,-106.073433,False,
33.178819,-106.075002,False,
33.178839,-106.078125,False,
33.178848,-106.079599,False,
33.178863,-106.082733,False,
33.178874,-106.084301,False,
33.178898,-106.087308,False,
33.178913,-106.090101,False,
33.178920,-106.091675,False,
33.178932,-106.094441,False,
33.178927,-106.097252,False,
33.178958,-106.098782,False,
33.178983,-106.101950,False,
33.178993,-106.103534,False,
33.179007,-106.105688,False,
33.179015,-106.108832,False,
33.179025,-106.110399,False,
33.179046,-106.113406,False,
33.179066,-106.115534,False,
33.179081,-106.118698,False,
33.179094,-106.120062,False,
33.179106,-106.123206,False,
33.179121,-106.124779,False,
33.179132,-106.127945,False,
33.179150,-106.130897,False,
33.179158,-106.132343,False,
33.179166,-106.135456,False,
33.179176,-106.137013,False,
33.179190,-106.140156,False,
33.179189,-106.141681,False,
33.179202,-106.144815,False,
33.179187,-106.146270,False,
33.179201,-106.149383,False,
33.179220,-106.150968,False,
33.179277,-106.154066,False,
33.179286,-106.156705,False,
33.178092,-106.157455,False,
33.177025,-106.157990,False,
33.175805,-106.158588,False,
33.173788,-106.159586,False,
33.172706,-106.160120,False,
33.171627,-106.160654,False,
33.169469,-106.161719,False,
33.168392,-106.162252,False,
33.167310,-106.162788,False,
33.166235,-106.163319,False,
33.165150,-106.163858,False,
33.164078,-106.164383,False,
33.163008,-106.164915,False,
33.161940,-106.165443,False,
33.160843,-106.165984,False,
33.159835,-106.166484,False,
33.158693,-106.167060,False,
33.157599,-106.167597,False,
33.156535,-106.168126,False,
33.155633,-106.168570,False,
33.154723,-106.169023,False,
33.153810,-106.169472,False,
33.157229,-106.170507,False,
33.159212,-106.171046,False,
33.161084,-106.171779,False,
33.162816,-106.173516,False,
33.165281,-106.175974,False,
33.167065,-106.177768,False,
33.168850,-106.179559,False,
33.170642,-106.181346,False,
33.172433,-106.183138,False,
33.174218,-106.184921,False,
33.175116,-106.185812,False,
33.176852,-106.187556,False,
33.178636,-106.189338,False,
33.180425,-106.191128,False,
33.183103,-106.193808,False,
33.184890,-106.195594,False,
33.186673,-106.197380,False,
33.188462,-106.199178,False,
33.191139,-106.201872,False,
33.192889,-106.203618,False,
33.194594,-106.205333,False,
33.196297,-106.207048,False,
33.198361,-106.209949,False,
33.200320,-106.214842,False,
33.202532,-106.219468,False,
33.204700,-106.222747,False,
33.206141,-106.224928,False,
33.208313,-106.228199,False,
33.210435,-106.231409,False,
33.212560,-106.234620,False,
33.214731,-106.237896,False,
33.216178,-106.240070,False,
33.218352,-106.243346,False,
33.220530,-106.246609,False,
33.221992,-106.248781,False,
33.224160,-106.252028,False,
33.226366,-106.255259,False,
33.227105,-106.256341,False,
33.228534,-106.258431,False,
33.230009,-106.260580,False,
33.232225,-106.263821,False,
33.234390,-106.266982,False,
33.236516,-106.270103,False,
33.237225,-106.271136,False,
33.180367,-106.152715,False,
33.181682,-106.152690,False,
33.182542,-106.152690,False,
33.183320,-106.152679,False,
33.148574,-106.047175,True,2024-04
33.148282,-106.044520,False,
33.148169,-106.041379,False,
33.149160,-106.041315,False,
33.149836,-106.041271,False,
33.151062,-106.041192,False,
33.148060,-106.038429,False,
33.148002,-106.036799,False,
33.146575,-106.035470,False,
33.146031,-106.035485,False,
33.144273,-106.035288,False,
33.143541,-106.036783,False,
33.142297,-106.036777,False,
33.141068,-106.036773,False,
33.139985,-106.036774,False,
33.138886,-106.036764,False,
33.138822,-106.032435,False,
33.138815,-106.029624,False,
33.138813,-106.028214,False,
33.149205,-106.036804,False,
33.150069,-106.036981,False,
33.151124,-106.036979,False,
33.152180,-106.036976,False,
33.153235,-106.036974,False,
33.154291,-106.036971,False,
33.155371,-106.036969,False,
33.156421,-106.036966,False,
33.157471,-106.036964,False,
33.158521,-106.036961,False,
33.159570,-106.036958,False,
33.160620,-106.036956,False,
33.161670,-106.036953,False,
33.162731,-106.036752,False,
33.163790,-106.036749,False,
33.164848,-106.036747,False,
33.165906,-106.036744,False,
33.166964,-106.036742,False,
33.168022,-106.036739,False,
33.169081,-106.036737,False,
33.169083,-106.038071,False,
33.169085,-106.039405,False,
33.171054,-106.036732,False,
33.173027,-106.036727,False,
33.173307,-106.037874,False,
33.173377,-106.040160,False,
33.175179,-106.041173,False,
33.145969,-106.041391,False,
33.145036,-106.041404,False,
33.106098,-106.048400,True,2024-04
33.106160,-106.051693,True,2024-04
33.106195,-106.053357,True,2024-04
33.106239,-106.055809,True,2024-04
33.106291,-106.058247,True,2024-04
33.106338,-106.060987,True,2024-04
33.107536,-106.062171,False,
33.108723,-106.062158,False,
33.109895,-106.062141,False,
33.107036,-106.053671,False,
33.108853,-106.053640,False,
33.109842,-106.053616,False,
33.113451,-106.053584,False,
33.113797,-106.055848,False,
33.113801,-106.058226,False,
33.110787,-106.053610,False,
33.098615,-106.043016,False,
33.098627,-106.040388,False,
33.098625,-106.039193,True,2024-04
33.091604,-106.041634,True,2024-04
33.091589,-106.040036,True,2024-04
33.091545,-106.037216,True,2024-04
33.091509,-106.034710,False,
33.091476,-106.032818,False,
33.091429,-106.029198,True,2024-04
33.092473,-106.028424,False,
33.093300,-106.028253,False,
33.093802,-106.028150,False,
33.096400,-106.027936,False,
33.097642,-106.027886,False,
33.099937,-106.027875,False,
33.077639,-106.066823,False,
33.079407,-106.066827,False,
32.951956,-106.000532,False,
32.951628,-106.002279,False,
32.951260,-106.004209,False,
32.950943,-106.005940,False,
32.950599,-106.007754,False,
32.950371,-106.008970,True,2021-07
32.950095,-106.010465,True,2021-07
32.949630,-106.012977,False,
32.949414,-106.014094,False,
32.948892,-106.016908,False,
32.948647,-106.018203,False,
32.948303,-106.020029,False,
32.947978,-106.021778,False,
32.947629,-106.023619,False,
32.946575,-106.025039,True,2024-04
32.945657,-106.025754,True,2024-04
32.943805,-106.027181,True,2024-04
32.942880,-106.027889,True,2024-04
32.941992,-106.028571,True,2024-04
32.940221,-106.029936,True,2024-04
32.939542,-106.030623,True,2024-04
32.937972,-106.031339,True,2022-07
32.935934,-106.031358,False,
32.946872,-106.027661,False,
32.946591,-106.029148,False,
32.946222,-106.031064,False,
32.948887,-106.027660,False,
32.949899,-106.027672,False,
32.950851,-106.027679,False,
32.951849,-106.027687,False,
32.952841,-106.027693,False,
32.953844,-106.027698,False,
32.955038,-106.027702,False,
32.956737,-106.027720,False,
32.958323,-106.027729,False,
32.959887,-106.027730,False,
32.960904,-106.027734,False,
32.961936,-106.027734,False,
32.962945,-106.027743,False,
32.963958,-106.027743,False,
32.964980,-106.027746,False,
32.965997,-106.027750,False,
32.967019,-106.027748,False,
32.968382,-106.027747,False,
32.969985,-106.027765,False,
32.971610,-106.027776,False,
32.973180,-106.027790,False,
32.974794,-106.027810,False,
32.976352,-106.027819,False,
32.977910,-106.027831,False,
32.979504,-106.027869,False,
32.981105,-106.027897,False,
32.982693,-106.027930,False,
32.984281,-106.027956,False,
32.985861,-106.027985,False,
32.987450,-106.028018,False,
32.988993,-106.028050,False,
32.990565,-106.028074,False,
32.992155,-106.028100,False,
32.993707,-106.028135,False,
32.995071,-106.027936,False,
32.996434,-106.027740,False,
32.997535,-106.027747,False,
32.999121,-106.027754,False,
33.000713,-106.027763,False,
32.981762,-106.026873,False,
32.981770,-106.025558,False,
32.981813,-106.022451,False,
32.981825,-106.020862,False,
32.981839,-106.018051,False,
32.981848,-106.016698,False,
32.981872,-106.014499,False,
32.981898,-106.011292,False,
32.981917,-106.008186,False,
32.981931,-106.006455,False,
32.981952,-106.004726,False,
32.981984,-106.001243,False,
32.983442,-106.001267,False,
32.984868,-106.001283,False,
32.986223,-106.001293,False,
32.983002,-106.009997,False,
32.951777,-105.993942,False,
32.949491,-105.991400,False,
32.948337,-105.990128,False,
32.946210,-105.987785,False,
32.943905,-105.985237,False,
32.941589,-105.982689,False,
32.932142,-105.996655,True,2024-04
32.932146,-105.994112,True,2024-04
32.932175,-105.991572,True,2024-04
32.932182,-105.990306,True,2024-04
32.911086,-105.980678,False,
32.912856,-105.980700,False,
32.915180,-105.980751,False,
32.916754,-105.980778,False,
32.917592,-105.980792,True,2024-04
32.918319,-105.980802,False,
32.919893,-105.980832,False,
32.921257,-105.980854,False,
32.921256,-105.978492,False,
32.921257,-105.976942,False,
32.921261,-105.974412,False,
32.921554,-105.971998,False,
32.922953,-105.972021,False,
32.924864,-105.972047,False,
32.927461,-105.972091,False,
32.929617,-105.972110,False,
32.930717,-105.972135,False,
32.949045,-105.827536,True,2026-02
32.948249,-105.828409,True,2026-02
32.947704,-105.829730,True,2026-02
32.947336,-105.831744,True,2026-02
32.818720,-105.978274,False,
32.818709,-105.980415,False,
32.818151,-105.982083,True,2024-04
33.032926,-106.029008,False,
32.974811,-106.026191,False,
32.974840,-106.024554,False,
32.974905,-106.021305,False,
32.974928,-106.019664,False,
32.807706,-105.980984,True,2024-04
32.807715,-105.983399,True,2024-04
32.807716,-105.985683,True,2024-04
32.807718,-105.988299,True,2024-04
32.806502,-105.989287,True,2024-04
32.805797,-105.990383,True,2024-04
32.805808,-105.992913,True,2024-04
32.805276,-105.989302,True,2024-04
32.804582,-105.989304,True,2024-04
32.804051,-105.990962,True,2013-06
32.841622,-106.074171,False,
32.843169,-106.072132,False,
32.842714,-106.069426,False,
32.843561,-106.069738,False,
32.829630,-106.082765,False,
32.829630,-106.082141,False,
32.829637,-106.080082,False,
32.830487,-106.073186,False,
32.831875,-106.071384,False,
32.832346,-106.070773,False,
32.979818,-105.903264,False,
32.979391,-105.903970,False,
32.978087,-105.904953,False,
32.977401,-105.905341,False,
32.976146,-105.904597,True,2024-04
32.974019,-105.903923,True,2024-04
32.971476,-105.902243,True,2024-04
32.970181,-105.901056,True,2024-04
32.969275,-105.900214,True,2024-04
32.968154,-105.899193,True,2024-04
32.965820,-105.896717,True,2024-04
32.964802,-105.894580,True,2024-04
32.964242,-105.893311,True,2024-04
32.963097,-105.889887,False,
32.963171,-105.886838,False,
32.983604,-105.892536,False,
32.987496,-105.865003,False,
32.987003,-105.864909,False,
33.009223,-105.847005,False,
33.009227,-105.849147,False,
33.009222,-105.851252,False,
33.009233,-105.854006,False,
33.009225,-105.856598,False,
33.007855,-105.855315,False,
33.006833,-105.856310,False,
33.006228,-105.857439,False,
33.005547,-105.858736,False,
33.004482,-105.861156,True,2024-04
33.003738,-105.861158,False,
33.002892,-105.861175,False,
33.003724,-105.858266,False,
33.004338,-105.855819,True,2024-04
33.004746,-105.854346,True,2024-04
33.005068,-105.853097,True,2024-04
33.005616,-105.850984,False,
33.004409,-105.847615,True,2024-04
33.003724,-105.849338,False,
33.003545,-105.849275,False,
33.001538,-105.849283,False,
33.000870,-105.848095,False,
32.999762,-105.846429,False,
32.998506,-105.846276,False,
33.002886,-105.851294,False,
33.002423,-105.862923,False,
33.002070,-105.864227,False,
33.001454,-105.863700,False,
32.951627,-105.831484,False,
32.950037,-105.833166,False,
32.950156,-105.831248,False,
32.954395,-105.824586,False,
32.954831,-105.823217,False,
32.960488,-105.808917,False,
32.962611,-105.802757,True,2026-02
32.963516,-105.803040,True,2026-02
32.954498,-105.820175,True,2026-02
32.946325,-105.815675,False,
32.947020,-105.814415,False,
32.938925,-105.823742,False,
32.938279,-105.823536,False,
32.936295,-105.821041,False,
32.934250,-105.818363,False,
32.933516,-105.816756,False,
32.932863,-105.819072,False,
32.931731,-105.818045,False,
32.930150,-105.816464,False,
32.929989,-105.818515,False,
32.928420,-105.817672,False,
32.927374,-105.817408,False,
32.926468,-105.817703,False,
32.925506,-105.818033,False,
32.924578,-105.818720,False,
32.923151,-105.819836,False,
32.922389,-105.819774,False,
32.921554,-105.820580,False,
32.920702,-105.817106,False,
32.918466,-105.815091,False,
32.917717,-105.814944,False,
32.916660,-105.813793,False,
32.921414,-105.816548,False,
32.923464,-105.816974,False,
32.924899,-105.820387,False,
32.927187,-105.813835,False,
32.926596,-105.811361,False,
32.925163,-105.812801,False,
32.926487,-105.810102,False,
32.926657,-105.808775,False,
32.926759,-105.808258,False,
32.923832,-105.810194,False,
32.922971,-105.810346,False,
32.921794,-105.810597,False,
32.920037,-105.810875,False,
32.918849,-105.808997,False,
32.918168,-105.807989,False,
32.915859,-105.805423,False,
32.916735,-105.809910,False,
32.915435,-105.810547,False,
32.995931,-105.869063,True,2024-04
32.994963,-105.867122,False,
32.997067,-105.866675,False,
32.997570,-105.865383,False,
32.989497,-105.873231,False,
32.987368,-105.873223,False,
32.987402,-105.871971,False,
32.988873,-105.874129,False,
32.986506,-105.888152,False,
32.985919,-105.887563,False,
32.984098,-105.886284,False,
32.984994,-105.897937,True,2024-04
32.826079,-105.980394,False,
32.817163,-105.982082,True,2024-04
32.816308,-105.982083,True,2024-04
32.814561,-105.982074,True,2024-04
32.813422,-105.982082,True,2024-04
32.813618,-105.983592,True,2024-04
32.814577,-105.980565,True,2024-04
32.803104,-105.991545,False,
32.802249,-105.991534,False,
32.801658,-105.992614,False,
32.808105,-105.978987,True,2015-08
32.666323,-106.001123,True,2025-12
32.667564,-106.000100,True,2024-04
32.670015,-105.999692,True,2024-04
32.671235,-105.999489,True,2024-04
32.673555,-105.999098,True,2024-04
32.674759,-105.998899,True,2024-04
32.677218,-105.998479,True,2024-04
32.678404,-105.998288,True,2024-04
32.680594,-105.997919,True,2024-04
32.681766,-105.997726,True,2024-05
32.683718,-105.997389,True,2024-05
32.685278,-105.997139,True,2024-05
32.687618,-105.996751,True,2024-05
32.688792,-105.996554,True,2024-05
32.689959,-105.996364,True,2024-05
32.692300,-105.995970,True,2024-05
32.694633,-105.995576,True,2024-04
32.695806,-105.995381,True,2024-04
32.696996,-105.995093,True,2024-04
32.699109,-105.994831,True,2024-04
32.639950,-106.004703,True,2024-04
32.638796,-106.004908,True,2024-04
32.637643,-106.005099,True,2024-04
32.636484,-106.005293,True,2024-04
32.634173,-106.005681,True,2024-05
32.633017,-106.005869,True,2024-05
32.631859,-106.006064,True,2024-05
32.630707,-106.006254,True,2024-05
32.628387,-106.006639,True,2024-05
32.627234,-106.006833,True,2024-05
32.625206,-106.007172,True,2024-05
32.623171,-106.007513,True,2024-04
32.622161,-106.007680,True,2024-04
32.621184,-106.007833,True,2024-04
32.618826,-106.008235,True,2024-04
32.617739,-106.008416,True,2024-04
32.616647,-106.008597,True,2024-04
32.614479,-106.008962,True,2024-04
32.613385,-106.009143,True,2024-04
32.611210,-106.009507,True,2024-04
32.609032,-106.009867,True,2024-04
32.607908,-106.010055,True,2024-04
32.606791,-106.010239,True,2024-04
32.604510,-106.010619,True,2024-04
32.603355,-106.010811,True,2024-04
32.601202,-106.011166,True,2024-04
32.598899,-106.011553,True,2024-04
32.596584,-106.011937,True,2024-04
32.595428,-106.012127,True,2024-04
32.593319,-106.012477,True,2024-04
32.592163,-106.012669,True,2024-04
32.591004,-106.012861,True,2024-04
32.588689,-106.013245,True,2024-04
32.587532,-106.013436,True,2024-04
32.586378,-106.013627,True,2024-04
32.585218,-106.013820,True,2024-04
32.583096,-106.014174,True,2024-04
32.581206,-106.014487,True,2024-04
32.579101,-106.014837,True,2024-04
32.577939,-106.015029,True,2024-04
32.575626,-106.015415,True,2024-04
32.574472,-106.015607,True,2024-04
32.573312,-106.015797,True,2024-04
32.571002,-106.016186,True,2024-04
32.569848,-106.016375,True,2024-04
32.567533,-106.016759,True,2024-04
32.565350,-106.017119,True,2024-04
32.563040,-106.017504,True,2024-04
32.560931,-106.017853,True,2024-04
32.559844,-106.018032,True,2024-04
32.558686,-106.018224,True,2024-04
32.557594,-106.018405,True,2024-04
32.555282,-106.018788,True,2024-05
32.554129,-106.018979,True,2024-05
32.553034,-106.019162,True,2024-05
32.725034,-105.990492,True,2024-04
32.724787,-105.987236,False,
32.723763,-105.986260,False,
32.722546,-105.986263,False,
32.721339,-105.986267,False,
32.720127,-105.986273,False,
32.719184,-105.986275,False,
32.724547,-105.984208,True,2024-04
32.724479,-105.983361,False,
32.724408,-105.982513,False,
32.724173,-105.979380,False,
32.723907,-105.976046,False,
32.723796,-105.974660,False,
32.723556,-105.971519,False,
32.723459,-105.969951,False,
32.723183,-105.966806,False,
32.722935,-105.963640,False,
32.722809,-105.962069,False,
32.722562,-105.958909,False,
32.722439,-105.957344,False,
32.722318,-105.955789,False,
32.722202,-105.954210,False,
32.719721,-105.953296,False,
32.718477,-105.952834,False,
32.715968,-105.951905,False,
32.713479,-105.950987,False,
32.712202,-105.950510,False,
32.710105,-105.950514,False,
32.708387,-105.949099,False,
32.708188,-105.946395,False,
32.708195,-105.943710,False,
32.708199,-105.942354,False,
32.709413,-105.941090,False,
32.710641,-105.941087,False,
32.711887,-105.941085,False,
32.708177,-105.939858,False,
32.708153,-105.937385,False,
32.708147,-105.934913,False,
32.708122,-105.932447,False,
32.705865,-105.945270,False,
32.704623,-105.945259,False,
32.703510,-105.945267,False,
32.702297,-105.945262,False,
32.701079,-105.942578,False,
32.701086,-105.939935,False,
32.699972,-105.939799,False,
32.698966,-105.939687,False,
32.701088,-105.938622,False,
32.699920,-105.945258,False,
32.698648,-105.945253,False,
32.697374,-105.945250,False,
32.696179,-105.945246,False,
32.693661,-105.945231,False,
32.693672,-105.943769,False,
32.693679,-105.940855,False,
32.693682,-105.939397,False,
32.694806,-105.938515,False,
32.693690,-105.936586,False,
32.693704,-105.933846,False,
32.693709,-105.931406,False,
32.708169,-105.949692,False,
32.706108,-105.949729,False,
32.712054,-105.952139,False,
32.711750,-105.955452,False,
32.711610,-105.957072,False,
32.711456,-105.958690,False,
32.711198,-105.961485,False,
32.710119,-105.962431,False,
32.708129,-105.962479,False,
32.706959,-105.962482,False,
32.705788,-105.962486,False,
32.704617,-105.962490,False,
32.702275,-105.962503,False,
32.701104,-105.962507,False,
32.699933,-105.962502,False,
32.698762,-105.962506,False,
32.697591,-105.962510,False,
32.696420,-105.962513,False,
32.696413,-105.963908,False,
32.696399,-105.966437,False,
32.696407,-105.968966,False,
32.694065,-105.968968,False,
32.693744,-105.967700,False,
32.692064,-105.966567,False,
32.721948,-105.951043,False,
32.721691,-105.947905,False,
32.721576,-105.946324,False,
32.721330,-105.943187,False,
32.721080,-105.940062,False,
32.720961,-105.938493,False,
32.720713,-105.935359,False,
32.720463,-105.932188,False,
32.720346,-105.930632,False,
32.720104,-105.927550,False,
32.719877,-105.924718,False,
32.720933,-105.923659,False,
32.723231,-105.924146,False,
32.725630,-105.924638,False,
32.726830,-105.924880,False,
32.727507,-105.925020,False,
32.725488,-105.980808,False,
32.726865,-105.980560,False,
32.728741,-105.980281,False,
32.729050,-105.981887,False,
32.731153,-105.981737,False,
32.727430,-105.981902,False,
32.727434,-105.979170,False,
32.721348,-105.981794,False,
32.720144,-105.981795,False,
32.723942,-105.990677,True,2024-04
32.755542,-105.971210,False,
32.753447,-105.969803,False,
32.753434,-105.966879,False,
32.753429,-105.965361,False,
32.754493,-105.972682,True,2024-04
32.754483,-105.974329,False,
32.754461,-105.977630,False,
32.762507,-105.976927,False,
32.763317,-105.976927,False,
32.762788,-105.981368,True,2024-04
32.765226,-105.980960,True,2024-04
32.766354,-105.980771,True,2024-04
32.768486,-105.980416,True,2024-04
32.771444,-105.979912,True,2024-04
32.772450,-105.979734,True,2024-04
32.773479,-105.979569,True,2024-04
32.775513,-105.979224,True,2024-04
32.775520,-105.977117,True,2024-04
32.776724,-105.979017,True,2024-04
32.779157,-105.978612,True,2024-04
32.780091,-105.978456,True,2024-04
32.781617,-105.976939,True,2024-04
32.781616,-105.974949,True,2024-04
32.779152,-105.973452,True,2024-04
32.777161,-105.973448,True,2024-04
32.771423,-105.977552,True,2024-04
32.771429,-105.974925,True,2024-04
32.767513,-105.980001,True,2024-04
32.767509,-105.977719,True,2024-04
32.767500,-105.974696,True,2024-04
32.768631,-105.973422,True,2024-04
32.770898,-105.971867,False,
32.770901,-105.968786,False,
32.770902,-105.967236,False,
32.770905,-105.964119,False,
32.770898,-105.962754,True,2023-06
32.769959,-105.962749,False,
32.772124,-105.973430,True,2024-04
32.774576,-105.973419,True,2024-04
32.774564,-105.971877,True,2023-06
32.774575,-105.968791,True,2023-06
32.774570,-105.967230,True,2023-06
32.765267,-105.973404,True,2024-04
32.763908,-105.973408,True,2023-06
32.763906,-105.970262,True,2023-06
32.763595,-105.967868,True,2023-06
32.763821,-105.966040,True,2023-06
32.741365,-105.987771,True,2024-05
32.740135,-105.987976,True,2024-05
32.737802,-105.988368,True,2024-05
32.735428,-105.988768,True,2024-05
32.799208,-105.956378,False,
32.800614,-105.956385,False,
32.822843,-105.960448,True,2023-06
32.822824,-105.958162,True,2024-04
32.822837,-105.955791,True,2024-04
32.822832,-105.953510,True,2024-04
32.822824,-105.951214,True,2024-04
32.830068,-105.961618,True,2024-04
32.830067,-105.960010,True,2024-04
32.830743,-105.958195,True,2024-04
32.830061,-105.954669,True,2024-04
32.830057,-105.952390,True,2024-04
32.853624,-105.963615,True,2024-04
32.853686,-105.961108,True,2024-04
32.853720,-105.959723,True,2013-06
32.853610,-105.956919,True,2024-04
32.853604,-105.954345,True,2024-04
32.853597,-105.952904,True,2024-04
32.853606,-105.950316,False,
32.853634,-105.947923,False,
32.853608,-105.945361,False,
32.853579,-105.942285,False,
32.853547,-105.939776,False,
32.853527,-105.938206,False,
32.853506,-105.936015,False,
32.853476,-105.933377,False,
32.853448,-105.930398,False,
32.854284,-105.929151,False,
32.855148,-105.927811,False,
32.855983,-105.926509,False,
32.856750,-105.925269,False,
32.858073,-105.925001,False,
32.859346,-105.924742,False,
32.967360,-105.992103,False,
32.967368,-105.989339,False,
32.975663,-105.989938,True,2024-04
33.016438,-106.024650,False,
33.016422,-106.021716,False,
33.016425,-106.020233,False,
33.032937,-106.026172,False,
33.032920,-106.023617,False,
33.033059,-106.021649,False,
33.034031,-106.021578,False,
33.035009,-106.021535,False,
33.035954,-106.021478,False,
33.030847,-106.019251,False,
33.030018,-106.017825,False,
33.029348,-106.016663,False,
33.028195,-106.015970,False,
33.040236,-106.025166,False,
33.038783,-106.023719,False,
33.062193,-106.043752,True,2024-04
33.062186,-106.042032,True,2024-04
33.062178,-106.039229,True,2024-04
33.062174,-106.037833,True,2024-04
33.062172,-106.035128,True,2024-04
33.062176,-106.047479,True,2024-04
33.077779,-106.080004,False,
33.079700,-106.079378,False,
33.080735,-106.078326,False,
33.080786,-106.082499,False,
33.074558,-106.085557,False,
33.073462,-106.085552,False,
33.072356,-106.085578,False,
33.077336,-106.095033,True,2024-04
33.059459,-106.060916,False,
33.059445,-106.059550,False,
33.106010,-106.042098,True,2024-04
33.105986,-106.040645,True,2024-04
33.331301,-106.078437,False,
33.342275,-106.009782,False,
33.341210,-106.009473,False,
33.319416,-106.097841,False,
33.239542,-106.062402,True,2024-04
33.228772,-106.061480,False,
33.183144,-106.150366,False,
33.118012,-106.041559,True,2024-04
33.116925,-106.041387,True,2024-04
33.115824,-106.041226,True,2024-04
33.114733,-106.041054,True,2024-04
33.120198,-106.041324,False,
33.120249,-106.038264,False,
33.120272,-106.036544,False,
33.120335,-106.033083,False,
33.120365,-106.031398,False,
33.120394,-106.029656,False,
33.101226,-106.027864,False,
33.090391,-106.036376,False,
33.075263,-106.057973,False,
33.004998,-106.014927,False,
33.006064,-106.014946,False,
33.003993,-106.012711,True,2024-04
33.004799,-106.010616,False,
33.006117,-106.010601,False,
33.007370,-106.010592,False,
33.008252,-106.010584,False,
33.007364,-106.009395,False,
33.007391,-106.007131,False,
32.968355,-105.997311,True,2024-04
32.967872,-105.998101,True,2024-04
32.968892,-105.999164,False,
32.970996,-105.999155,False,
32.972096,-105.999159,False,
32.972862,-105.999159,False,
32.973926,-105.999168,False,
32.973203,-105.997048,False,
32.966767,-105.999915,True,2024-04
32.965505,-105.998077,False,
32.963539,-105.998081,False,
32.961754,-105.998078,True,2024-04
32.963683,-105.989557,False,
32.963694,-105.986989,False,
32.952626,-106.006659,False,
32.953982,-106.006661,True,2022-07
32.955355,-106.006672,False,
32.956706,-106.006687,False,
32.958090,-106.006677,False,
32.959450,-106.006665,False,
32.960600,-106.006677,True,2024-04
32.962202,-106.006677,True,2024-04
32.962482,-106.006682,True,2024-04
32.961194,-106.009370,True,2024-04
32.960554,-106.010404,True,2024-04
32.959901,-106.011489,True,2024-04
32.959901,-106.013013,False,
32.959907,-106.014495,False,
32.961027,-106.014484,False,
32.962650,-106.014485,False,
32.965327,-106.014451,False,
32.964986,-106.016428,False,
32.966307,-106.014460,False,
32.966622,-106.016024,False,
32.968366,-106.014458,False,
32.970229,-106.014476,True,2024-04
32.970595,-106.014476,True,2024-04
32.971148,-106.016399,False,
32.972052,-106.014501,False,
32.972895,-106.014494,False,
32.972836,-106.015704,False,
32.973599,-106.013414,False,
32.974661,-106.014363,False,
32.976291,-106.014363,False,
32.976288,-106.015402,False,
32.976253,-106.017936,False,
32.978991,-106.017859,False,
32.979123,-106.015428,False,
32.970122,-106.017770,True,2024-04
32.965405,-106.012383,False,
32.966434,-106.012202,False,
32.965414,-106.011013,False,
32.964143,-106.006824,False,
32.964239,-106.004244,True,2024-04
32.964375,-106.004245,True,2024-04
32.966219,-106.004242,False,
32.965984,-106.001301,True,2024-04
32.964138,-106.001283,False,
32.961775,-106.001291,False,
32.934942,-106.032043,False,
32.934541,-106.031987,False,
32.953848,-106.024533,False,
32.954423,-106.023195,False,
32.955615,-106.021928,False,
32.955625,-106.020671,False,
32.974992,-106.016483,False,
32.993927,-106.025577,False,
32.981996,-106.000200,False,
32.982015,-105.998043,False,
32.982216,-105.998072,False,
32.982241,-105.995885,False,
32.839406,-106.073008,False,
32.829638,-106.077700,False,
32.872145,-106.045206,False,
32.986533,-105.894666,True,2024-04
32.988296,-105.893540,False,
32.988298,-105.894697,False,
32.989531,-105.899351,False,
32.990703,-105.900525,False,
32.992408,-105.902209,False,
32.994078,-105.902457,False,
32.994717,-105.902086,False,
32.996405,-105.901028,False,
32.996468,-105.899481,False,
32.996478,-105.896609,False,
32.998146,-105.898615,False,
32.991071,-105.885213,True,2024-04
32.988739,-105.886014,True,2024-04
32.990240,-105.887510,True,2024-04
32.991792,-105.889514,False,
32.990093,-105.864943,False,
32.990692,-105.863608,False,
32.991496,-105.861706,False,
32.992218,-105.861090,False,
32.993473,-105.860021,False,
32.994175,-105.859427,False,
32.994923,-105.858106,False,
32.995230,-105.857594,False,
32.996081,-105.856993,False,
32.997522,-105.857115,False,
32.998320,-105.856123,False,
32.995756,-105.854452,False,
32.996412,-105.853836,False,
32.995776,-105.852894,False,
32.993430,-105.853713,False,
32.989342,-105.851943,True,2024-04
32.990323,-105.851346,False,
32.991909,-105.851302,False,
32.988320,-105.842798,False,
32.989242,-105.842744,True,2024-04
32.990469,-105.842680,False,
32.992693,-105.842824,False,
32.994242,-105.843041,False,
32.994951,-105.842971,False,
32.990490,-105.843009,False,
32.990684,-105.845570,False,
33.005942,-105.842601,True,2024-04
33.016395,-105.847523,False,
33.016677,-105.846011,False,
33.034236,-105.833490,False,
33.035816,-105.832896,False,
33.025695,-105.844168,True,2024-04
33.001021,-105.840299,False,
32.958607,-105.826414,False,
32.946188,-105.836588,False,
32.945477,-105.836597,False,
32.944224,-105.836080,False,
32.943168,-105.836540,False,
32.947711,-105.841345,True,2026-02
32.946170,-105.842800,False,
32.944577,-105.842555,False,
32.943714,-105.841787,True,2024-04
32.943746,-105.841183,True,2024-04
32.945913,-105.846425,False,
32.946634,-105.846300,False,
32.947658,-105.845854,False,
32.952268,-105.843916,True,2024-04
32.952452,-105.842399,False,
32.952572,-105.841462,False,
32.952788,-105.839346,False,
32.953975,-105.838571,False,
32.954530,-105.838554,False,
32.954549,-105.840350,False,
32.954912,-105.843092,False,
32.955747,-105.846843,False,
32.956046,-105.838230,False,
32.956617,-105.837727,False,
32.958878,-105.837942,False,
32.956457,-105.838438,False,
32.952099,-105.846708,False,
32.951699,-105.848596,False,
32.952892,-105.850120,False,
32.954362,-105.850570,False,
32.955897,-105.851162,True,2024-04
32.957735,-105.851780,True,2024-04
32.959075,-105.852249,True,2024-04
32.961768,-105.853396,False,
32.962530,-105.853453,False,
32.962961,-105.856049,False,
32.962279,-105.857905,False,
32.961783,-105.859178,False,
32.961049,-105.861193,True,2024-04
32.960182,-105.863665,False,
32.959628,-105.865103,False,
32.958731,-105.867560,False,
32.957944,-105.869393,False,
32.956777,-105.871683,False,
32.955805,-105.873598,True,2024-04
32.955216,-105.874791,True,2024-04
32.954533,-105.876115,True,2024-04
32.954098,-105.876987,True,2024-04
32.954172,-105.877885,True,2024-04
32.954588,-105.878386,True,2024-04
32.957003,-105.881114,False,
32.958885,-105.848180,False,
32.959732,-105.848333,False,
32.959465,-105.845091,False,
32.959500,-105.843128,False,
32.957371,-105.842246,False,
32.961278,-105.848578,False,
32.958361,-105.780622,False,
32.956353,-105.776949,False,
32.955647,-105.774751,False,
32.953745,-105.773692,False,
32.954064,-105.773107,False,
32.957240,-105.781297,False,
32.956695,-105.781513,False,
32.956277,-105.781752,False,
32.954926,-105.781465,False,
32.954391,-105.781702,False,
32.954454,-105.783573,False,
32.954128,-105.783074,False,
32.956240,-105.779337,False,
32.954276,-105.778868,False,
32.954114,-105.776781,False,
32.957835,-105.777385,False,
32.942096,-105.813333,True,2024-04
32.940471,-105.814076,False,
32.938818,-105.814884,False,
32.938261,-105.815137,False,
32.938020,-105.813001,False,
32.938867,-105.810990,False,
32.936405,-105.813000,False,
32.935792,-105.812973,False,
32.934210,-105.809717,False,
32.937234,-105.816475,False,
32.940841,-105.815422,False,
32.944647,-105.818111,False,
32.943557,-105.822956,False,
32.989844,-105.787348,False,
32.996197,-105.871204,False,
32.995374,-105.874151,False,
32.995346,-105.875264,False,
32.996325,-105.877091,False,
33.003993,-105.866830,False,
33.005571,-105.867539,False,
33.006878,-105.868094,False,
33.007788,-105.867632,True,2024-04
33.009142,-105.867048,True,2024-04
33.009721,-105.865581,True,2024-04
33.010168,-105.864441,True,2024-04
33.010605,-105.863307,True,2024-04
33.011494,-105.862952,True,2024-04
33.012160,-105.861913,True,2024-04
33.013252,-105.861991,False,
33.014641,-105.864542,False,
33.016404,-105.865066,False,
33.016628,-105.864327,False,
33.012842,-105.859846,False,
33.012855,-105.857603,False,
33.013482,-105.854681,False,
33.011961,-105.864089,False,
33.012650,-105.867727,False,
33.005430,-105.865354,False,
32.987610,-105.883958,False,
32.825165,-105.980401,False,
32.824241,-105.980397,False,
32.822400,-105.978234,False,
32.822400,-105.979570,False,
32.820096,-105.980426,False,
32.820174,-105.982310,False,
32.820281,-105.984214,False,
32.820467,-105.987282,False,
32.804043,-105.981257,True,2024-04
32.803371,-105.982856,False,
32.804045,-105.984383,True,2024-04
32.803204,-105.986609,True,2024-04
32.802634,-105.986617,True,2024-04
32.801509,-105.986622,True,2024-04
32.800467,-105.986629,True,2024-04
32.799351,-105.987047,True,2024-04
32.798453,-105.987034,True,2024-04
32.797587,-105.987035,True,2024-04
32.800372,-105.989303,True,2024-04
32.800377,-105.993705,True,2024-04
32.800370,-105.995934,True,2024-04
32.802210,-105.997067,False,
32.798833,-105.994818,False,
32.797526,-105.994833,False,
32.797564,-105.994637,False,
32.799154,-105.991532,False,
32.798153,-105.991529,False,
32.789435,-105.984161,False,
32.789155,-105.985908,False,
32.788903,-105.987476,False,
32.788652,-105.989014,False,
32.788129,-105.992201,False,
32.787847,-105.993944,False,
32.747183,-105.991478,False,
32.746222,-105.991415,False,
32.810086,-105.979248,True,2024-04
32.829736,-105.977159,False,
32.696772,-105.999789,False,
32.717598,-105.996376,False,
32.740580,-105.991304,False,
32.756347,-105.980014,True,2024-04
32.756341,-105.977738,True,2024-04
32.756333,-105.975454,True,2024-04
32.760163,-105.977688,False,
32.759093,-105.973410,True,2024-04
32.741210,-105.984251,True,2024-04
32.740113,-105.984247,True,2024-04
32.738807,-105.984149,True,2024-04
32.737490,-105.984144,True,2024-04
32.736320,-105.984140,True,2024-04
32.736470,-105.983876,True,2024-04
32.734983,-105.984139,True,2024-04
32.733763,-105.984134,True,2024-04
32.732709,-105.984130,True,2024-04
32.730641,-105.984113,True,2024-04
32.729171,-105.984104,True,2024-04
32.745255,-105.986259,False,
32.797798,-105.962956,False,
32.796412,-105.962950,False,
32.795518,-105.962945,False,
32.773353,-105.950582,False,
32.773248,-105.952204,False,
32.773147,-105.953826,False,
32.772943,-105.957071,False,
32.772834,-105.958680,False,
32.771721,-105.958559,False,
32.771749,-105.959701,False,
32.771772,-105.954084,False,
32.770359,-105.954079,False,
32.768986,-105.954076,False,
32.767639,-105.954076,False,
32.766270,-105.954066,False,
32.765107,-105.951465,False,
32.766269,-105.955495,False,
32.766262,-105.958362,False,
32.766252,-105.960504,False,
32.766236,-105.962507,True,2024-04
32.766124,-105.962582,True,2024-04
32.763587,-105.962577,True,2024-04
32.761434,-105.962569,True,2024-04
32.760876,-105.963871,False,
32.759276,-105.962565,True,2024-04
32.758209,-105.962558,True,2024-04
32.757123,-105.962562,True,2024-04
32.757135,-105.960488,True,2024-04
32.757130,-105.957274,True,2024-04
32.757137,-105.955125,True,2024-04
32.763598,-105.960580,False,
32.784526,-105.948892,True,2024-04
32.784501,-105.951375,True,2024-04
32.783445,-105.952312,True,2024-04
32.782216,-105.953673,True,2024-04
32.782119,-105.955725,True,2024-04
32.782110,-105.958223,True,2024-04
32.782104,-105.960719,True,2024-04
32.784488,-105.953876,True,2024-04
32.784491,-105.956312,True,2024-04
32.792885,-105.942187,False,
32.791952,-105.944096,False,
32.967285,-105.995933,False,
32.965974,-105.995931,False,
32.963665,-105.995934,True,2024-04
32.962256,-105.996116,True,2024-04
32.987071,-105.994935,True,2024-04
33.020970,-106.019329,False,
33.047539,-106.026106,False,
33.047542,-106.060647,True,2024-04
33.047541,-106.062955,True,2024-04
33.047741,-106.063219,True,2024-04
33.048632,-106.063198,True,2024-04
33.048558,-106.066557,False,
33.041261,-106.053280,False,
33.041264,-106.052394,False,
33.042230,-106.050923,False,
33.043853,-106.050950,False,
33.050841,-106.048049,True,2024-04
33.050851,-106.050527,True,2024-04
33.069507,-106.054169,True,2024-04
33.057609,-106.046857,False,
33.043901,-106.033593,False,
33.043901,-106.032155,False,
33.017500,-106.032375,False,
33.015549,-106.029344,False,
33.013699,-106.029323,False,
33.013696,-106.031920,False,
33.013685,-106.034509,False,
33.014329,-106.035527,False,
33.015086,-106.035529,False,
33.015970,-106.035540,False,
33.015547,-106.031935,False,
33.011010,-106.031019,False,
33.011003,-106.033947,False,
33.011001,-106.035407,False,
33.010997,-106.037988,False,
33.010991,-106.040888,False,
33.012353,-106.040965,False,
33.014718,-106.040983,False,
33.009786,-106.036544,False,
33.007637,-106.036543,False,
33.012181,-106.036553,False,
33.078298,-106.086830,False,
33.078276,-106.089167,False,
33.079512,-106.089117,False,
33.082339,-106.048558,False,
33.082348,-106.050639,False,
33.086317,-106.054109,False,
33.086354,-106.055569,False,
33.085470,-106.056810,False,
33.131924,-106.046716,False,
33.131796,-106.049127,False,
33.132976,-106.050160,False,
33.144351,-106.050412,False,
33.144115,-106.051672,False,
33.210544,-106.038744,False,
33.210396,-106.035549,False,
33.210315,-106.033851,False,
33.210113,-106.030399,False,
33.210076,-106.028970,False,
33.209916,-106.025905,False,
33.314078,-106.079579,False,
33.313807,-106.081235,False,
33.325356,-106.080859,False,
33.370673,-105.960717,False,
33.093332,-106.032217,False,
33.080512,-106.066829,False,
33.081584,-106.066831,False,
33.082728,-106.066832,False,
33.077631,-106.077183,False,
33.001606,-106.012584,False,
32.999999,-106.012254,False,
32.999172,-106.012504,False,
32.959882,-106.029033,False,
32.959875,-106.032197,False,
32.959864,-106.033745,False,
32.959863,-106.036933,False,
32.959858,-106.038507,False,
32.959735,-106.040088,False,
32.957113,-106.040156,False,
32.959840,-106.043242,False,
32.959844,-106.044820,False,
32.959845,-106.047206,False,
32.959911,-106.049643,False,
32.959885,-106.052301,False,
32.959912,-106.054871,False,
32.973817,-106.020207,False,
32.982762,-106.016727,False,
32.984859,-106.016689,False,
32.948362,-106.015321,False,
32.946191,-106.015279,True,2021-07
32.944751,-106.015268,True,2021-07
32.943301,-106.015253,True,2021-07
32.941851,-106.015240,True,2021-07
32.940478,-106.015230,True,2021-07
32.939097,-106.015214,True,2021-07
32.938091,-106.015205,False,
32.936767,-106.015194,False,
32.936265,-106.015180,False,
32.934974,-106.015169,False,
32.933874,-106.015158,False,
32.932700,-106.015142,False,
32.931532,-106.015112,True,2022-07
32.930747,-106.016435,False,
32.929950,-106.017757,False,
32.929151,-106.019082,False,
32.928358,-106.020398,False,
32.927553,-106.021719,False,
32.926757,-106.023052,False,
32.925955,-106.024381,False,
32.925160,-106.025703,False,
32.924371,-106.027016,False,
32.923563,-106.028353,False,
32.922762,-106.029687,False,
32.921972,-106.031000,False,
32.921171,-106.032329,False,
32.920377,-106.033646,False,
32.919578,-106.034968,False,
32.791826,-106.143248,False,
32.790483,-106.143259,False,
32.789157,-106.143244,False,
32.787833,-106.143232,False,
32.786488,-106.143213,False,
32.785154,-106.143203,False,
32.783831,-106.143168,False,
32.782496,-106.143171,False,
32.781164,-106.143155,False,
32.779848,-106.143145,False,
32.778491,-106.143134,False,
32.777159,-106.143120,False,
32.775834,-106.143111,False,
32.774498,-106.143095,False,
32.773168,-106.143084,False,
32.771828,-106.143071,False,
32.770485,-106.143060,False,
32.769164,-106.143045,False,
32.767821,-106.143036,False,
32.766494,-106.143022,False,
32.765148,-106.143014,False,
32.763837,-106.142996,False,
32.762476,-106.142981,False,
32.761151,-106.142968,False,
32.759826,-106.142953,False,
32.759071,-106.142933,False,
32.757517,-106.142917,False,
32.756191,-106.142908,False,
32.754843,-106.142909,False,
32.753494,-106.142904,False,
32.752160,-106.142886,False,
32.750824,-106.142876,False,
32.749726,-106.142860,False,
32.747322,-106.142837,False,
32.745658,-106.142838,False,
32.743305,-106.142116,False,
32.742059,-106.141741,False,
32.739808,-106.141060,False,
32.737294,-106.140294,False,
32.735998,-106.139896,False,
32.734941,-106.139582,False,
32.733616,-106.139180,False,
32.732311,-106.138781,False,
32.729669,-106.137975,False,
32.728381,-106.137593,False,
32.727151,-106.137226,False,
32.725861,-106.136831,False,
32.723890,-106.136239,False,
32.721312,-106.135441,False,
32.720017,-106.135056,False,
32.718719,-106.134668,False,
32.717437,-106.134275,False,
32.716138,-106.133886,False,
32.713561,-106.133103,False,
32.712271,-106.132712,False,
32.710986,-106.132310,False,
32.709691,-106.131915,False,
32.708399,-106.131518,False,
32.706270,-106.130867,False,
32.704953,-106.130462,False,
32.703782,-106.130111,False,
32.702372,-106.128775,False,
32.700949,-106.127065,False,
32.700012,-106.125720,False,
32.700640,-106.122645,False,
32.700961,-106.121019,False,
32.701303,-106.119394,False,
32.701634,-106.117807,False,
32.701983,-106.116243,False,
32.702628,-106.113074,False,
32.702917,-106.111640,False,
32.703228,-106.110138,False,
32.703216,-106.127194,False,
33.020451,-105.851064,False,
33.022596,-105.850840,True,2024-04
33.023195,-105.850678,False,
33.020730,-105.853546,True,2024-04
33.021110,-105.857139,False,
33.020690,-105.858064,False,
33.019619,-105.860299,False,
33.019360,-105.861266,False,
33.018966,-105.864166,False,
33.018939,-105.865790,False,
33.018957,-105.867912,False,
33.018985,-105.870743,False,
33.020072,-105.869808,False,
33.016483,-105.868728,False,
33.015840,-105.869418,False,
33.016206,-105.870684,False,
33.015963,-105.871426,False,
33.019428,-105.855694,True,2024-04
33.019133,-105.856208,True,2024-04
33.017482,-105.857774,True,2024-04
33.017765,-105.854436,False,
33.015625,-105.854907,False,
33.015535,-105.857152,False,
33.008447,-105.840550,False,
33.008933,-105.837744,False,
33.009200,-105.836179,False,
32.999634,-105.834568,False,
33.000365,-105.833760,False,
33.001624,-105.832373,False,
33.002162,-105.831783,False,
33.002634,-105.831266,False,
33.003780,-105.830439,False,
33.004020,-105.828585,False,
33.004087,-105.828120,False,
32.952546,-105.834499,False,
32.945268,-105.839476,True,2024-04
32.942084,-105.840983,True,2024-04
32.941519,-105.842009,True,2024-04
32.941829,-105.843715,False,
32.942735,-105.844342,False,
32.939892,-105.842548,True,2024-04
32.938802,-105.843053,False,
32.938206,-105.841379,False,
32.936307,-105.838494,False,
32.935770,-105.838948,False,
32.934174,-105.839244,False,
32.934240,-105.839943,False,
32.940392,-105.839331,False,
32.939327,-105.838804,False,
32.938558,-105.838809,False,
32.942197,-105.838050,False,
32.941074,-105.809369,True,2024-04
32.941011,-105.806773,False,
32.941017,-105.804417,False,
32.940485,-105.804069,False,
32.940247,-105.801638,False,
32.938854,-105.803336,False,
32.939322,-105.805829,False,
32.938547,-105.806514,False,
32.938334,-105.803740,False,
32.939942,-105.798607,False,
32.939118,-105.795482,False,
32.938520,-105.794083,False,
32.938176,-105.791151,False,
32.936638,-105.787449,False,
32.936425,-105.785028,False,
32.939282,-105.808757,False,
32.937887,-105.809054,False,
32.940631,-105.825354,False,
32.942665,-105.828298,False,
32.944523,-105.831447,False,
32.944167,-105.832384,True,2024-04
32.943564,-105.826546,False,
32.944741,-105.827845,False,
32.943892,-105.827949,False,
32.989290,-105.870459,True,2024-04
32.988828,-105.868942,True,2024-04
33.000789,-105.868691,True,2024-04
33.002085,-105.868687,True,2024-04
33.002395,-105.868686,True,2024-04
33.001700,-105.870784,False,
33.001386,-105.874402,False,
32.999885,-105.871289,False,
32.999175,-105.874147,False,
32.992697,-105.878687,False,
32.992818,-105.878531,False,
32.994489,-105.879217,False,
32.995503,-105.879480,False,
32.996745,-105.879814,False,
32.998654,-105.879437,False,
32.805811,-105.995579,True,2024-04
32.805821,-105.997558,True,2024-04
32.807722,-106.002481,False,
32.807721,-106.005575,False,
32.807721,-106.007137,False,
32.807720,-106.010234,False,
32.807718,-106.011774,False,
32.807724,-106.014867,False,
32.807723,-106.016397,False,
32.807717,-106.019474,False,
32.807723,-106.021004,False,
32.806846,-106.022926,False,
32.809531,-105.983213,True,2024-04
32.810107,-105.983994,True,2024-04
32.810685,-105.983974,False,
32.809538,-105.986159,True,2022-07
32.809559,-105.988328,True,2022-07
32.810290,-105.988324,False,
32.800411,-105.981924,True,2024-04
32.799159,-105.984250,False,
32.797557,-105.984240,False,
32.754942,-105.989354,False,
32.755498,-105.992470,False,
32.756054,-105.995640,False,
32.756346,-105.997211,False,
32.756659,-105.998798,False,
32.769282,-105.987531,True,2024-04
32.770721,-105.987522,True,2024-04
32.771749,-105.987212,True,2024-04
32.779054,-105.985082,False,
32.778227,-105.986356,False,
32.776413,-105.986351,False,
32.775506,-105.986372,False,
32.774599,-105.986384,False,
32.710786,-105.998999,False,
32.710619,-106.000607,False,
32.743537,-105.979815,True,2024-04
32.743536,-105.977261,True,2024-04
32.744709,-105.975553,True,2022-07
32.746885,-105.975567,False,
32.748164,-105.975562,False,
32.749041,-105.975562,False,
32.749565,-105.973981,False,
32.749562,-105.972614,False,
32.749562,-105.977652,False,
32.748154,-105.978643,False,
32.745592,-105.974189,False,
32.745586,-105.972203,False,
32.745582,-105.969764,False,
32.745580,-105.967566,False,
32.743560,-105.974562,True,2024-04
32.743552,-105.971296,True,2024-04
32.743547,-105.969680,True,2024-04
32.743540,-105.967946,True,2024-04
32.743540,-105.965466,True,2024-04
32.741873,-105.964819,True,2024-04
32.740064,-105.964818,True,2024-04
32.740072,-105.963468,False,
32.738277,-105.964813,True,2024-04
32.735812,-105.964680,False,
32.743528,-105.962786,True,2024-04
32.744524,-105.962706,True,2024-04
32.744479,-105.961912,False,
32.746951,-105.961911,False,
32.743725,-105.960527,True,2024-04
32.743919,-105.958829,True,2024-04
32.744155,-105.956687,True,2024-04
32.744325,-105.954711,True,2024-04
32.744327,-105.952233,True,2024-04
32.744324,-105.950505,True,2024-04
32.744333,-105.948782,True,2024-04
32.744334,-105.947058,True,2024-04
32.744699,-105.945589,True,2024-04
32.744699,-105.942805,True,2024-04
32.744699,-105.939819,True,2024-04
32.744708,-105.938352,True,2024-04
32.744476,-105.935726,True,2024-04
32.744958,-105.932944,True,2024-04
32.745415,-105.931666,True,2024-04
32.745870,-105.930389,True,2020-03
32.746423,-105.928878,False,
32.746880,-105.926296,True,2024-04
32.746918,-105.924630,True,2021-04
32.746976,-105.921795,True,2024-04
32.747008,-105.920296,True,2021-04
32.743113,-105.939181,False,
32.741867,-105.939184,False,
32.740633,-105.939206,False,
32.739394,-105.939206,False,
32.746797,-105.945611,True,2024-04
32.748568,-105.945633,True,2024-04
32.750747,-105.945655,True,2024-04
32.752456,-105.945692,True,2024-04
32.753462,-105.945718,True,2024-04
32.754468,-105.945694,True,2024-04
32.755453,-105.947267,False,
32.756647,-105.947123,False,
32.746437,-105.950854,False,
32.746981,-105.953300,False,
32.748724,-105.953289,False,
32.749626,-105.953290,False,
32.744338,-105.955485,True,2024-04
32.746473,-105.955477,False,
32.744850,-105.957999,False,
32.746393,-105.957983,False,
32.749114,-105.960435,False,
32.750001,-105.958289,False,
32.741883,-105.969126,True,2024-04
32.740071,-105.969118,True,2024-04
32.738259,-105.969113,True,2024-04
32.736319,-105.969108,True,2023-06
32.736314,-105.972146,True,2023-06
32.736542,-105.972120,True,2023-06
32.737647,-105.972124,False,
32.734009,-105.969107,False,
32.731886,-105.970037,False,
32.730773,-105.969690,False,
32.731053,-105.966780,False,
32.729827,-105.966792,False,
32.728599,-105.966790,False,
32.727363,-105.966784,False,
32.726357,-105.966756,False,
32.727360,-105.965088,False,
32.741775,-105.977265,True,2024-04
32.740895,-105.977274,True,2024-04
32.740006,-105.977270,True,2024-04
32.739122,-105.977270,True,2024-04
32.738233,-105.977264,True,2024-04
32.769887,-105.947132,False,
32.768588,-105.947082,False,
32.797995,-105.945675,True,2024-04
32.798440,-105.945676,True,2024-04
32.800814,-105.945673,True,2024-04
32.801960,-105.945676,True,2024-04
32.826455,-105.960456,True,2024-04
32.826450,-105.958192,True,2024-04
32.826447,-105.955798,True,2024-04
32.826442,-105.953517,True,2024-04
32.826438,-105.951228,True,2024-04
32.825459,-105.949836,True,2024-04
32.824264,-105.949826,True,2024-04
32.823203,-105.948460,True,2024-04
32.824275,-105.945888,True,2024-04
32.823189,-105.945518,True,2024-04
32.820915,-105.945499,True,2024-04
32.820976,-105.944719,True,2024-04
32.819020,-105.943674,True,2023-06
32.818079,-105.940895,True,2024-04
32.818076,-105.938314,True,2024-04
32.821675,-105.942786,True,2024-04
32.821431,-105.941752,True,2024-04
32.822449,-105.940872,True,2024-04
32.823184,-105.939840,True,2024-04
32.824436,-105.939841,True,2024-04
32.825557,-105.939846,True,2024-04
32.826779,-105.939850,False,
32.827447,-105.940783,False,
32.825568,-105.937926,True,2024-04
32.827226,-105.937284,False,
32.823250,-105.937927,True,2024-04
32.820928,-105.937919,True,2024-04
32.823674,-105.941761,True,2024-04
32.827463,-105.949844,True,2024-04
32.960028,-105.990244,True,2021-08
32.960052,-105.988095,True,2021-08
32.960082,-105.985646,True,2021-08
33.025614,-106.029617,False,
33.025604,-106.032758,False,
33.025603,-106.034340,False,
33.025595,-106.036630,False,
33.025878,-106.036636,False,
33.025596,-106.039055,False,
33.025853,-106.039876,False,
33.027090,-106.039881,False,
33.026833,-106.032756,False,
33.045079,-106.045268,False,
33.043937,-106.045218,False,
33.042723,-106.045159,False,
33.041514,-106.045105,False,
33.040281,-106.045038,False,
33.039484,-106.043695,False,
33.051000,-106.054418,True,2024-04
33.051982,-106.054414,False,
33.053342,-106.054417,False,
33.054287,-106.054420,False,
33.054901,-106.054428,False,
33.054925,-106.051247,False,
33.054943,-106.050013,False,
33.056335,-106.050022,False,
33.057578,-106.050015,False,
33.054977,-106.058590,False,
33.051207,-106.058744,False,
33.051215,-106.061030,False,
33.054853,-106.045561,True,2024-04
33.054910,-106.068361,False,
33.054917,-106.069994,False,
33.062117,-106.060806,True,2024-04
33.062135,-106.058544,True,2024-04
33.061195,-106.058654,False,
33.062149,-106.055681,True,2024-04
33.062155,-106.054337,True,2024-04
33.061224,-106.055354,True,2024-04
33.425862,-105.990952,False,
33.368301,-105.953716,False,
33.369229,-105.952547,False,
33.370955,-105.950502,False,
33.371987,-105.949315,False,
33.372903,-105.948230,False,
33.373829,-105.947082,False,
33.374789,-105.945968,False,
33.375762,-105.944790,False,
33.376718,-105.943631,False,
33.377686,-105.942507,False,
33.378622,-105.941391,False,
33.379504,-105.940299,False,
33.380468,-105.939168,False,
33.381406,-105.938048,False,
33.382355,-105.936909,False,
33.383285,-105.935782,True,2024-04
33.384259,-105.934626,True,2024-04
33.385198,-105.933502,True,2024-04
33.386123,-105.932384,True,2024-04
33.387147,-105.931135,True,2024-04
33.388999,-105.931267,False,
33.384182,-105.928007,False,
33.382111,-105.925929,False,
33.379284,-105.924792,False,
33.378207,-105.924359,False,
33.382097,-105.923433,False,
33.381506,-105.922124,False,
33.380149,-105.919179,False,
33.378749,-105.916071,False,
33.378108,-105.914677,False,
33.377091,-105.911759,False,
33.376463,-105.910050,False,
33.375632,-105.907632,False,
33.375239,-105.904875,False,
33.109888,-106.062400,False,
33.109888,-106.065458,False,
33.109908,-106.067616,False,
33.111821,-106.062114,False,
33.113063,-106.062087,False,
33.114295,-106.062124,False,
33.115453,-106.062120,False,
33.116608,-106.062124,False,
33.117771,-106.062109,False,
33.106340,-106.063905,True,2024-04
33.106318,-106.065537,True,2024-04
33.106268,-106.068824,True,2024-04
33.106250,-106.070024,True,2024-04
33.106278,-106.072678,False,
33.106356,-106.075201,False,
33.107560,-106.075374,False,
33.109847,-106.075693,False,
33.106420,-106.077295,False,
33.104152,-106.077335,False,
33.102987,-106.077554,False,
33.093727,-106.036909,False,
33.096255,-106.037313,False,
33.098671,-106.036219,True,2024-04
33.099234,-106.035067,False,
33.101808,-106.034994,False,
33.098144,-106.033570,False,
33.099841,-106.032894,False,
33.096958,-106.032874,True,2024-04
33.095039,-106.035797,False,
33.077645,-106.047576,False,
33.077658,-106.050176,False,
33.077676,-106.051898,False,
33.077695,-106.054383,False,
33.077716,-106.056966,False,
33.077734,-106.059550,False,
33.079637,-106.053812,False,
33.079625,-106.051446,False,
33.079604,-106.048859,False,
33.079646,-106.054838,False,
33.079664,-106.057418,False,
33.079679,-106.059144,False,
32.939040,-106.031908,True,2022-07
32.937656,-106.033928,True,2009-05
32.936965,-106.034940,True,2009-05
32.936268,-106.035954,True,2009-05
32.935581,-106.036967,True,2009-05
32.934197,-106.038997,True,2009-05
32.933554,-106.040258,True,2009-05
32.986869,-106.000466,False,
32.987854,-105.999821,False,
32.989194,-105.998457,False,
32.990262,-105.998118,False,
